FirstName,LastName,FullName,PLYR_ASSETNAME,Row Excel,Row Editor,YearsPro,Age,PLYR_DRAFTROUND,Position,TeamIndex,ContractStatus,TraitDevelopment,OverallRating,SkillPoints,RegressionPoints,TeamName,RatingTier,SkillPointOff,SkillPointDef,SkillPointOL,SkillPointKick
Trey,Nance,Trey Nance,TreyNance_3063318,2,0,6,28,63,K,32,FreeAgent,Normal,66,0,0,FA,tier_6,,,,
Austin,Hoge,Austin Hoge,AustinHoge_3451,3,1,1,23,5,LG,5,Signed,Normal,69,0,2,TB,tier_6,,,,
Wy'Kevious,Davis,Wy'Kevious Davis,Wy'KeviousDavis_33425,4,2,2,24,4,WR,3,Signed,Normal,77,0,2,DEN,tier_4,,,,
Manu,Almas,Manu Almas,ManuAlmas_35541,5,3,0,23,5,FS,23,Signed,Normal,65,1,0,LAR,tier_6,,1.0,,
Chris,Ware,Chris Ware,ChrisWare_33628,6,4,2,24,6,DT,5,Signed,Normal,73,0,2,TB,tier_5,,-2.0,,
Austin,Collins,Austin Collins,,7,5,0,23,8,HB,32,Draft,Normal,64,0,0,FA,tier_6,,,,
Josh,Tanner,Josh Tanner,JoshTanner_30227,8,6,5,28,2,QB,32,Deleted,Normal,59,0,0,FA,tier_6,,,,
Dion,McPhee,Dion McPhee,DionMcPhee_33642,9,7,2,25,6,DT,7,Signed,Normal,65,0,2,LAC,tier_6,,,,
D'Angelo,Roberson,D'Angelo Roberson,D'AngeloRoberson_33411,10,8,2,24,4,DT,28,Signed,Normal,71,6,0,PIT,tier_5,,6.0,,
Shelton,Nash,Shelton Nash,SheltonNash_33416,11,9,2,24,4,LE,18,PracticeSquad,Normal,68,0,2,DET,tier_6,,,,
Micah,Branch,Micah Branch,MicahBranch_34423,12,10,1,24,4,CB,31,Signed,Normal,72,0,6,HOU,tier_5,,-6.0,,
Dakota,Mooney,Dakota Mooney,DakotaMooney_3345,13,11,2,25,4,LG,16,Signed,Normal,70,0,2,JAX,tier_5,,,,
Zach,Webber,Zach Webber,ZachWebber_33317,14,12,2,25,3,ROLB,7,Signed,Normal,76,4,0,LAC,tier_4,,4.0,,
Solomon,Ojo,Solomon Ojo,SolomonOjo_34629,15,13,1,24,6,LG,4,PracticeSquad,Normal,63,0,2,CLE,tier_6,,,,
Terry,Hatcher,Terry Hatcher,TerryHatcher_31616,16,14,4,27,6,WR,23,Signed,Normal,76,0,3,LAR,tier_4,-3.0,,,
Zai,Blakley,Zai Blakley,ZaiBlakley_33312,17,15,2,23,3,SS,11,Signed,Normal,68,0,2,MIA,tier_6,,,,
Kevin,Richardson,Kevin Richardson,,18,16,0,23,8,K,32,Draft,Normal,68,0,0,FA,tier_6,,,,
Dedryck,Waters,Dedryck Waters,DedryckWaters_3557,19,17,0,23,63,WR,24,PracticeSquad,Normal,66,0,1,BAL,tier_6,,,,
Jaylin,Davies,Jaylin Davies,JaylinDavies_73,20,18,9,32,7,CB,11,Signed,Star,75,0,1,MIA,tier_4,,-1.0,,
Lasalo,Ey-Satuala,Lasalo Ey-Satuala,LasaloEy-Satuala_534,21,19,5,27,5,LOLB,21,Signed,Star,69,0,2,NE,tier_6,,,,
Chris,McLeod,Chris McLeod,ChrisMcLeod_33311,22,20,2,24,3,RE,28,Signed,Normal,83,5,0,PIT,tier_3,,5.0,,
Adonis,Hodge,Adonis Hodge,AdonisHodge_3348,23,21,2,26,4,CB,27,Signed,Normal,81,0,1,SEA,tier_3,,-1.0,,
Turner,Veldman,Turner Veldman,TurnerVeldman_3444,24,22,1,24,4,TE,13,Signed,Normal,70,0,2,ATL,tier_5,,,,
Emmett,Pinkins,Emmett Pinkins,EmmettPinkins_3563417,25,23,0,22,63,CB,22,PracticeSquad,Normal,63,0,1,LV,tier_6,,,,
Terrell,Washington Jr,Terrell Washington Jr,TerrellWashington Jr_35210,26,24,0,22,2,WR,13,Signed,Normal,74,2,0,ATL,tier_5,2.0,,,
Devin,Cannon,Devin Cannon,,27,25,0,23,7,WR,32,Draft,Normal,66,0,0,FA,tier_6,,,,
Alex,Payne,Alex Payne,AlexPayne_29425,28,26,7,30,4,LT,32,FreeAgent,Normal,63,0,0,FA,tier_6,,,,
Omarion,Miller,Omarion Miller,OmarionMiller_513,29,27,9,31,5,WR,9,Signed,Star,82,1,0,IND,tier_3,1.0,,,
Matthew,Whitehead,Matthew Whitehead,MatthewWhitehead_31422,30,28,4,26,4,DT,19,Signed,Star,85,0,3,GB,tier_2,,,,
George,Hubbard,George Hubbard,GeorgeHubbard_3455,31,29,1,24,5,HB,18,Signed,Normal,72,0,1,DET,tier_5,,,,
Knox,Ward,Knox Ward,KnoxWard_31315,32,30,4,27,3,RG,5,Signed,Star,86,0,3,TB,tier_2,,,,
Kevin,Tillman,Kevin Tillman,,33,31,0,22,8,QB,32,Draft,Normal,61,0,0,FA,tier_6,,,,
Zaire,Dobbins,Zaire Dobbins,ZaireDobbins_34337,34,32,1,23,3,ROLB,4,Signed,Normal,73,0,6,CLE,tier_5,,-6.0,,
Nikai,McCoy,Nikai McCoy,NikaiMcCoy_33313,35,33,2,23,3,DT,5,Signed,Normal,76,0,2,TB,tier_4,,-2.0,,
Chris,Ryans,Chris Ryans,ChrisRyans_3028,36,34,5,26,2,HB,26,Signed,Star,70,0,1,NO,tier_5,,,,
Warren,McIntosh,Warren McIntosh,,37,35,0,22,4,WR,32,Draft,Normal,66,0,0,FA,tier_6,,,,
Lincoln,Byron,Lincoln Byron,LincolnByron_33316,38,36,2,23,3,LT,31,Signed,Normal,73,0,2,HOU,tier_5,,,,
Camden,Jennings,Camden Jennings,CamdenJennings_33330,39,37,2,23,3,WR,29,Signed,Star,75,3,0,TEN,tier_4,3.0,,,
Amarion,Johnson,Amarion Johnson,AmarionJohnson_33310,40,38,2,25,3,HB,2,Signed,Normal,77,1,0,BUF,tier_4,1.0,,,
Joey,Glenn,Joey Glenn,,41,39,0,22,3,C,32,Draft,Star,74,0,0,FA,tier_5,,,,
Nyles,Choice,Nyles Choice,NylesChoice_3363421,42,40,2,25,63,TE,24,Signed,Normal,69,7,0,BAL,tier_6,7.0,,,
Brian,Weaver,Brian Weaver,,43,41,0,22,6,CB,32,Draft,Normal,67,0,0,FA,tier_6,,,,
Chidike,Edochie,Chidike Edochie,ChidikeEdochie_34324,44,42,1,25,3,CB,1,Signed,Normal,77,0,1,CIN,tier_4,,-1.0,,
Ramon,Waynes,Ramon Waynes,RamonWaynes_30415,45,43,6,29,4,SS,32,FreeAgent,Normal,63,0,0,FA,tier_6,,,,
Kedrick,Peete,Kedrick Peete,,46,44,0,21,1,LE,32,Draft,XFactor,79,0,0,FA,tier_4,,,,
Neiko,Malone,Neiko Malone,NeikoMalone_34411,47,45,1,23,4,WR,5,Signed,Normal,75,1,0,TB,tier_4,1.0,,,
Orlando,Borden,Orlando Borden,OrlandoBorden_3163406,48,46,5,28,63,FS,32,FreeAgent,Normal,61,0,0,FA,tier_6,,,,
Ekene,Ogboko,Ekene Ogboko,EkeneOgboko_120,49,47,6,27,1,RT,10,Signed,Star,77,2,0,DAL,tier_4,,,2.0,
Josh,Shelton,Josh Shelton,JoshShelton_3463253,50,48,1,24,63,LG,31,PracticeSquad,Normal,65,0,2,HOU,tier_6,,,,
Josh,Allen,Josh Allen,AllenJosh_13197,51,49,17,39,1,QB,32,Retired,Star,74,0,0,FA,tier_5,,,,
Duke,Aldridge,Duke Aldridge,DukeAldridge_3337,52,50,2,24,3,LE,18,Signed,Normal,76,0,6,DET,tier_4,,-6.0,,
Preston,Thompson,Preston Thompson,PrestonThompson_33319,53,51,3,24,3,RE,32,FreeAgent,Normal,62,0,0,FA,tier_6,,,,
Harlem,Berry,Harlem Berry,HarlemBerry_24,54,52,7,28,2,HB,29,Signed,Normal,72,0,4,TEN,tier_5,-4.0,,,
Alton,Beckham,Alton Beckham,AltonBeckham_3363437,55,53,2,25,63,WR,18,PracticeSquad,Normal,63,0,2,DET,tier_6,,,,
Tyler,Nicks,Tyler Nicks,TylerNicks_30627,56,54,5,27,6,HB,32,Retired,Normal,54,0,0,FA,tier_6,,,,
Conor,Stover,Conor Stover,ConorStover_31612,57,55,5,27,6,RG,32,FreeAgent,Normal,62,0,0,FA,tier_6,,,,
J.T.,Johnson,J.T. Johnson,J.T.Johnson_3343,58,56,2,24,4,QB,21,Signed,Normal,61,0,0,NE,tier_6,,,,
Javon,Blackstock,Javon Blackstock,JavonBlackstock_3363430,59,57,2,24,63,WR,0,Signed,Normal,64,0,2,CHI,tier_6,,,,
Brian,Villarreal,Brian Villarreal,BrianVillarreal_3463228,60,58,1,24,63,ROLB,0,Signed,Normal,70,0,4,CHI,tier_5,,-4.0,,
Durell,Robinson,Durell Robinson,DurellRobinson_63297,61,59,10,32,63,HB,32,FreeAgent,Normal,65,0,0,FA,tier_6,,,,
Andrew,Lopez,Andrew Lopez,AndrewLopez_3563328,62,60,0,22,63,TE,12,Signed,Normal,68,0,1,PHI,tier_6,,,,
Justin,Williams,Justin Williams,JustinWilliams_220,63,61,8,29,2,ROLB,23,Signed,Star,86,0,2,LAR,tier_2,,-2.0,,
Chance,Keenan,Chance Keenan,ChanceKeenan_3563236,64,62,0,23,63,K,10,Signed,Normal,72,1,0,DAL,tier_5,,,,1.0
John,Harrell,John Harrell,,65,63,0,23,8,HB,32,Draft,Normal,65,0,0,FA,tier_6,,,,
Dominick,Nash,Dominick Nash,DominickNash_3417,66,64,1,22,1,CB,9,Signed,Normal,78,0,1,IND,tier_4,,-1.0,,
Will,Anderson Jr,Will Anderson Jr,AndersonJrWill_22702,67,65,12,33,1,LE,32,Deleted,Normal,60,0,0,FA,tier_6,,,,
Caleb,Davis,Caleb Davis,,68,66,0,22,6,RE,32,Draft,Normal,67,0,0,FA,tier_6,,,,
Gage,Matthews,Gage Matthews,GageMatthews_31716,69,67,5,28,7,MLB,32,FreeAgent,Normal,58,0,0,FA,tier_6,,,,
Lardaruis,Thomas-Jones,Lardaruis Thomas-Jones,LardaruisThomas-Jones_33216,70,68,2,24,2,SS,22,Signed,Normal,79,2,0,LV,tier_4,,2.0,,
Austin,Romaine,Austin Romaine,AustinRomaine_63268,71,69,8,31,63,MLB,22,Signed,Normal,75,0,1,LV,tier_4,,-1.0,,
Kentrell,Davenport,Kentrell Davenport,KentrellDavenport_33318,72,70,2,23,3,HB,22,Signed,XFactor,89,0,3,LV,tier_2,,,,
Marlon,Ndiaye,Marlon Ndiaye,MarlonNdiaye_3349,73,71,2,24,4,LE,23,Signed,Normal,67,0,3,LAR,tier_6,,-3.0,,
Rodney,Simms,Rodney Simms,,74,72,0,23,8,RT,32,Draft,Normal,61,0,0,FA,tier_6,,,,
Andy,Chambers,Andy Chambers,AndyChambers_3333,75,73,2,25,3,C,5,Signed,Star,67,0,2,TB,tier_6,,,,
Victor,McDonald,Victor McDonald,,76,74,0,22,8,RG,32,Draft,Normal,58,0,0,FA,tier_6,,,,
Jelani,Zuniga,Jelani Zuniga,JelaniZuniga_30111,77,75,5,27,1,LOLB,5,Signed,Superstar,85,0,5,TB,tier_2,,-5.0,,
Alex,Dawson,Alex Dawson,AlexDawson_35442,78,76,0,22,4,CB,16,Signed,Normal,71,4,0,JAX,tier_5,,4.0,,
Zekai,Saunders,Zekai Saunders,ZekaiSaunders_30414,79,77,5,28,4,MLB,4,Signed,XFactor,90,0,2,CLE,tier_1,,-2.0,,
Ari,Watford,Ari Watford,AriWatford_29121,80,78,7,29,1,LE,32,FreeAgent,Normal,64,0,0,FA,tier_6,,,,
Mark,Andrews,Mark Andrews,AndrewsMark_13112,81,79,14,36,3,TE,32,Retired,Normal,67,0,0,FA,tier_6,,,,
Sean,Maddox,Sean Maddox,SeanMaddox_35510,82,80,0,23,5,RT,9,Signed,Normal,70,0,1,IND,tier_5,,,-1.0,
Mylan,Graham,Mylan Graham,,83,81,7,30,5,WR,32,Deleted,Normal,72,0,0,FA,tier_5,,,,
Max,Timmons,Max Timmons,,84,82,0,21,8,WR,32,Draft,Normal,62,0,0,FA,tier_6,,,,
Louis,Hart,Louis Hart,LouisHart_33727,85,83,2,24,7,RG,0,Signed,Normal,65,0,2,CHI,tier_6,,,,
Bryce,Young,Bryce Young,,86,84,0,22,8,CB,32,Draft,Normal,64,0,0,FA,tier_6,,,,
Kamal,Brooks,Kamal Brooks,KamalBrooks_33325,87,85,2,24,3,CB,19,Signed,Star,80,0,0,GB,tier_3,,0.0,,
Jack,Burke,Jack Burke,,88,86,0,21,3,C,32,Draft,Star,74,0,0,FA,tier_5,,,,
Craig,Childress,Craig Childress,,89,87,0,21,8,LT,32,Draft,Normal,64,0,0,FA,tier_6,,,,
Amir,Campbell,Amir Campbell,AmirCampbell_3353,90,88,2,25,5,WR,6,Signed,Normal,64,0,2,ARI,tier_6,,,,
Anthony,Brayton,Anthony Brayton,,91,89,0,20,1,CB,32,Draft,Star,75,0,0,FA,tier_4,,,,
Brice,Rutledge,Brice Rutledge,BriceRutledge_30116,92,90,5,26,1,TE,9,Signed,Star,78,1,4,IND,tier_4,-3.0,,,
Reid,Nortman,Reid Nortman,ReidNortman_35634,93,91,0,23,6,LE,1,Signed,Normal,66,0,3,CIN,tier_6,,-3.0,,
Will,McGee,Will McGee,,94,92,0,22,1,LE,32,Draft,Normal,77,0,0,FA,tier_4,,,,
Ahmad,Lawson,Ahmad Lawson,,95,93,0,21,6,LE,32,Draft,Superstar,70,0,0,FA,tier_5,,,,
Rasheem,Jones,Rasheem Jones,RasheemJones_3042,96,94,5,26,4,ROLB,17,Signed,Normal,74,0,2,NYJ,tier_5,,,,
Keelene,Valentine,Keelene Valentine,KeeleneValentine_3568,97,95,0,24,6,RE,20,Signed,Normal,67,0,3,CAR,tier_6,,-3.0,,
Tony,Jowers,Tony Jowers,,98,96,0,21,2,LT,32,Draft,Normal,72,0,0,FA,tier_5,,,,
Brendan,Woodall,Brendan Woodall,BrendanWoodall_3063346,99,97,6,29,63,LG,32,FreeAgent,Normal,61,0,0,FA,tier_6,,,,
Kenny,Peterson,Kenny Peterson,KennyPeterson_3563452,100,98,1,24,63,HB,32,FreeAgent,Normal,59,0,0,FA,tier_6,,,,
Kennedy,McDowell,Kennedy McDowell,KennedyMcDowell_518,101,99,7,29,5,ROLB,18,Signed,Star,68,0,1,DET,tier_6,,-1.0,,
Devin,Howard Jr,Devin Howard Jr,DevinHoward Jr_33322,102,100,2,24,3,LE,28,Signed,Normal,70,0,2,PIT,tier_5,,,,
Randall,Brown,Randall Brown,,103,101,0,23,5,RG,32,Draft,Normal,68,0,0,FA,tier_6,,,,
Aaron,Werner,Aaron Werner,AaronWerner_34425,104,102,1,23,4,RE,20,Signed,Normal,71,0,0,CAR,tier_5,,0.0,,
Deon,George,Deon George,DeonGeorge_33231,105,103,2,25,2,LOLB,1,Signed,Star,78,0,5,CIN,tier_4,,-5.0,,
LaMichael,Grubbs,LaMichael Grubbs,,106,104,0,22,8,LE,32,Draft,Normal,60,0,0,FA,tier_6,,,,
Rickey,Gibson III,Rickey Gibson III,RickeyGibson III_63292,107,105,7,30,63,CB,15,Signed,Normal,70,0,2,NYG,tier_5,,,,
Austin,Middlebrooks,Austin Middlebrooks,AustinMiddlebrooks_3339,108,106,2,24,3,FS,26,Signed,Normal,69,0,1,NO,tier_6,,-1.0,,
Matt,Jeffries,Matt Jeffries,,109,107,0,23,3,TE,32,Draft,Normal,63,0,0,FA,tier_6,,,,
Rashaud,Burnett,Rashaud Burnett,RashaudBurnett_3578,110,108,0,23,7,LOLB,13,Signed,Normal,66,0,5,ATL,tier_6,,-5.0,,
Dijon,Lee,Dijon Lee,DijonLee_116,111,109,8,29,1,CB,32,FreeAgent,Normal,67,0,0,FA,tier_6,,,,
Dillon,Tyson,Dillon Tyson,DillonTyson_33713,112,110,2,24,7,C,18,Signed,Normal,71,0,2,DET,tier_5,,,,
Jack,Velling,Jack Velling,JackVelling_325,113,111,10,33,3,TE,32,FreeAgent,Normal,61,0,0,FA,tier_6,,,,
De'ron,McIntosh,De'ron McIntosh,De'ronMcIntosh_3127,114,112,4,26,2,RE,18,Signed,Normal,66,0,0,DET,tier_6,,0.0,,
Tyson,Pierce,Tyson Pierce,TysonPierce_35324,115,113,0,21,3,C,13,Signed,Normal,67,0,1,ATL,tier_6,,,,
P.J.,Gales,P.J. Gales,P.J.Gales_35730,116,114,0,22,7,HB,22,Signed,Normal,68,0,1,LV,tier_6,,,,
Jamerson,Snell,Jamerson Snell,,117,115,0,22,6,LE,32,Draft,Normal,65,0,0,FA,tier_6,,,,
Elijah,Newsome,Elijah Newsome,,118,116,0,22,8,LG,32,Draft,Normal,61,0,0,FA,tier_6,,,,
James,Jenkins,James Jenkins,JamesJenkins_430,119,117,8,31,4,LG,32,FreeAgent,Normal,62,0,0,FA,tier_6,,,,
Moses,Nash,Moses Nash,MosesNash_3153,120,118,5,28,5,RE,32,FreeAgent,Normal,66,0,0,FA,tier_6,,,,
Derek,Washington,Derek Washington,DerekWashington_34738,121,119,1,24,7,WR,20,Signed,Normal,66,0,2,CAR,tier_6,,,,
Zachry,Harden,Zachry Harden,ZachryHarden_29637,122,120,6,28,6,SS,20,Signed,Star,69,5,0,CAR,tier_6,,5.0,,
Hugh,Winslow,Hugh Winslow,,123,121,0,23,8,CB,32,Draft,Normal,60,0,0,FA,tier_6,,,,
Kai,Lasley,Kai Lasley,KaiLasley_3363273,124,122,2,25,63,LE,32,Deleted,Normal,58,0,0,FA,tier_6,,,,
Kirk,Addison,Kirk Addison,KirkAddison_33327,125,123,2,24,3,CB,8,Signed,Star,79,0,0,KC,tier_4,,0.0,,
Damian,Hatcher,Damian Hatcher,,126,124,0,23,8,CB,32,Draft,Star,68,0,0,FA,tier_6,,,,
J'Vari,Myers,J'Vari Myers,J'VariMyers_31311,127,125,4,25,3,DT,24,Signed,Star,82,1,0,BAL,tier_3,,1.0,,
Phillip,Haden,Phillip Haden,,128,126,0,22,7,HB,32,Draft,Normal,67,0,0,FA,tier_6,,,,
Rudy,McKnight,Rudy McKnight,,129,127,0,23,8,CB,32,Draft,Normal,61,0,0,FA,tier_6,,,,
Dell,Virgil,Dell Virgil,DellVirgil_33230,130,128,2,25,2,WR,20,Signed,Normal,77,0,4,CAR,tier_4,-4.0,,,
Jalen,Wilford,Jalen Wilford,,131,129,0,22,8,LE,32,Draft,Normal,62,0,0,FA,tier_6,,,,
Greg,Kramer,Greg Kramer,,132,130,0,21,3,DT,32,Draft,Star,72,0,0,FA,tier_5,,,,
Budda,Baker,Budda Baker,BakerBudda_12549,133,131,15,36,2,SS,32,Retired,Normal,67,0,0,FA,tier_6,,,,
Chris,King,Chris King,ChrisKing_528,134,132,10,32,5,DT,32,FreeAgent,Normal,65,0,0,FA,tier_6,,,,
Jameel,Bromley,Jameel Bromley,,135,133,0,23,2,FS,32,Draft,Normal,71,0,0,FA,tier_5,,,,
Nick,Edwards,Nick Edwards,,136,134,0,22,8,QB,32,Draft,Normal,65,0,0,FA,tier_6,,,,
Peter,Fowler,Peter Fowler,PeterFowler_33315,137,135,3,25,3,LE,32,FreeAgent,Normal,68,0,0,FA,tier_6,,,,
Alijah,McGhee,Alijah McGhee,AlijahMcGhee_3463227,138,136,1,24,63,FS,30,Signed,Normal,66,0,4,MIN,tier_6,,-4.0,,
D.J.,Hanna,D.J. Hanna,D.J.Hanna_30329,139,137,6,28,3,ROLB,32,FreeAgent,Normal,65,0,0,FA,tier_6,,,,
Max,Woods,Max Woods,,140,138,0,22,8,DT,32,Draft,Normal,55,0,0,FA,tier_6,,,,
Jarrick,Bone,Jarrick Bone,JarrickBone_33711,141,139,2,24,7,CB,29,PracticeSquad,Normal,65,0,2,TEN,tier_6,,,,
Quentin,Adams,Quentin Adams,QuentinAdams_3332,142,140,2,24,3,LG,8,Signed,Normal,67,1,0,KC,tier_6,,,1.0,
Jose,Lincoln,Jose Lincoln,,143,141,0,23,8,CB,32,Draft,Normal,58,0,0,FA,tier_6,,,,
James,Stanley,James Stanley,JamesStanley_3563363,144,142,0,23,63,QB,32,Deleted,Normal,56,0,0,FA,tier_6,,,,
Julian,Spearman,Julian Spearman,JulianSpearman_3336,145,143,2,23,3,SS,16,Signed,Normal,70,0,4,JAX,tier_5,,-4.0,,
Hollis,Cheatham,Hollis Cheatham,HollisCheatham_3563362,146,144,0,22,63,RE,9,PracticeSquad,Normal,63,0,1,IND,tier_6,,,,
Trevor,Williams,Trevor Williams,TrevorWilliams_3334,147,145,2,25,3,TE,9,Signed,Normal,70,3,0,IND,tier_5,3.0,,,
Adam,White,Adam White,,148,146,0,21,8,C,32,Draft,Normal,57,0,0,FA,tier_6,,,,
Cody,Carr,Cody Carr,CodyCarr_3463246,149,147,1,23,63,RE,25,PracticeSquad,Normal,66,0,2,WAS,tier_6,,,,
Shaun,Pope,Shaun Pope,ShaunPope_3563294,150,148,1,22,63,QB,32,FreeAgent,Normal,60,0,0,FA,tier_6,,,,
Malik,James,Malik James,MalikJames_3338,151,149,2,24,3,CB,10,Signed,Normal,79,0,1,DAL,tier_4,,-1.0,,
Stone,Blanton,Stone Blanton,,152,150,9,31,2,ROLB,32,Retired,Normal,54,0,0,FA,tier_6,,,,
Doug,Pryor III,Doug Pryor III,DougPryor III_3421,153,151,1,22,2,HB,24,Signed,Normal,76,0,0,BAL,tier_4,0.0,,,
Aidan,Chambers,Aidan Chambers,AidanChambers_33224,154,152,2,24,2,WR,26,Signed,Normal,72,0,4,NO,tier_5,-4.0,,,
Zeke,Brennan Jr,Zeke Brennan Jr,ZekeBrennan Jr_3563354,155,153,1,23,63,CB,32,FreeAgent,Normal,62,0,0,FA,tier_6,,,,
Amar'e,Patrick,Amar'e Patrick,,156,154,0,23,7,DT,32,Draft,Normal,63,0,0,FA,tier_6,,,,
Derek,Williams Jr,Derek Williams Jr,DerekWilliams Jr_34,157,155,8,30,3,FS,29,Signed,Star,68,0,2,TEN,tier_6,,-2.0,,
Henrik,Carroll,Henrik Carroll,HenrikCarroll_30115,158,156,6,29,1,QB,32,FreeAgent,Normal,63,0,0,FA,tier_6,,,,
Turbo,Saxton,Turbo Saxton,TurboSaxton_3115,159,157,4,25,1,CB,22,Signed,XFactor,97,0,0,LV,tier_0,,0.0,,
Webber,Thomas,Webber Thomas,WebberThomas_33229,160,158,2,24,2,FS,19,Signed,Normal,63,0,2,GB,tier_6,,,,
Kyrie,Walls,Kyrie Walls,,161,159,0,21,8,HB,32,Draft,Normal,64,0,0,FA,tier_6,,,,
Ronnie,Stokes,Ronnie Stokes,,162,160,0,21,8,ROLB,32,Draft,Normal,65,0,0,FA,tier_6,,,,
Caleb,Lampman,Caleb Lampman,CalebLampman_3363386,163,161,2,24,63,RT,27,PracticeSquad,Normal,63,0,2,SEA,tier_6,,,,
Teran,Cox,Teran Cox,TeranCox_3163323,164,162,5,27,63,LOLB,32,FreeAgent,Normal,60,0,0,FA,tier_6,,,,
DaWann,Huff Jr,DaWann Huff Jr,DaWannHuff Jr_31213,165,163,4,25,2,ROLB,9,Signed,Normal,70,1,0,IND,tier_5,,1.0,,
Matrell,Carter,Matrell Carter,MatrellCarter_31527,166,164,4,27,5,HB,14,Signed,Normal,73,7,0,SF,tier_5,7.0,,,
Dontari,Young,Dontari Young,DontariYoung_32111,167,165,3,24,1,CB,5,Signed,Star,88,0,3,TB,tier_2,,,,
Adrian,Randle,Adrian Randle,AdrianRandle_3363275,168,166,2,24,63,DT,31,Signed,Normal,62,0,2,HOU,tier_6,,,,
Paul,Donaldson,Paul Donaldson,PaulDonaldson_33314,169,167,2,24,3,LT,30,Signed,Normal,68,0,2,MIN,tier_6,,,,
Gregory,Harding,Gregory Harding,GregoryHarding_33227,170,168,2,24,2,CB,0,Signed,Normal,84,6,0,CHI,tier_3,,6.0,,
John,Elam,John Elam,,171,169,0,24,8,WR,32,Draft,Normal,65,0,0,FA,tier_6,,,,
Tucker,Harris,Tucker Harris,TuckerHarris_31330,172,170,4,26,3,TE,21,Signed,Star,80,1,0,NE,tier_3,1.0,,,
Lamar,Ivy,Lamar Ivy,LamarIvy_33219,173,171,2,25,2,WR,2,Signed,Normal,86,0,3,BUF,tier_2,-3.0,,,
Austin,Neill,Austin Neill,AustinNeill_34327,174,172,1,25,3,RG,14,Signed,Normal,68,0,2,SF,tier_6,,,,
Keshawn,Davila,Keshawn Davila,KeshawnDavila_35112,175,173,0,22,1,RT,24,Signed,Star,77,0,1,BAL,tier_4,,,-1.0,
Darnell,Anthony,Darnell Anthony,DarnellAnthony_3453,176,174,1,24,5,DT,14,Signed,Normal,68,0,2,SF,tier_6,,,,
Chris,Gresham,Chris Gresham,,177,175,0,22,7,DT,32,Draft,Star,61,0,0,FA,tier_6,,,,
Ethan,Houghton,Ethan Houghton,,178,176,0,23,8,QB,32,Draft,Normal,55,0,0,FA,tier_6,,,,
Ben,Copeland,Ben Copeland,BenCopeland_33324,179,177,2,25,3,QB,20,Signed,Normal,67,0,0,CAR,tier_6,,,,
Ryan,Byrne,Ryan Byrne,RyanByrne_3563272,180,178,0,22,63,TE,26,Signed,Normal,62,0,1,NO,tier_6,,,,
Ify,Obidegwu,Ify Obidegwu,IfyObidegwu_229,181,179,7,30,2,CB,14,Signed,Superstar,84,4,0,SF,tier_3,,4.0,,
Gilbert,Hargrove,Gilbert Hargrove,GilbertHargrove_3063294,182,180,6,28,63,DT,32,FreeAgent,Normal,67,0,0,FA,tier_6,,,,
LT,Overton,LT Overton,LTOverton_120,183,181,10,31,1,LE,14,Signed,Star,78,6,0,SF,tier_4,,6.0,,
Tremaine,Patton,Tremaine Patton,,184,182,0,23,8,MLB,32,Draft,Normal,65,0,0,FA,tier_6,,,,
Kaleb,Elarms-Orr,Kaleb Elarms-Orr,KalebElarms-Orr_332,185,183,9,31,3,ROLB,22,Signed,Normal,69,0,2,LV,tier_6,,-2.0,,
Antoine,Carroll,Antoine Carroll,AntoineCarroll_3363362,186,184,2,23,63,LOLB,19,Signed,Normal,57,0,2,GB,tier_6,,,,
Keegan,Thurston,Keegan Thurston,KeeganThurston_3363428,187,185,2,24,63,TE,22,Signed,Normal,69,0,2,LV,tier_6,,,,
Rasheem,Covington,Rasheem Covington,,188,186,0,22,4,WR,32,Draft,Normal,70,0,0,FA,tier_5,,,,
Delvin,Harrell,Delvin Harrell,,189,187,0,22,2,DT,32,Draft,Normal,73,0,0,FA,tier_5,,,,
James,Murphy,James Murphy,JamesMurphy_3363387,190,188,2,25,63,CB,4,PracticeSquad,Normal,65,0,2,CLE,tier_6,,,,
Marcus,Upton,Marcus Upton,MarcusUpton_2963390,191,189,8,30,63,SS,32,FreeAgent,Star,67,0,0,FA,tier_6,,,,
Cooper,Catalano,Cooper Catalano,CooperCatalano_523,192,190,6,29,5,LOLB,4,Signed,Normal,75,0,4,CLE,tier_4,,-4.0,,
Tim,Herron,Tim Herron,,193,191,0,21,6,TE,32,Draft,Normal,69,0,0,FA,tier_6,,,,
Keshawn,Routt,Keshawn Routt,,194,192,0,22,1,DT,32,Draft,Normal,72,0,0,FA,tier_5,,,,
Harvey,Harris,Harvey Harris,,195,193,0,23,8,RE,32,Draft,Normal,61,0,0,FA,tier_6,,,,
Deontay,Butler,Deontay Butler,,196,194,0,22,8,WR,32,Draft,Normal,62,0,0,FA,tier_6,,,,
Tavon,Hardy,Tavon Hardy,TavonHardy_3363394,197,195,3,25,63,RT,32,FreeAgent,Normal,61,0,0,FA,tier_6,,,,
Ryan,Mooney,Ryan Mooney,RyanMooney_63275,198,196,7,29,63,WR,26,Signed,Normal,76,0,4,NO,tier_4,-4.0,,,
Dion,Boone,Dion Boone,DionBoone_35224,199,197,0,22,2,WR,14,Signed,Normal,67,0,1,SF,tier_6,,,,
Brodie,Patterson,Brodie Patterson,BrodiePatterson_3563334,200,198,0,23,63,TE,18,Signed,Normal,67,0,1,DET,tier_6,,,,
Christian,Thomas,Christian Thomas,,201,199,0,21,6,LOLB,32,Draft,Star,61,0,0,FA,tier_6,,,,
Juwan,Wood,Juwan Wood,JuwanWood_31316,202,200,5,27,3,LE,32,FreeAgent,Normal,67,0,0,FA,tier_6,,,,
Sammy,Brown,Sammy Brown,SammyBrown_210,203,201,8,29,2,ROLB,17,Signed,Star,70,3,0,NYJ,tier_5,,3.0,,
Lamar,Brown,Lamar Brown,LamarBrown_29117,204,202,6,27,1,LG,1,Signed,Normal,87,0,1,CIN,tier_2,,,-1.0,
Matt,Callaway,Matt Callaway,MattCallaway_30432,205,203,5,28,4,LE,26,Signed,Normal,72,0,5,NO,tier_5,,-5.0,,
Emanuel,Roberts,Emanuel Roberts,EmanuelRoberts_34534,206,204,1,23,5,LOLB,31,Signed,Normal,68,2,0,HOU,tier_6,,2.0,,
James,Ferrell,James Ferrell,JamesFerrell_35327,207,205,0,23,3,SS,30,Signed,Normal,71,0,6,MIN,tier_5,,-6.0,,
Andrew,Boatwright,Andrew Boatwright,AndrewBoatwright_33223,208,206,2,23,2,RG,24,Signed,Normal,66,0,2,BAL,tier_6,,,,
Ezekiel,Burton,Ezekiel Burton,EzekielBurton_30112,209,207,5,25,1,WR,12,Signed,XFactor,92,2,0,PHI,tier_1,2.0,,,
Robert,Coleman,Robert Coleman,RobertColeman_35529,210,208,0,22,5,ROLB,18,Signed,Normal,67,1,0,DET,tier_6,,1.0,,
Kameron,Weldon Jr,Kameron Weldon Jr,KameronWeldon Jr_35439,211,209,0,23,4,LOLB,19,Signed,Normal,68,0,0,GB,tier_6,,0.0,,
Nate,Alden,Nate Alden,NateAlden_34116,212,210,1,22,1,CB,8,Signed,Normal,79,0,2,KC,tier_4,,-2.0,,
Jett,White,Jett White,JettWhite_29524,213,211,6,29,5,CB,15,Signed,Superstar,88,0,2,NYG,tier_2,,-2.0,,
Zachary,Lucas,Zachary Lucas,,214,212,0,23,4,LOLB,32,Draft,Star,71,0,0,FA,tier_5,,,,
J.P.,Downing,J.P. Downing,,215,213,0,21,6,WR,32,Draft,Superstar,71,0,0,FA,tier_5,,,,
Elbert,Hill,Elbert Hill,ElbertHill_29125,216,214,6,27,1,CB,3,Signed,Normal,77,0,0,DEN,tier_4,,0.0,,
Ruben,Wilhite,Ruben Wilhite,,217,215,0,23,8,MLB,32,Draft,Normal,70,0,0,FA,tier_5,,,,
Gerald,McCune,Gerald McCune,GeraldMcCune_31333,218,216,5,27,3,LG,32,FreeAgent,Normal,64,0,0,FA,tier_6,,,,
Derek,Downs,Derek Downs,,219,217,0,23,8,DT,32,Draft,Normal,61,0,0,FA,tier_6,,,,
RJ,Caldwell,RJ Caldwell,RJCaldwell_33640,220,218,2,24,6,DT,24,Signed,Normal,64,0,2,BAL,tier_6,,,,
Riley,Thomas,Riley Thomas,RileyThomas_35516,221,219,0,22,5,C,6,Signed,Normal,67,0,1,ARI,tier_6,,,,
Emmett,Charles,Emmett Charles,EmmettCharles_3027,222,220,5,28,2,C,9,Signed,Normal,78,7,0,IND,tier_4,,,7.0,
Xavier,McDonald,Xavier McDonald,XavierMcDonald_29518,223,221,6,27,5,WR,30,Signed,Star,78,6,0,MIN,tier_4,6.0,,,
Steve,Moorehead,Steve Moorehead,SteveMoorehead_3363351,224,222,3,25,63,RG,32,FreeAgent,Normal,61,0,0,FA,tier_6,,,,
Garrett,Jackson,Garrett Jackson,GarrettJackson_3063398,225,223,6,28,63,P,32,FreeAgent,Normal,69,0,0,FA,tier_6,,,,
Quindario,Milner,Quindario Milner,QuindarioMilner_33232,226,224,2,24,2,DT,12,Signed,Superstar,90,0,0,PHI,tier_1,,0.0,,
Ryan,Ellington,Ryan Ellington,RyanEllington_31313,227,225,4,26,3,MLB,18,Signed,Superstar,78,0,2,DET,tier_4,,,,
Jalen,Buggs Jr,Jalen Buggs Jr,JalenBuggs Jr_3563314,228,226,0,22,63,RE,7,PracticeSquad,Normal,62,0,1,LAC,tier_6,,,,
Logan,Taylor,Logan Taylor,LoganTaylor_223,229,227,9,32,2,RT,8,Signed,Superstar,85,0,3,KC,tier_2,,,-3.0,
Luke,Nickel,Luke Nickel,LukeNickel_29613,230,228,7,29,6,QB,32,FreeAgent,Normal,61,0,0,FA,tier_6,,,,
Mac,Rudd,Mac Rudd,MacRudd_3363310,231,229,2,25,63,K,7,PracticeSquad,Normal,69,0,0,LAC,tier_6,,,,
Frazier,Hackett,Frazier Hackett,FrazierHackett_33221,232,230,2,23,2,MLB,27,Signed,Star,79,4,0,SEA,tier_4,,4.0,,
Darvin,Jones Jr,Darvin Jones Jr,DarvinJones Jr_3168,233,231,5,27,6,WR,32,FreeAgent,Normal,64,0,0,FA,tier_6,,,,
Antonio,Rutledge,Antonio Rutledge,AntonioRutledge_33220,234,232,2,24,2,FS,14,Signed,Normal,69,0,5,SF,tier_6,,-5.0,,
Peyton,Waters,Peyton Waters,PeytonWaters_63270,235,233,7,29,63,SS,23,Signed,Star,74,0,2,LAR,tier_5,,-2.0,,
Landon,Rink,Landon Rink,LandonRink_514,236,234,7,29,5,DT,32,FreeAgent,Normal,64,0,0,FA,tier_6,,,,
Caleb,Williams,Caleb Williams,,237,235,8,30,63,MLB,32,Retired,Normal,54,0,0,FA,tier_6,,,,
Zac,Hess,Zac Hess,,238,236,0,22,8,DT,32,Draft,Normal,59,0,0,FA,tier_6,,,,
Addison,Claiborne,Addison Claiborne,AddisonClaiborne_3017,239,237,5,28,1,DT,13,Signed,Star,69,0,2,ATL,tier_6,,,,
DQ,Smith,DQ Smith,DQSmith_26,240,238,9,31,2,SS,20,Signed,Star,80,0,3,CAR,tier_3,,-3.0,,
Jordan,Seaton,Jordan Seaton,JordanSeaton_16,241,239,9,30,1,RT,32,FreeAgent,Normal,61,0,0,FA,tier_6,,,,
Connor,Lathan,Connor Lathan,ConnorLathan_35731,242,240,0,22,7,WR,30,Signed,Normal,68,0,1,MIN,tier_6,,,,
DeVonte,Newton,DeVonte Newton,DeVonteNewton_31225,243,241,5,27,2,RE,32,FreeAgent,Normal,69,0,0,FA,tier_6,,,,
Zay,Parry,Zay Parry,,244,242,0,21,7,CB,32,Draft,Normal,67,0,0,FA,tier_6,,,,
Joel,Thomas,Joel Thomas,JoelThomas_33214,245,243,2,24,2,C,21,Signed,Normal,87,0,1,NE,tier_2,,,-1.0,
Brandon,Polk,Brandon Polk,BrandonPolk_33217,246,244,2,24,2,TE,17,Signed,XFactor,95,1,0,NYJ,tier_0,1.0,,,
Steven,Allen,Steven Allen,,247,245,0,22,8,LOLB,32,Draft,Normal,58,0,0,FA,tier_6,,,,
Chauncey,Mason,Chauncey Mason,ChaunceyMason_3063327,248,246,6,28,63,MLB,32,FreeAgent,Normal,60,0,0,FA,tier_6,,,,
Ahmad,Pickett,Ahmad Pickett,,249,247,0,23,8,MLB,32,Draft,Normal,59,0,0,FA,tier_6,,,,
Dorian,Donnell Sr,Dorian Donnell Sr,DorianDonnell Sr_3363377,250,248,3,25,63,LT,32,FreeAgent,Normal,61,0,0,FA,tier_6,,,,
Matthew,Wykoff,Matthew Wykoff,MatthewWykoff_221,251,249,10,32,2,LT,32,FreeAgent,Normal,62,0,0,FA,tier_6,,,,
Rueben,Owens,Rueben Owens,,252,250,9,30,2,HB,32,Deleted,Star,66,0,0,FA,tier_6,,,,
Lloyd,Neal,Lloyd Neal,LloydNeal_30127,253,251,5,26,1,DT,25,Signed,Star,83,0,6,WAS,tier_3,,-6.0,,
Ashton,Beers,Ashton Beers,AshtonBeers_63368,254,252,9,31,63,LT,32,FreeAgent,Normal,69,0,0,FA,tier_6,,,,
Udoka,Voltaire,Udoka Voltaire,UdokaVoltaire_35424,255,253,0,22,4,LG,3,Signed,Normal,67,0,1,DEN,tier_6,,,,
De'Kwon,Burton,De'Kwon Burton,De'KwonBurton_33228,256,254,2,24,2,CB,4,Signed,Star,86,4,0,CLE,tier_2,,4.0,,
Coleman,Sharp,Coleman Sharp,ColemanSharp_3463230,257,255,1,24,63,CB,30,PracticeSquad,Normal,65,0,2,MIN,tier_6,,,,
Oladayo,Momodu,Oladayo Momodu,OladayoMomodu_3415,258,256,1,21,1,RT,13,Signed,Star,79,2,0,ATL,tier_4,,,2.0,
Jarvis,Higgins,Jarvis Higgins,,259,257,0,22,2,RE,32,Draft,Star,70,0,0,FA,tier_5,,,,
Anthony,Hill Jr,Anthony Hill Jr,AnthonyHill Jr_25,260,258,9,30,2,ROLB,10,Signed,Star,75,3,0,DAL,tier_4,,3.0,,
Matt,Zollers,Matt Zollers,MattZollers_520,261,259,7,29,5,QB,32,FreeAgent,Normal,60,0,0,FA,tier_6,,,,
Luther,Burden III,Luther Burden III,LutherBurden III_13,262,260,10,31,1,WR,17,Signed,Star,72,0,6,NYJ,tier_5,-6.0,,,
Cameron,Mays,Cameron Mays,CameronMays_30516,263,261,6,28,5,QB,32,FreeAgent,Normal,60,0,0,FA,tier_6,,,,
Brian,Thomas Jr,Brian Thomas Jr,,264,262,10,32,2,WR,32,Deleted,Star,66,0,0,FA,tier_6,,,,
LaMichael,McLeod,LaMichael McLeod,,265,263,0,21,8,RE,32,Draft,Normal,60,0,0,FA,tier_6,,,,
Jordon,Davison,Jordon Davison,JordonDavison_29232,266,264,7,29,2,HB,32,FreeAgent,Normal,62,0,0,FA,tier_6,,,,
Thurman,Weatherspoon,Thurman Weatherspoon,ThurmanWeatherspoon_3063297,267,265,5,27,63,DT,14,Signed,Normal,87,2,0,SF,tier_2,,2.0,,
Quentin,Weber,Quentin Weber,QuentinWeber_30110,268,266,5,27,1,LT,6,Signed,Star,82,0,3,ARI,tier_3,,,,
Joey,Bosa,Joey Bosa,BosaJoey_17537,269,267,14,35,1,RE,32,Retired,Star,79,0,0,FA,tier_4,,,,
Nick,Bosa,Nick Bosa,BosaNick_20565,270,268,14,35,1,LE,32,Retired,Normal,63,0,0,FA,tier_6,,,,
Aakil,Harris,Aakil Harris,AakilHarris_33215,271,269,2,24,2,RE,29,Signed,Normal,70,0,0,TEN,tier_5,,0.0,,
Blake,Jenkins,Blake Jenkins,BlakeJenkins_33212,272,270,2,25,2,RT,17,Signed,Normal,80,0,5,NYJ,tier_3,,,-5.0,
Zach,Ortwerth,Zach Ortwerth,ZachOrtwerth_61,273,271,8,31,6,FB,32,FreeAgent,Normal,67,0,0,FA,tier_6,,,,
Bryce,Underwood,Bryce Underwood,BryceUnderwood_11,274,272,7,28,1,QB,4,Signed,XFactor,92,0,0,CLE,tier_1,,,,
Evan,Hamlin,Evan Hamlin,EvanHamlin_33210,275,273,2,24,2,WR,27,Signed,Normal,72,0,4,SEA,tier_5,-4.0,,,
Solomon,Hart,Solomon Hart,SolomonHart_3063308,276,274,6,28,63,HB,32,FreeAgent,Normal,62,0,0,FA,tier_6,,,,
Brian,Warner,Brian Warner,BrianWarner_34638,277,275,1,23,6,CB,28,Signed,Normal,65,0,2,PIT,tier_6,,,,
Donovan,McCleod,Donovan McCleod,,278,276,0,23,8,WR,32,Draft,Normal,66,0,0,FA,tier_6,,,,
Tyler,Buckley,Tyler Buckley,TylerBuckley_3328,279,277,3,26,2,ROLB,32,FreeAgent,Star,59,0,0,FA,tier_6,,,,
Malik,Hartford,Malik Hartford,MalikHartford_538,280,278,10,32,5,FS,32,FreeAgent,Normal,63,0,0,FA,tier_6,,,,
Trent,Heinicke,Trent Heinicke,TrentHeinicke_30212,281,279,5,27,2,LG,9,Signed,Star,82,8,0,IND,tier_3,,,8.0,
Clayton,DuVall,Clayton DuVall,,282,280,0,23,3,RE,32,Draft,Normal,67,0,0,FA,tier_6,,,,
Mason,Burke,Mason Burke,MasonBurke_3463234,283,281,1,23,63,MLB,5,Signed,Normal,65,0,2,TB,tier_6,,-2.0,,
Quincy,Callahan,Quincy Callahan,QuincyCallahan_33225,284,282,2,23,2,LE,3,Signed,Star,72,7,0,DEN,tier_5,,7.0,,
Malachi,Nelson,Malachi Nelson,MalachiNelson_132,285,283,9,31,1,QB,16,Signed,Normal,66,0,0,JAX,tier_6,,,,
Isaac,McKinley,Isaac McKinley,,286,284,0,23,2,RG,32,Draft,Star,73,0,0,FA,tier_5,,,,
Baxter,Durbin,Baxter Durbin,BaxterDurbin_33218,287,285,2,23,2,RG,10,Signed,Star,82,0,2,DAL,tier_3,,,-2.0,
Tavares,Reynolds,Tavares Reynolds,TavaresReynolds_3024,288,286,5,27,2,CB,14,Signed,Normal,73,6,0,SF,tier_5,,6.0,,
Gerald,Young,Gerald Young,,289,287,0,22,8,RE,32,Draft,Normal,57,0,0,FA,tier_6,,,,
Quincey,Foster,Quincey Foster,QuinceyFoster_3363239,290,288,2,24,63,CB,23,Signed,Normal,70,0,0,LAR,tier_5,,0.0,,
Khamari,Adkins,Khamari Adkins,KhamariAdkins_33512,291,289,2,25,5,RE,21,Signed,Normal,70,0,2,NE,tier_5,,,,
Marcus,Lamb,Marcus Lamb,MarcusLamb_33113,292,290,2,24,1,WR,17,Signed,Normal,85,0,3,NYJ,tier_2,,,,
Chance,Richmond,Chance Richmond,,293,291,0,23,8,CB,32,Draft,Normal,65,0,0,FA,tier_6,,,,
Ben,Beckham,Ben Beckham,BenBeckham_35231,294,292,0,22,2,MLB,19,Signed,Superstar,74,0,1,GB,tier_5,,,,
Brian,DeLoach,Brian DeLoach,,295,293,0,22,4,CB,32,Draft,Superstar,71,0,0,FA,tier_5,,,,
Jake,Batson,Jake Batson,JakeBatson_30325,296,294,5,27,3,RG,27,Signed,Normal,81,0,3,SEA,tier_3,,,,
Vernon,Rush,Vernon Rush,VernonRush_35411,297,295,0,22,4,QB,24,Signed,Normal,64,0,0,BAL,tier_6,,,,
Julius,Newton,Julius Newton,,298,296,0,23,8,CB,32,Draft,Normal,62,0,0,FA,tier_6,,,,
Karlos,Marshall,Karlos Marshall,,299,297,0,23,8,MLB,32,Draft,Normal,64,0,0,FA,tier_6,,,,
Gideon,Davidson,Gideon Davidson,GideonDavidson_318,300,298,7,28,3,HB,13,Signed,Normal,67,0,1,ATL,tier_6,,,,
BJ,Williams,BJ Williams,BJWilliams_3163,301,299,5,27,6,LOLB,32,FreeAgent,Normal,58,0,0,FA,tier_6,,,,
Stephen,Bishop,Stephen Bishop,,302,300,0,21,8,RT,32,Draft,Normal,64,0,0,FA,tier_6,,,,
Garrett,Dellinger,Garrett Dellinger,GarrettDellinger_55,303,301,10,33,5,RG,28,Signed,Star,67,0,2,PIT,tier_6,,,,
Oscar,McCain,Oscar McCain,,304,302,0,22,8,RT,32,Draft,Normal,59,0,0,FA,tier_6,,,,
Tramon,Clarke,Tramon Clarke,TramonClarke_3327,305,303,2,24,2,HB,23,Signed,Normal,83,0,2,LAR,tier_3,-2.0,,,
Jordin,Smallwood,Jordin Smallwood,JordinSmallwood_3325,306,304,2,24,2,FS,16,Signed,Star,78,6,0,JAX,tier_4,,6.0,,
Denzel,George,Denzel George,DenzelGeorge_3563301,307,305,0,23,63,LE,27,PracticeSquad,Normal,62,0,1,SEA,tier_6,,,,
Zach,Gillespie,Zach Gillespie,ZachGillespie_3363290,308,306,2,26,63,HB,7,Signed,Normal,63,0,1,LAC,tier_6,,,,
Clayton,Pleasant,Clayton Pleasant,,309,307,0,22,1,RT,32,Draft,Superstar,77,0,0,FA,tier_4,,,,
Tyler,Tiller,Tyler Tiller,TylerTiller_3363360,310,308,2,25,63,LOLB,32,Deleted,Normal,55,0,0,FA,tier_6,,,,
Delvin,Gerard,Delvin Gerard,DelvinGerard_33637,311,309,2,24,6,CB,12,Signed,Normal,72,0,3,PHI,tier_5,,-3.0,,
Adepoju,Adebawore,Adepoju Adebawore,AdepojuAdebawore_124,312,310,10,31,1,RE,32,FreeAgent,Normal,68,0,0,FA,tier_6,,,,
Kennyi,Pepe,Kennyi Pepe,KennyiPepe_31,313,311,7,28,3,RT,32,FreeAgent,Normal,65,0,0,FA,tier_6,,,,
George,Heyward,George Heyward,,314,312,0,22,4,RE,32,Draft,Normal,68,0,0,FA,tier_6,,,,
J.P.,Callahan,J.P. Callahan,,315,313,0,21,7,LOLB,32,Draft,Normal,61,0,0,FA,tier_6,,,,
Kevin,Nicholson,Kevin Nicholson,KevinNicholson_3163375,316,314,5,28,63,LT,32,FreeAgent,Normal,61,0,0,FA,tier_6,,,,
Daymond,McCleod,Daymond McCleod,DaymondMcCleod_30132,317,315,6,29,1,LT,32,FreeAgent,Normal,71,0,0,FA,tier_5,,,,
Kaleem,Thomas,Kaleem Thomas,KaleemThomas_33222,318,316,2,23,2,DT,20,Signed,Normal,81,1,0,CAR,tier_3,,1.0,,
Emauri,Jerido,Emauri Jerido,EmauriJerido_33626,319,317,2,25,6,WR,19,Signed,Normal,67,0,2,GB,tier_6,,,,
Dorian,Kennard,Dorian Kennard,DorianKennard_3326,320,318,2,24,2,CB,30,Signed,Normal,70,0,3,MIN,tier_5,,-3.0,,
Glenn,Sheppard,Glenn Sheppard,,321,319,0,23,8,HB,32,Draft,Normal,69,0,0,FA,tier_6,,,,
Bobby,Milner,Bobby Milner,,322,320,0,24,8,RT,32,Draft,Normal,65,0,0,FA,tier_6,,,,
Jalen,Woods,Jalen Woods,JalenWoods_63405,323,321,9,32,63,ROLB,32,FreeAgent,Star,67,0,0,FA,tier_6,,,,
Caleb,Downs,Caleb Downs,CalebDowns_23,324,322,9,30,2,FS,21,Signed,Star,80,0,2,NE,tier_3,,-2.0,,
Chase,Bisontis,Chase Bisontis,ChaseBisontis_23,325,323,8,31,2,RG,18,Signed,Superstar,91,0,3,DET,tier_1,,,,
Jameel,Boykins,Jameel Boykins,JameelBoykins_33213,326,324,2,23,2,WR,11,Signed,Normal,71,0,2,MIA,tier_5,-2.0,,,
DaWann,Thompson,DaWann Thompson,DaWannThompson_30728,327,325,5,28,7,ROLB,32,Retired,Normal,54,0,0,FA,tier_6,,,,
Tramon,Vincent Jr,Tramon Vincent Jr,TramonVincent Jr_3139,328,326,4,26,3,FS,6,Signed,Star,86,3,0,ARI,tier_2,,3.0,,
Jalen,Cummins,Jalen Cummins,JalenCummins_3363303,329,327,2,24,63,HB,1,Signed,Normal,62,0,1,CIN,tier_6,,,,
Adrian,Walsh,Adrian Walsh,AdrianWalsh_30230,330,328,5,26,2,RE,9,Signed,Normal,69,2,0,IND,tier_6,,2.0,,
Deon,Henry,Deon Henry,,331,329,0,23,4,LE,32,Draft,Normal,65,0,0,FA,tier_6,,,,
Quinn,Ewers,Quinn Ewers,QuinnEwers_28,332,330,11,33,2,QB,32,FreeAgent,Normal,61,0,0,FA,tier_6,,,,
Johnny,Harrison,Johnny Harrison,JohnnyHarrison_3363427,333,331,2,24,63,TE,23,Signed,Normal,64,0,2,LAR,tier_6,,,,
Marcus,Gresham,Marcus Gresham,MarcusGresham_30117,334,332,5,26,1,CB,17,Signed,Star,77,0,1,NYJ,tier_4,,-1.0,,
Cordell,Telfer,Cordell Telfer,,335,333,0,23,8,RT,32,Draft,Normal,64,0,0,FA,tier_6,,,,
Shaun,Ward,Shaun Ward,,336,334,0,22,3,CB,32,Draft,Normal,72,0,0,FA,tier_5,,,,
Brian,Ridgeway,Brian Ridgeway,BrianRidgeway_3463238,337,335,1,24,63,LE,2,PracticeSquad,Normal,63,0,2,BUF,tier_6,,,,
Jamar,Hitchens,Jamar Hitchens,,338,336,0,21,1,LOLB,32,Draft,Star,69,0,0,FA,tier_6,,,,
Donte,Harris,Donte Harris,DonteHarris_30337,339,337,5,27,3,C,20,Signed,Normal,70,0,3,CAR,tier_5,,,-3.0,
Daylen,Everette,Daylen Everette,DaylenEverette_23,340,338,10,31,2,CB,13,Signed,Star,79,1,0,ATL,tier_4,,1.0,,
Giovanni,Harper,Giovanni Harper,,341,339,0,23,3,CB,32,Draft,Normal,72,0,0,FA,tier_5,,,,
J.J.,McMichael,J.J. McMichael,J.J.McMichael_30217,342,340,5,26,2,TE,18,Signed,Normal,72,0,2,DET,tier_5,,,,
Jamari,Hopkins,Jamari Hopkins,JamariHopkins_3321,343,341,2,24,2,HB,13,Signed,Star,79,0,3,ATL,tier_4,-3.0,,,
Gerald,Wooden,Gerald Wooden,,344,342,0,22,1,CB,32,Draft,XFactor,76,0,0,FA,tier_4,,,,
LaMont,Tucker,LaMont Tucker,LaMontTucker_31726,345,343,5,28,7,WR,32,FreeAgent,Normal,63,0,0,FA,tier_6,,,,
Dennis,Snider,Dennis Snider,,346,344,0,23,8,K,32,Draft,Normal,64,0,0,FA,tier_6,,,,
Carson,Lacy,Carson Lacy,,347,345,0,21,8,C,32,Draft,Normal,61,0,0,FA,tier_6,,,,
AJ,Rice,AJ Rice,AJRice_29415,348,346,7,30,4,LOLB,32,FreeAgent,Normal,60,0,0,FA,tier_6,,,,
Hugh,Gaines,Hugh Gaines,,349,347,0,22,2,WR,32,Draft,Star,72,0,0,FA,tier_5,,,,
Brad,McKinney,Brad McKinney,,350,348,0,22,8,LG,32,Draft,Normal,58,0,0,FA,tier_6,,,,
Quentin,Cooper,Quentin Cooper,QuentinCooper_34212,351,349,1,23,2,TE,22,Signed,Normal,73,1,4,LV,tier_5,-3.0,,,
Clifton,Dobson Jr,Clifton Dobson Jr,CliftonDobson Jr_34413,352,350,1,22,4,RE,22,Signed,Normal,70,1,0,LV,tier_5,,1.0,,
Justice,Cotton,Justice Cotton,JusticeCotton_33532,353,351,2,25,5,WR,27,Signed,Normal,69,0,2,SEA,tier_6,,,,
Kevin,Peterson,Kevin Peterson,KevinPeterson_3454,354,352,1,23,5,SS,10,Signed,Normal,69,0,0,DAL,tier_6,,0.0,,
Cade,Denhoff,Cade Denhoff,CadeDenhoff_318,355,353,10,33,3,RE,32,FreeAgent,Normal,64,0,0,FA,tier_6,,,,
Peyton,Woodring,Peyton Woodring,PeytonWoodring_716,356,354,8,30,7,K,22,Signed,Normal,78,1,1,LV,tier_4,,,,0.0
Austin,Novosad,Austin Novosad,,357,355,7,30,3,QB,32,Deleted,Normal,60,0,0,FA,tier_6,,,,
John,Chamberlain,John Chamberlain,JohnChamberlain_34113,358,356,1,22,1,LT,22,Signed,Normal,75,1,4,LV,tier_4,,,-3.0,
Jourdin,Crawford,Jourdin Crawford,JourdinCrawford_2946,359,357,7,29,4,DT,32,FreeAgent,Normal,62,0,0,FA,tier_6,,,,
Ben,Weaver,Ben Weaver,BenWeaver_3363344,360,358,2,24,63,RG,32,Deleted,Normal,59,0,0,FA,tier_6,,,,
Jonathan,Barber,Jonathan Barber,JonathanBarber_31513,361,359,4,27,5,DT,1,Signed,Normal,77,2,0,CIN,tier_4,,2.0,,
Philip,Green,Philip Green,PhilipGreen_3459,362,360,1,24,5,TE,9,Signed,Normal,67,0,2,IND,tier_6,,,,
Josh,Penn,Josh Penn,,363,361,0,22,8,FS,32,Draft,Normal,62,0,0,FA,tier_6,,,,
Henry,Goodwell,Henry Goodwell,,364,362,0,23,8,P,32,Draft,Normal,68,0,0,FA,tier_6,,,,
KeMari,Dunbar,KeMari Dunbar,KeMariDunbar_3463,365,363,1,24,6,DT,24,Signed,Normal,67,7,0,BAL,tier_6,,7.0,,
Will,Olsen,Will Olsen,WillOlsen_3457,366,364,1,23,5,RT,26,Signed,Normal,70,0,3,NO,tier_5,,,-3.0,
Nick,Burroughs,Nick Burroughs,NickBurroughs_3163308,367,365,4,25,63,HB,28,Signed,Normal,66,0,1,PIT,tier_6,,,,
Eldon,Wilkerson,Eldon Wilkerson,EldonWilkerson_3463272,368,366,1,23,63,WR,15,PracticeSquad,Normal,62,0,2,NYG,tier_6,,,,
Nasir,Fulton,Nasir Fulton,NasirFulton_3563310,369,367,0,23,63,HB,0,PracticeSquad,Normal,62,0,1,CHI,tier_6,,,,
Marcus,Barrett,Marcus Barrett,MarcusBarrett_3163403,370,368,5,28,63,FS,32,FreeAgent,Normal,64,0,0,FA,tier_6,,,,
A.J.,Keaton,A.J. Keaton,A.J.Keaton_34736,371,369,1,24,7,TE,31,Signed,Normal,66,0,2,HOU,tier_6,,,,
Vince,Clinton,Vince Clinton,VinceClinton_31220,372,370,4,25,2,C,2,Signed,Star,83,5,0,BUF,tier_3,,,5.0,
Leon,Wade,Leon Wade,LeonWade_35715,373,371,0,22,7,CB,1,PracticeSquad,Normal,61,0,1,CIN,tier_6,,,,
James,Castillo,James Castillo,JamesCastillo_30531,374,372,6,29,5,LE,32,FreeAgent,Normal,67,0,0,FA,tier_6,,,,
Ben,Cutter,Ben Cutter,BenCutter_525,375,373,7,29,5,ROLB,21,Signed,Normal,69,4,0,NE,tier_6,,4.0,,
Damien,Toler,Damien Toler,DamienToler_3363376,376,374,2,24,63,LT,30,Signed,Normal,65,0,2,MIN,tier_6,,,,
Julian,Armella,Julian Armella,JulianArmella_428,377,375,9,31,4,RT,32,FreeAgent,Normal,64,0,0,FA,tier_6,,,,
Anton,Hobson,Anton Hobson,AntonHobson_3463258,378,376,1,23,63,LE,15,Signed,Normal,63,0,3,NYG,tier_6,,-3.0,,
Julius,Blackburn,Julius Blackburn,,379,377,0,22,8,QB,32,Draft,Star,57,0,0,FA,tier_6,,,,
Glenn,Jones,Glenn Jones,,380,378,0,22,7,TE,32,Draft,Normal,67,0,0,FA,tier_6,,,,
Tucker,Cousins,Tucker Cousins,TuckerCousins_31212,381,379,4,25,2,LE,26,Signed,Normal,75,0,6,NO,tier_4,,-6.0,,
Steve,Mullins,Steve Mullins,SteveMullins_3063375,382,380,5,27,63,ROLB,5,Signed,Normal,68,0,2,TB,tier_6,,,,
Antonio,Williams,Antonio Williams,AntonioWilliams_73,383,381,10,31,7,WR,0,Signed,Normal,70,0,2,CHI,tier_5,,,,
Tyler,Irwin,Tyler Irwin,,384,382,0,23,5,LOLB,32,Draft,Normal,59,0,0,FA,tier_6,,,,
Jeremiah,Devlin,Jeremiah Devlin,,385,383,0,22,4,LG,32,Draft,Star,75,0,0,FA,tier_4,,,,
Jesus,Herrera,Jesus Herrera,,386,384,0,22,8,RE,32,Draft,Normal,55,0,0,FA,tier_6,,,,
Zay,Allen,Zay Allen,ZayAllen_30513,387,385,6,27,5,CB,32,FreeAgent,Normal,64,0,0,FA,tier_6,,,,
Earnest,Bynes,Earnest Bynes,,388,386,0,22,8,TE,32,Draft,Normal,61,0,0,FA,tier_6,,,,
Bryson,Bush,Bryson Bush,BrysonBush_3322,389,387,2,24,2,MLB,5,Signed,XFactor,90,0,4,TB,tier_1,,-4.0,,
Lance,Colbert Jr,Lance Colbert Jr,LanceColbert Jr_31729,390,388,4,27,7,HB,7,Signed,Normal,65,0,1,LAC,tier_6,,,,
Nick,Pope,Nick Pope,,391,389,0,21,8,HB,32,Draft,Star,67,0,0,FA,tier_6,,,,
Jared,Bennett,Jared Bennett,JaredBennett_35427,392,390,0,22,4,TE,5,Signed,Normal,69,0,1,TB,tier_6,,,,
Jermaine,Woodley,Jermaine Woodley,,393,391,0,22,4,CB,32,Draft,Normal,68,0,0,FA,tier_6,,,,
Richard,Locke,Richard Locke,,394,392,0,22,8,LT,32,Draft,Normal,60,0,0,FA,tier_6,,,,
Joe,Burrow,Joe Burrow,BurrowJoe_20948,395,393,15,38,1,QB,32,Retired,XFactor,85,0,0,FA,tier_2,,,,
TJ,Chukwurah,TJ Chukwurah,TJChukwurah_35438,396,394,0,22,4,RE,27,Signed,Normal,71,3,0,SEA,tier_5,,3.0,,
Koren,Beckford,Koren Beckford,KorenBeckford_3563224,397,395,0,23,63,LE,9,PracticeSquad,Normal,62,0,1,IND,tier_6,,,,
Jaxon,Hammond,Jaxon Hammond,,398,396,7,30,63,ROLB,32,Retired,Normal,52,0,0,FA,tier_6,,,,
Keilan,Mays,Keilan Mays,KeilanMays_31524,399,397,5,27,5,TE,32,FreeAgent,Normal,62,0,0,FA,tier_6,,,,
Karlos,Bennett,Karlos Bennett,KarlosBennett_3471,400,398,1,23,7,WR,9,Signed,Normal,66,0,2,IND,tier_6,,,,
James,Turner,James Turner,,401,399,0,23,3,RE,32,Draft,Normal,67,0,0,FA,tier_6,,,,
Terrance,Bond,Terrance Bond,TerranceBond_3463244,402,400,1,22,63,CB,28,PracticeSquad,Normal,65,0,2,PIT,tier_6,,,,
Damion,Washington,Damion Washington,,403,401,0,22,5,CB,32,Draft,Normal,71,0,0,FA,tier_5,,,,
Ian,Dickinson,Ian Dickinson,IanDickinson_3365,404,402,2,24,6,C,16,Signed,Normal,77,0,4,JAX,tier_4,,,-4.0,
M'Lon,Ross,M'Lon Ross,M'LonRoss_3163445,405,403,5,28,63,WR,32,FreeAgent,Normal,64,0,0,FA,tier_6,,,,
Javier,Kidd,Javier Kidd,,406,404,0,22,8,RE,32,Draft,Normal,57,0,0,FA,tier_6,,,,
Brandon,Lawrence,Brandon Lawrence,,407,405,0,21,8,LE,32,Draft,Normal,60,0,0,FA,tier_6,,,,
Justin,Collins,Justin Collins,JustinCollins_3463290,408,406,1,23,63,TE,29,PracticeSquad,Normal,62,0,2,TEN,tier_6,,,,
Tyson,Wilson,Tyson Wilson,TysonWilson_3518,409,407,0,21,1,LE,13,Signed,Normal,75,1,0,ATL,tier_4,,1.0,,
Arion,Carter,Arion Carter,ArionCarter_32,410,408,7,29,3,LOLB,19,Signed,Star,72,0,3,GB,tier_5,,-3.0,,
Bradley,Westerman,Bradley Westerman,,411,409,0,22,2,SS,32,Draft,Normal,74,0,0,FA,tier_5,,,,
Blake,Brewer,Blake Brewer,BlakeBrewer_31523,412,410,4,25,5,FS,30,Signed,Star,76,4,0,MIN,tier_4,,4.0,,
Preston,Stone,Preston Stone,PrestonStone_333,413,411,9,33,3,QB,1,Signed,Normal,61,0,0,CIN,tier_6,,,,
Kam,Bizor,Kam Bizor,,414,412,7,30,5,LE,32,Retired,Normal,55,0,0,FA,tier_6,,,,
Keon,Keeley,Keon Keeley,KeonKeeley_111,415,413,8,30,1,RE,32,FreeAgent,Normal,63,0,0,FA,tier_6,,,,
Jeremiah,Smith,Jeremiah Smith,JeremiahSmith_112,416,414,8,28,1,WR,10,Signed,XFactor,94,0,2,DAL,tier_1,-2.0,,,
Nathan,Whiteside,Nathan Whiteside,NathanWhiteside_33612,417,415,2,24,6,CB,17,Signed,Star,67,8,0,NYJ,tier_6,,8.0,,
Stefan,Boon,Stefan Boon,,418,416,0,22,5,CB,32,Draft,Normal,71,0,0,FA,tier_5,,,,
Bryce,Foster,Bryce Foster,BryceFoster_35,419,417,10,32,3,C,28,Signed,Normal,65,7,0,PIT,tier_6,,,7.0,
Harold,Stringer,Harold Stringer,HaroldStringer_3563332,420,418,0,24,63,DT,28,PracticeSquad,Normal,62,0,1,PIT,tier_6,,,,
Jeremy,Horton,Jeremy Horton,JeremyHorton_3563240,421,419,0,22,63,TE,4,Signed,Normal,62,0,1,CLE,tier_6,,,,
Jacoby,Mathews,Jacoby Mathews,JacobyMathews_36,422,420,10,32,3,SS,26,Signed,Star,71,5,0,NO,tier_5,,5.0,,
Jakaleb,Faulk,Jakaleb Faulk,JakalebFaulk_29128,423,421,7,29,1,RE,32,FreeAgent,Normal,64,0,0,FA,tier_6,,,,
Vernon,Fender,Vernon Fender,VernonFender_3476,424,422,1,23,7,SS,18,Signed,Normal,74,1,0,DET,tier_5,,1.0,,
C.J.,Brackett,C.J. Brackett,,425,423,0,22,8,LT,32,Draft,Normal,64,0,0,FA,tier_6,,,,
Jadaan,Allen,Jadaan Allen,JadaanAllen_34728,426,424,1,23,7,LE,11,Signed,Normal,66,2,0,MIA,tier_6,,2.0,,
Kelvin,Banks Jr,Kelvin Banks Jr,KelvinBanks Jr_114,427,425,10,31,1,LG,25,Signed,Star,72,1,0,WAS,tier_5,,,1.0,
Matthew,Boone,Matthew Boone,,428,426,0,22,1,RE,32,Draft,Normal,74,0,0,FA,tier_5,,,,
Marcus,Idowu,Marcus Idowu,MarcusIdowu_3447,429,427,1,22,4,CB,16,Signed,Normal,77,0,2,JAX,tier_4,,-2.0,,
Korbett,Howard,Korbett Howard,KorbettHoward_34218,430,428,1,23,2,LG,12,Signed,Star,79,0,1,PHI,tier_4,,,-1.0,
Clayton,Batten,Clayton Batten,ClaytonBatten_3363263,431,429,2,25,63,DT,29,PracticeSquad,Normal,63,0,2,TEN,tier_6,,,,
Jaron,Brockers,Jaron Brockers,,432,430,0,22,3,CB,32,Draft,Normal,72,0,0,FA,tier_5,,,,
Gabe,Woods,Gabe Woods,GabeWoods_31434,433,431,4,26,4,HB,0,Signed,Normal,82,1,0,CHI,tier_3,1.0,,,
Jeremiah,Cooper,Jeremiah Cooper,JeremiahCooper_38,434,432,10,33,3,FS,32,FreeAgent,Normal,66,0,0,FA,tier_6,,,,
Jordan,Lovett,Jordan Lovett,JordanLovett_327,435,433,10,32,3,FS,32,FreeAgent,Normal,66,0,0,FA,tier_6,,,,
Titus,Lewis,Titus Lewis,TitusLewis_33526,436,434,2,25,5,CB,3,Signed,Normal,70,0,2,DEN,tier_5,,-2.0,,
Bo,Jackson,Bo Jackson,BoJackson_222,437,435,7,28,2,HB,12,Signed,Star,78,0,1,PHI,tier_4,,,,
Marcus,Smith,Marcus Smith,MarcusSmith_34227,438,436,1,22,2,LE,29,Signed,Star,82,1,0,TEN,tier_3,,1.0,,
Jack,Campbell,Jack Campbell,CampbellJack_22705,439,437,11,34,1,MLB,32,Retired,Star,75,0,0,FA,tier_4,,,,
Grayland,Nichols,Grayland Nichols,GraylandNichols_35214,440,438,0,22,2,LG,2,Signed,Normal,76,0,1,BUF,tier_4,,,-1.0,
Arlie,Page,Arlie Page,ArliePage_3462,441,439,1,23,6,CB,6,PracticeSquad,Normal,66,0,2,ARI,tier_6,,,,
Phillip,Harris,Phillip Harris,PhillipHarris_3563320,442,440,0,23,63,RE,18,Signed,Normal,66,0,1,DET,tier_6,,,,
Jason,Barwin,Jason Barwin,,443,441,0,23,4,LOLB,32,Draft,Normal,60,0,0,FA,tier_6,,,,
Von,Knight,Von Knight,,444,442,0,22,8,LE,32,Draft,Superstar,68,0,0,FA,tier_6,,,,
Montell,Wilkins,Montell Wilkins,MontellWilkins_34613,445,443,1,24,6,DT,19,Signed,Normal,65,0,2,GB,tier_6,,-2.0,,
Brian,Smith,Brian Smith,,446,444,0,21,8,MLB,32,Draft,Normal,64,0,0,FA,tier_6,,,,
LaMarcus,Clinton,LaMarcus Clinton,LaMarcusClinton_30228,447,445,5,27,2,HB,7,Signed,Normal,74,0,1,LAC,tier_5,,,,
Courage,Shaw,Courage Shaw,CourageShaw_3526,448,446,0,21,2,WR,8,Signed,Star,78,2,0,KC,tier_4,2.0,,,
Deorius,Hill,Deorius Hill,DeoriusHill_34118,449,447,1,22,1,LT,11,Signed,Normal,81,1,5,MIA,tier_3,,,-4.0,
Dee,Wallace,Dee Wallace,DeeWallace_32110,450,448,3,25,1,WR,18,Signed,Normal,83,0,3,DET,tier_3,-3.0,,,
Emmett,Kamara,Emmett Kamara,EmmettKamara_33636,451,449,2,25,6,SS,31,Signed,Normal,78,0,0,HOU,tier_4,,0.0,,
Andrew,White,Andrew White,AndrewWhite_35129,452,450,0,22,1,DT,18,Signed,Normal,74,0,5,DET,tier_5,,-5.0,,
Elyiss,Williams,Elyiss Williams,ElyissWilliams_14,453,451,7,28,1,TE,16,Signed,Superstar,84,0,3,JAX,tier_3,,,,
Klay,Barker,Klay Barker,,454,452,0,22,8,CB,32,Draft,Normal,61,0,0,FA,tier_6,,,,
Walter,Samuel,Walter Samuel,WalterSamuel_30130,455,453,5,28,1,RG,10,Signed,Star,70,0,0,DAL,tier_5,,,0.0,
Josh,White,Josh White,JoshWhite_3463292,456,454,1,23,63,RE,30,PracticeSquad,Normal,61,0,2,MIN,tier_6,,,,
Luke,Fulton,Luke Fulton,,457,455,0,23,8,MLB,32,Draft,Star,66,0,0,FA,tier_6,,,,
Josh,Schafer,Josh Schafer,JoshSchafer_34511,458,456,1,24,5,TE,10,Signed,Normal,68,3,0,DAL,tier_6,3.0,,,
Clyde,Mixon,Clyde Mixon,,459,457,0,22,3,CB,32,Draft,Normal,70,0,0,FA,tier_5,,,,
Leslie,Stapleton,Leslie Stapleton,,460,458,0,23,5,LE,32,Draft,Normal,67,0,0,FA,tier_6,,,,
Shamar,Easter,Shamar Easter,ShamarEaster_721,461,459,7,29,7,TE,28,Signed,Normal,65,1,0,PIT,tier_6,1.0,,,
Jalen,Carter,Jalen Carter,CarterJalen_22703,462,460,13,35,1,DT,32,FreeAgent,Normal,65,0,0,FA,tier_6,,,,
Travis,Peterman,Travis Peterman,TravisPeterman_3466,463,461,1,23,6,QB,26,Signed,Normal,62,0,0,NO,tier_6,,,,
Reese,Williams III,Reese Williams III,ReeseWilliams III_35713,464,462,0,22,63,WR,13,Signed,Normal,72,0,2,ATL,tier_5,-2.0,,,
Adonis,Massie,Adonis Massie,AdonisMassie_35732,465,463,0,23,7,FS,10,PracticeSquad,Normal,63,0,1,DAL,tier_6,,,,
Allen,McGee,Allen McGee,AllenMcGee_3527,466,464,0,21,2,FS,29,Signed,Normal,72,0,1,TEN,tier_5,,-1.0,,
Zach,Mills,Zach Mills,ZachMills_3563259,467,465,0,22,63,TE,3,PracticeSquad,Normal,62,0,1,DEN,tier_6,,,,
Tracy,Anderson,Tracy Anderson,TracyAnderson_30122,468,466,5,27,1,WR,16,Signed,Star,80,7,0,JAX,tier_3,7.0,,,
Asher,Dillard-Barr,Asher Dillard-Barr,AsherDillard-Barr_34515,469,467,1,24,5,TE,3,Signed,Normal,64,0,2,DEN,tier_6,,,,
Damion,Burgess,Damion Burgess,,470,468,0,22,6,CB,32,Draft,Normal,65,0,0,FA,tier_6,,,,
Isaiah,Collier,Isaiah Collier,IsaiahCollier_34512,471,469,1,24,5,WR,9,Signed,Normal,65,0,2,IND,tier_6,,,,
Adwenpa,Owusu-Gbeho,Adwenpa Owusu-Gbeho,AdwenpaOwusu-Gbeho_48,472,470,6,29,4,RE,32,FreeAgent,Normal,67,0,0,FA,tier_6,,,,
Thomas,Smith,Thomas Smith,ThomasSmith_3063340,473,471,6,28,63,C,32,FreeAgent,Normal,61,0,0,FA,tier_6,,,,
Damion,Thornton,Damion Thornton,DamionThornton_3363244,474,472,2,24,63,CB,32,Deleted,Normal,61,0,0,FA,tier_6,,,,
Demello,Jones,Demello Jones,DemelloJones_325,475,473,7,30,3,FS,13,Signed,Normal,70,2,0,ATL,tier_5,,2.0,,
Calvin,McPhee,Calvin McPhee,CalvinMcPhee_31622,476,474,4,27,6,CB,25,Signed,Normal,71,3,0,WAS,tier_5,,3.0,,
Kyle,Lemmermann,Kyle Lemmermann,KyleLemmermann_63391,477,475,7,29,63,K,32,FreeAgent,Normal,66,0,0,FA,tier_6,,,,
Xavier,Pamphile,Xavier Pamphile,XavierPamphile_34415,478,476,1,23,4,HB,7,Signed,Normal,68,0,2,LAC,tier_6,-2.0,,,
Hugh,Patterson,Hugh Patterson,,479,477,0,22,8,FB,32,Draft,Normal,66,0,0,FA,tier_6,,,,
Greg,Howell,Greg Howell,,480,478,0,22,2,RE,32,Draft,Star,71,0,0,FA,tier_5,,,,
Caleb,Siech,Caleb Siech,CalebSiech_63260,481,479,9,32,63,RT,29,Signed,Normal,78,0,7,TEN,tier_4,,,-7.0,
Klajon,Rhodes,Klajon Rhodes,KlajonRhodes_33331,482,480,2,24,3,RT,1,Signed,Normal,67,0,2,CIN,tier_6,,,,
Josh,Byers,Josh Byers,JoshByers_3549,483,481,0,23,4,WR,15,Signed,Normal,76,0,2,NYG,tier_4,-2.0,,,
Jason,Henderson,Jason Henderson,,484,482,10,32,3,LOLB,32,Deleted,Normal,65,0,0,FA,tier_6,,,,
Jonathan,Hatton Jr,Jonathan Hatton Jr,JonathanHatton Jr_29541,485,483,7,29,5,HB,32,FreeAgent,Normal,59,0,0,FA,tier_6,,,,
Mario,Noel-Fowler,Mario Noel-Fowler,MarioNoel-Fowler_34617,486,484,1,22,6,CB,7,Signed,Normal,69,0,0,LAC,tier_6,,0.0,,
Juan,Sheard,Juan Sheard,,487,485,0,22,5,CB,32,Draft,Normal,66,0,0,FA,tier_6,,,,
Clifton,Norwood,Clifton Norwood,CliftonNorwood_34518,488,486,1,23,5,LT,7,Signed,Normal,65,0,2,LAC,tier_6,,,,
Kingsley,Fuller,Kingsley Fuller,KingsleyFuller_3563435,489,487,0,23,63,WR,29,PracticeSquad,Normal,61,0,1,TEN,tier_6,,,,
Garrett,Schwiebert,Garrett Schwiebert,GarrettSchwiebert_633,490,488,9,32,6,LG,30,Signed,Normal,66,0,2,MIN,tier_6,,,,
Ja'Marr,Chase,Ja'Marr Chase,ChaseJaMarr_21586,491,489,14,35,1,WR,32,Retired,Normal,67,0,0,FA,tier_6,,,,
Travis,Hunter,Travis Hunter,TravisHunter_14,492,490,10,31,1,CB,1,Signed,Star,74,0,2,CIN,tier_5,,,,
Alex,Sherwood,Alex Sherwood,AlexSherwood_3363269,493,491,2,26,63,LE,32,Deleted,Normal,60,0,0,FA,tier_6,,,,
David,Singleton,David Singleton,DavidSingleton_3363411,494,492,2,24,63,SS,8,Signed,Normal,78,0,2,KC,tier_4,,-2.0,,
Alton,Gaines,Alton Gaines,AltonGaines_3063229,495,493,6,28,63,QB,32,FreeAgent,Normal,63,0,0,FA,tier_6,,,,
Quinton,Davis Jr,Quinton Davis Jr,QuintonDavis Jr_30512,496,494,5,27,5,MLB,30,Signed,Star,80,0,2,MIN,tier_3,,-2.0,,
Arnold,Horton,Arnold Horton,ArnoldHorton_3563402,497,495,1,23,63,C,32,FreeAgent,Normal,61,0,0,FA,tier_6,,,,
Tyron,Clark,Tyron Clark,TyronClark_33522,498,496,2,25,5,SS,6,Signed,Normal,71,0,0,ARI,tier_5,,0.0,,
Jonathon,Bayo,Jonathon Bayo,JonathonBayo_34522,499,497,1,22,5,SS,1,Signed,Normal,80,0,7,CIN,tier_3,,-7.0,,
Greg,Pritchett,Greg Pritchett,GregPritchett_34520,500,498,1,23,5,RE,25,Signed,Normal,71,0,3,WAS,tier_5,,-3.0,,
Devon,Spencer,Devon Spencer,DevonSpencer_34537,501,499,1,25,5,CB,25,Signed,Normal,70,0,6,WAS,tier_5,,-6.0,,
Shaun,Carroll,Shaun Carroll,ShaunCarroll_3172,502,500,4,26,7,DT,7,Signed,Normal,69,0,2,LAC,tier_6,,-2.0,,
Jamon,Foote,Jamon Foote,JamonFoote_30131,503,501,5,26,1,CB,14,Signed,Normal,80,0,2,SF,tier_3,,-2.0,,
Gavin,Ellis,Gavin Ellis,GavinEllis_30328,504,502,5,27,3,RT,15,Signed,Normal,82,1,0,NYG,tier_3,,,1.0,
Trent,Alexander,Trent Alexander,TrentAlexander_34514,505,503,1,24,5,HB,11,Signed,Normal,75,0,5,MIA,tier_4,-5.0,,,
Robbie,Pearce,Robbie Pearce,RobbiePearce_3543,506,504,0,23,4,RT,14,Signed,Normal,71,0,1,SF,tier_5,,,,
Christian,Brown,Christian Brown,,507,505,0,21,3,LOLB,32,Draft,Normal,70,0,0,FA,tier_5,,,,
Ryan,Yaites,Ryan Yaites,RyanYaites_212,508,506,7,29,2,FS,15,Signed,Superstar,79,0,2,NYG,tier_4,,-2.0,,
Damone,Clark,Damone Clark,ClarkDamone_22185,509,507,13,35,5,ROLB,32,Deleted,Normal,61,0,0,FA,tier_6,,,,
Bryce,Beasley,Bryce Beasley,BryceBeasley_34521,510,508,1,23,5,LG,26,Signed,Normal,69,0,2,NO,tier_6,,,,
Dylan,Stewart,Dylan Stewart,DylanStewart_12,511,509,8,30,1,RE,13,Signed,Star,71,0,0,ATL,tier_5,,0.0,,
Justin,Gomez,Justin Gomez,,512,510,0,21,2,QB,32,Draft,Star,64,0,0,FA,tier_6,,,,
Glen,Generals,Glen Generals,GlenGenerals_3563293,513,511,0,22,63,WR,13,PracticeSquad,Normal,63,0,1,ATL,tier_6,,,,
Braxton,Eubanks,Braxton Eubanks,,514,512,0,21,5,CB,32,Draft,Normal,73,0,0,FA,tier_5,,,,
Jayden,Williams,Jayden Williams,JaydenWilliams_526,515,513,10,32,5,RT,21,Signed,Normal,68,0,2,NE,tier_6,,,,
Zaxel,Westbrook,Zaxel Westbrook,ZaxelWestbrook_35421,516,514,0,22,4,SS,16,Signed,Star,71,0,0,JAX,tier_5,,0.0,,
Adam,Smart,Adam Smart,,517,515,0,22,8,LG,32,Draft,Normal,60,0,0,FA,tier_6,,,,
Abdul,Carter,Abdul Carter,AbdulCarter_115,518,516,10,31,1,LOLB,20,Signed,Star,72,10,0,CAR,tier_5,,10.0,,
Ryan,Krueger,Ryan Krueger,RyanKrueger_35221,519,517,0,22,2,RG,16,Signed,Superstar,79,0,1,JAX,tier_4,,,-1.0,
Danny,Stutsman,Danny Stutsman,DannyStutsman_332,520,518,11,32,3,LOLB,32,FreeAgent,Normal,59,0,0,FA,tier_6,,,,
Karmello,English,Karmello English,KarmelloEnglish_517,521,519,7,29,5,WR,27,Signed,Star,81,0,1,SEA,tier_3,-1.0,,,
Jayden,McLean,Jayden McLean,,522,520,0,22,3,DT,32,Draft,Superstar,73,0,0,FA,tier_5,,,,
Jalin,Conyers,Jalin Conyers,JalinConyers_41,523,521,10,32,4,TE,23,Signed,Superstar,82,1,4,LAR,tier_3,-3.0,,,
Christen,Miller,Christen Miller,ChristenMiller_27,524,522,8,30,2,DT,13,Signed,Star,71,0,0,ATL,tier_5,,0.0,,
Tevin,Cooper,Tevin Cooper,TevinCooper_30335,525,523,5,27,3,ROLB,28,Signed,XFactor,90,3,0,PIT,tier_1,,3.0,,
Trent,Wesley,Trent Wesley,TrentWesley_3363403,526,524,2,25,63,FS,9,Signed,Normal,72,1,0,IND,tier_5,,1.0,,
Logan,Studt,Logan Studt,LoganStudt_63336,527,525,8,30,63,MLB,32,FreeAgent,Normal,59,0,0,FA,tier_6,,,,
Mantrez,Walker,Mantrez Walker,MantrezWalker_29434,528,526,6,28,4,LOLB,8,Signed,Normal,66,0,2,KC,tier_6,,-2.0,,
LaDarius,Richards,LaDarius Richards,LaDariusRichards_35526,529,527,0,21,5,FS,12,Signed,Normal,67,0,5,PHI,tier_6,,-5.0,,
Akatendeka,Ndebele,Akatendeka Ndebele,AkatendekaNdebele_3467,530,528,1,22,6,LE,14,PracticeSquad,Normal,64,0,2,SF,tier_6,,,,
Mike,Lennon,Mike Lennon,MikeLennon_3363243,531,529,2,23,63,CB,10,Signed,Normal,67,5,0,DAL,tier_6,,5.0,,
Forrest,Kirklin,Forrest Kirklin,ForrestKirklin_3563249,532,530,0,22,63,DT,7,PracticeSquad,Normal,63,0,1,LAC,tier_6,,,,
Ethan,Crockett,Ethan Crockett,EthanCrockett_30625,533,531,5,27,6,QB,5,Signed,Normal,67,0,0,TB,tier_6,,,,
Bernie,Culver,Bernie Culver,BernieCulver_3363422,534,532,2,24,63,TE,32,Deleted,Normal,59,0,0,FA,tier_6,,,,
Conner,Wilber,Conner Wilber,,535,533,0,22,8,LG,32,Draft,Normal,57,0,0,FA,tier_6,,,,
Immanuel,Thomas,Immanuel Thomas,,536,534,0,23,6,ROLB,32,Draft,Normal,66,0,0,FA,tier_6,,,,
Trent,Green Jr,Trent Green Jr,TrentGreen Jr_34527,537,535,1,23,5,RG,11,Signed,Normal,68,0,2,MIA,tier_6,,,,
Donavan,Palmer,Donavan Palmer,DonavanPalmer_34617,538,536,1,23,63,WR,30,Signed,Normal,70,0,2,MIN,tier_5,,,,
Rylan,Harrell,Rylan Harrell,RylanHarrell_30427,539,537,5,28,4,LG,3,Signed,Star,78,0,1,DEN,tier_4,,,-1.0,
Will,Tucker,Will Tucker,WillTucker_35315,540,538,0,22,3,C,2,Signed,Normal,69,0,1,BUF,tier_6,,,,
Jacob,Gideon,Jacob Gideon,,541,539,10,33,5,C,32,Deleted,Normal,66,0,0,FA,tier_6,,,,
Ty-Ty,Stevenson,Ty-Ty Stevenson,Ty-TyStevenson_34519,542,540,1,24,5,LOLB,12,Signed,Normal,66,0,2,PHI,tier_6,,,,
Ta'ita'i,Kekoa,Ta'ita'i Kekoa,Ta'ita'iKekoa_315,543,541,5,27,3,DT,26,Signed,Star,70,0,5,NO,tier_5,,-5.0,,
Aaron,Benson,Aaron Benson,AaronBenson_35522,544,542,0,22,5,SS,19,Signed,Normal,68,10,0,GB,tier_6,,10.0,,
Jonathan,Odom,Jonathan Odom,JonathanOdom_3469,545,543,1,23,6,CB,21,PracticeSquad,Normal,67,0,2,NE,tier_6,,,,
John,Milstead,John Milstead,,546,544,0,21,1,WR,32,Draft,XFactor,76,0,0,FA,tier_4,,,,
Allen,Bullough,Allen Bullough,AllenBullough_3563239,547,545,0,22,63,QB,32,Deleted,Normal,55,0,0,FA,tier_6,,,,
Kai,Cleveland,Kai Cleveland,KaiCleveland_35712,548,546,0,22,7,SS,24,Signed,Normal,64,0,1,BAL,tier_6,,,,
David,Cota,David Cota,,549,547,0,22,3,LG,32,Draft,Star,71,0,0,FA,tier_5,,,,
Grant,Mitchell,Grant Mitchell,GrantMitchell_3438,550,548,1,23,3,SS,26,Signed,Normal,68,0,2,NO,tier_6,,,,
Gilbert,Carney Jr,Gilbert Carney Jr,GilbertCarney Jr_30739,551,549,6,29,7,CB,32,FreeAgent,Normal,69,0,0,FA,tier_6,,,,
Justin,Thornton,Justin Thornton,JustinThornton_34430,552,550,1,24,4,HB,30,Signed,Normal,72,0,6,MIN,tier_5,-6.0,,,
Demario,Knight,Demario Knight,DemarioKnight_3546,553,551,0,23,4,RE,13,Signed,Normal,69,0,3,ATL,tier_6,,-3.0,,
Derek,Irons,Derek Irons,DerekIrons_3363346,554,552,2,25,63,RG,15,Signed,Normal,68,13,0,NYG,tier_6,,,13.0,
Dillon,Dallas,Dillon Dallas,DillonDallas_34525,555,553,1,23,5,C,15,Signed,Normal,67,0,2,NYG,tier_6,,,,
Walker,White,Walker White,,556,554,7,30,6,QB,32,Deleted,Normal,60,0,0,FA,tier_6,,,,
Nazair,Drummond,Nazair Drummond,NazairDrummond_3026,557,555,5,27,2,CB,10,Signed,Star,75,4,0,DAL,tier_4,,4.0,,
Shareef,Mabry,Shareef Mabry,ShareefMabry_3063428,558,556,5,27,63,TE,20,Signed,Normal,77,1,1,CAR,tier_4,0.0,,,
Matthew,Lowery,Matthew Lowery,MatthewLowery_34540,559,557,1,23,5,TE,8,Signed,Normal,69,0,2,KC,tier_6,,,,
Donnell,Derby,Donnell Derby,DonnellDerby_3318,560,558,2,24,1,LT,2,Signed,Normal,78,0,2,BUF,tier_4,,,,
Dorian,Ford-Towns,Dorian Ford-Towns,DorianFord-Towns_33630,561,559,2,24,6,LE,6,Signed,Normal,69,0,3,ARI,tier_6,,-3.0,,
Damarius,Yates,Damarius Yates,DamariusYates_29122,562,560,6,27,1,HB,9,Signed,Star,77,8,0,IND,tier_4,8.0,,,
Emmett,Dobson,Emmett Dobson,EmmettDobson_33114,563,561,2,24,1,CB,11,Signed,Normal,77,0,1,MIA,tier_4,,-1.0,,
Jaylen,Goodwin,Jaylen Goodwin,JaylenGoodwin_3363349,564,562,2,25,63,RG,10,PracticeSquad,Normal,63,0,2,DAL,tier_6,,,,
Niles,Payne,Niles Payne,,565,563,0,21,8,LE,32,Draft,Normal,61,0,0,FA,tier_6,,,,
Carlo,Burke,Carlo Burke,CarloBurke_34528,566,564,1,23,5,DT,29,Signed,Normal,68,0,3,TEN,tier_6,,-3.0,,
Matthew,McKay,Matthew McKay,,567,565,0,23,8,WR,32,Draft,Normal,63,0,0,FA,tier_6,,,,
Cassh,Schroeder,Cassh Schroeder,CasshSchroeder_30210,568,566,5,27,2,MLB,29,Signed,Star,70,3,0,TEN,tier_5,,3.0,,
Eric,Conrad,Eric Conrad,,569,567,0,22,2,LG,32,Draft,Star,74,0,0,FA,tier_5,,,,
Tackett,Curtis,Tackett Curtis,TackettCurtis_130,570,568,9,30,1,MLB,25,Signed,Star,77,0,0,WAS,tier_4,,0.0,,
Keelan,Samuel,Keelan Samuel,KeelanSamuel_3163432,571,569,5,26,63,TE,32,FreeAgent,Normal,61,0,0,FA,tier_6,,,,
Dison,Gray,Dison Gray,DisonGray_3477,572,570,1,24,63,CB,2,Signed,Normal,65,0,1,BUF,tier_6,,-1.0,,
Brandon,Mitchell,Brandon Mitchell,BrandonMitchell_34526,573,571,1,21,5,HB,20,Signed,Normal,71,7,0,CAR,tier_5,7.0,,,
Terrion,Arnold,Terrion Arnold,TerrionArnold_411,574,572,10,32,4,CB,0,Signed,Star,71,6,0,CHI,tier_5,,6.0,,
Jerome,Childers,Jerome Childers,JeromeChilders_33615,575,573,2,24,6,HB,30,Signed,Normal,71,2,0,MIN,tier_5,2.0,,,
Julian,Morrison,Julian Morrison,,576,574,0,21,5,CB,32,Draft,Normal,69,0,0,FA,tier_6,,,,
James,Wake,James Wake,,577,575,0,22,3,LE,32,Draft,Normal,68,0,0,FA,tier_6,,,,
Kenneth,Stanton,Kenneth Stanton,KennethStanton_35311,578,576,0,21,3,FS,26,Signed,Normal,81,1,0,NO,tier_3,,1.0,,
Reggie,Mitchell,Reggie Mitchell,,579,577,0,22,8,LE,32,Draft,Normal,61,0,0,FA,tier_6,,,,
Tommy,Thornton,Tommy Thornton,,580,578,0,22,8,RT,32,Draft,Normal,57,0,0,FA,tier_6,,,,
Kasey,Stephenson,Kasey Stephenson,,581,579,0,21,8,RE,32,Draft,Normal,59,0,0,FA,tier_6,,,,
Alex,Neill,Alex Neill,AlexNeill_34624,582,580,1,22,63,K,25,Signed,Normal,71,1,1,WAS,tier_5,,,,0.0
River,Veltkamp,River Veltkamp,RiverVeltkamp_3456,583,581,1,23,5,QB,15,Signed,Normal,65,0,0,NYG,tier_6,,,,
Alton,Monroe,Alton Monroe,,584,582,0,21,6,LE,32,Draft,Normal,68,0,0,FA,tier_6,,,,
Tristan,Alvano,Tristan Alvano,TristanAlvano_63265,585,583,9,32,63,K,32,FreeAgent,Normal,69,0,0,FA,tier_6,,,,
Trayvon,Webber,Trayvon Webber,TrayvonWebber_3426,586,584,1,22,2,LOLB,16,Signed,Normal,71,0,9,JAX,tier_5,,-9.0,,
Devan,Houstan,Devan Houstan,DevanHoustan_443,587,585,7,30,4,DT,23,Signed,Star,72,0,1,LAR,tier_5,,-1.0,,
Luke,Parrish,Luke Parrish,LukeParrish_34410,588,586,1,23,4,WR,9,Signed,Normal,68,0,2,IND,tier_6,,,,
Craig,Brown,Craig Brown,CraigBrown_34523,589,587,1,24,5,HB,28,Signed,Normal,76,2,0,PIT,tier_4,2.0,,,
Kenyon,Harvin,Kenyon Harvin,KenyonHarvin_34626,590,588,1,24,63,WR,2,Signed,Normal,67,0,2,BUF,tier_6,,,,
Dante,Dowdell,Dante Dowdell,,591,589,9,31,2,HB,32,Deleted,Normal,63,0,0,FA,tier_6,,,,
De'Angelo,Booker,De'Angelo Booker,De'AngeloBooker_30413,592,590,5,28,4,WR,13,Signed,Normal,85,3,0,ATL,tier_2,3.0,,,
Branden,Ali,Branden Ali,BrandenAli_34616,593,591,1,23,6,SS,2,Signed,Normal,70,0,0,BUF,tier_5,,0.0,,
Ben,Clavijo,Ben Clavijo,BenClavijo_25,594,592,4,25,2,LOLB,7,Signed,Superstar,86,0,7,LAC,tier_2,,-7.0,,
Dominick,Barnett,Dominick Barnett,DominickBarnett_3563302,595,593,0,22,63,RG,28,PracticeSquad,Normal,62,0,1,PIT,tier_6,,,,
Dominick,McKinley,Dominick McKinley,DominickMcKinley_123,596,594,8,29,1,DT,30,Signed,Star,69,3,0,MIN,tier_6,,3.0,,
Fletcher,Cox,Fletcher Cox,,597,595,17,38,1,DT,32,Retired,Normal,63,0,0,FA,tier_6,,,,
EJ,McKenzie,EJ McKenzie,EJMcKenzie_34622,598,596,1,22,6,CB,30,Signed,Normal,66,0,2,MIN,tier_6,,,,
Darrell,Robinson II,Darrell Robinson II,DarrellRobinson II_34216,599,597,1,24,2,CB,2,Signed,Star,85,0,0,BUF,tier_2,,0.0,,
Tyler,Peek,Tyler Peek,,600,598,0,22,8,RG,32,Draft,Normal,59,0,0,FA,tier_6,,,,
Levi,Stearn,Levi Stearn,LeviStearn_34632,601,599,1,24,6,DT,1,Signed,Normal,67,0,2,CIN,tier_6,,,,
Kyle,Barnes,Kyle Barnes,KyleBarnes_3363415,602,600,2,25,63,SS,12,PracticeSquad,Normal,62,0,2,PHI,tier_6,,,,
Isaiah,Coleman,Isaiah Coleman,IsaiahColeman_34536,603,601,1,24,5,FS,17,Signed,Normal,74,11,0,NYJ,tier_5,,11.0,,
Joe,Long,Joe Long,JoeLong_34532,604,602,1,24,5,ROLB,30,Signed,Normal,63,3,0,MIN,tier_6,,3.0,,
Peyton,Woodyard,Peyton Woodyard,PeytonWoodyard_63316,605,603,8,31,63,SS,32,FreeAgent,Star,67,0,0,FA,tier_6,,,,
Maxx,Crosby,Maxx Crosby,CrosbyMaxx_20571,606,604,13,35,4,LE,32,Retired,Normal,71,0,0,FA,tier_5,,,,
Blake,Grupe,Blake Grupe,GrupeBlake_23337,607,605,13,37,63,K,32,FreeAgent,Normal,67,0,0,FA,tier_6,,,,
Charles,Cross,Charles Cross,CrossCharles_22437,608,606,14,35,1,LT,32,FreeAgent,Normal,62,0,0,FA,tier_6,,,,
Raheem,Favors,Raheem Favors,,609,607,0,22,8,CB,32,Draft,Normal,65,0,0,FA,tier_6,,,,
Kentrell,James,Kentrell James,,610,608,0,22,5,CB,32,Draft,Star,68,0,0,FA,tier_6,,,,
Korey,Ramsey,Korey Ramsey,KoreyRamsey_34529,611,609,1,25,5,MLB,4,Signed,Normal,69,5,0,CLE,tier_6,,5.0,,
Jeremy,Halterman,Jeremy Halterman,JeremyHalterman_35723,612,610,0,22,7,C,23,Signed,Normal,63,1,0,LAR,tier_6,,,1.0,
Bradley,Keyes,Bradley Keyes,,613,611,0,21,1,CB,32,Draft,Normal,75,0,0,FA,tier_4,,,,
Chuck,McLean,Chuck McLean,,614,612,0,22,2,CB,32,Draft,Star,75,0,0,FA,tier_4,,,,
Juan,Buck,Juan Buck,,615,613,0,22,4,CB,32,Draft,Normal,67,0,0,FA,tier_6,,,,
Justin,Hughes,Justin Hughes,JustinHughes_34230,616,614,1,24,2,WR,6,Signed,Normal,70,0,6,ARI,tier_5,-6.0,,,
Dudley,Hall,Dudley Hall,DudleyHall_3522,617,615,0,22,2,CB,25,Signed,Normal,73,0,6,WAS,tier_5,,-6.0,,
Garrett,Armstrong,Garrett Armstrong,GarrettArmstrong_34129,618,616,1,23,1,LT,4,Signed,Normal,74,1,0,CLE,tier_5,,,1.0,
Monte,Posey,Monte Posey,MontePosey_34639,619,617,1,22,6,DT,2,Signed,Normal,67,0,2,BUF,tier_6,,-2.0,,
Quindarius,Hawthorne,Quindarius Hawthorne,QuindariusHawthorne_31431,620,618,5,27,4,WR,32,FreeAgent,Normal,65,0,0,FA,tier_6,,,,
Terrance,Thomas,Terrance Thomas,TerranceThomas_3163319,621,619,5,28,63,MLB,32,FreeAgent,Normal,70,0,0,FA,tier_5,,,,
Weston,Polk,Weston Polk,WestonPolk_2963413,622,620,7,30,63,LOLB,32,FreeAgent,Normal,61,0,0,FA,tier_6,,,,
Damien,Shanklin,Damien Shanklin,DamienShanklin_231,623,621,6,29,2,LE,8,Signed,Star,78,0,2,KC,tier_4,,-2.0,,
Darren,Spencer,Darren Spencer,DarrenSpencer_35314,624,622,0,22,3,LG,31,Signed,Normal,73,0,6,HOU,tier_5,,,-6.0,
Grayson,Howard,Grayson Howard,GraysonHoward_334,625,623,9,32,3,MLB,32,FreeAgent,Normal,67,0,0,FA,tier_6,,,,
Trent,Kozlowski,Trent Kozlowski,TrentKozlowski_34723,626,624,1,23,7,P,28,Signed,Star,72,0,3,PIT,tier_5,,,,-3.0
Devon,Davis,Devon Davis,DevonDavis_34533,627,625,1,23,5,SS,11,Signed,Normal,70,5,0,MIA,tier_5,,5.0,,
Zach,Berry,Zach Berry,,628,626,0,22,1,QB,32,Draft,Star,70,0,0,FA,tier_5,,,,
Dylan,Schultz,Dylan Schultz,,629,627,0,23,4,TE,32,Draft,Star,66,0,0,FA,tier_6,,,,
Derrick,Wilburn,Derrick Wilburn,DerrickWilburn_35132,630,628,0,21,1,SS,10,Signed,Normal,75,3,0,DAL,tier_4,,3.0,,
Tom,Hutton,Tom Hutton,,631,629,0,22,8,QB,32,Draft,Normal,58,0,0,FA,tier_6,,,,
Rasheem,Lewis,Rasheem Lewis,RasheemLewis_34531,632,630,1,24,5,MLB,23,Signed,Normal,65,0,0,LAR,tier_6,,0.0,,
Gerald,Wilson,Gerald Wilson,GeraldWilson_34539,633,631,1,24,5,HB,8,Signed,Normal,66,0,1,KC,tier_6,,,,
Trezmond,Hood,Trezmond Hood,TrezmondHood_3463257,634,632,1,24,63,WR,9,Signed,Normal,69,0,2,IND,tier_6,,,,
Lloyd,Cooper,Lloyd Cooper,LloydCooper_3463233,635,633,1,24,63,MLB,5,Signed,Normal,72,0,4,TB,tier_5,,-4.0,,
Ed,Hughes,Ed Hughes,,636,634,0,23,8,DT,32,Draft,Normal,63,0,0,FA,tier_6,,,,
Zaire,Franklin,Zaire Franklin,ZaireFranklin_32125,637,635,3,24,1,DT,23,Signed,Star,87,8,0,LAR,tier_2,,8.0,,
Julius,Grant,Julius Grant,JuliusGrant_3422,638,636,1,23,2,DT,25,Signed,Normal,72,0,1,WAS,tier_5,,-1.0,,
Jarrick,Heyward Sr,Jarrick Heyward Sr,JarrickHeyward Sr_3544,639,637,0,24,4,SS,8,Signed,Normal,71,4,0,KC,tier_5,,4.0,,
Zay,Borden,Zay Borden,ZayBorden_30114,640,638,5,26,1,RE,15,Signed,Star,73,6,0,NYG,tier_5,,6.0,,
Chris,Armstrong,Chris Armstrong,,641,639,0,21,8,K,32,Draft,Normal,65,0,0,FA,tier_6,,,,
Dashawn,McBryde,Dashawn McBryde,DashawnMcBryde_316,642,640,7,29,3,FS,4,Signed,Star,83,6,0,CLE,tier_3,,6.0,,
Ovie,Benshaw,Ovie Benshaw,OvieBenshaw_31336,643,641,4,27,3,CB,24,Signed,Normal,72,0,1,BAL,tier_5,,-1.0,,
Lucas,Mitchell,Lucas Mitchell,LucasMitchell_3354,644,642,2,25,5,C,9,Signed,Normal,74,0,3,IND,tier_5,,,-3.0,
Javier,Claiborne,Javier Claiborne,JavierClaiborne_3463239,645,643,1,24,63,WR,3,Signed,Normal,70,0,3,DEN,tier_5,-3.0,,,
Colt,Jackson,Colt Jackson,ColtJackson_32120,646,644,3,25,1,LT,21,Signed,Normal,73,1,0,NE,tier_5,,,1.0,
Aaron,Rudd,Aaron Rudd,AaronRudd_30522,647,645,5,27,63,K,26,Signed,Normal,78,1,1,NO,tier_4,,,,0.0
Tavion,Wallace,Tavion Wallace,TavionWallace_29311,648,646,7,29,3,LOLB,32,FreeAgent,Normal,63,0,0,FA,tier_6,,,,
DaQuan,Bullock,DaQuan Bullock,DaQuanBullock_3363370,649,647,2,24,63,ROLB,2,Signed,Star,85,0,1,BUF,tier_2,,-1.0,,
Garrison,Horne,Garrison Horne,,650,648,0,24,8,RE,32,Draft,Star,56,0,0,FA,tier_6,,,,
Jahkeem,Stewart,Jahkeem Stewart,JahkeemStewart_29114,651,649,6,27,1,DT,22,Signed,XFactor,95,1,0,LV,tier_0,,1.0,,
Percy,Samuels,Percy Samuels,PercySamuels_32114,652,650,3,26,1,CB,26,Signed,Normal,78,4,0,NO,tier_4,,4.0,,
Keyshawn,Downing,Keyshawn Downing,KeyshawnDowning_33434,653,651,2,24,4,LG,22,Signed,Normal,80,0,2,LV,tier_3,,,-2.0,
Marion,Brackett,Marion Brackett,MarionBrackett_3563311,654,652,0,22,63,LE,14,PracticeSquad,Normal,64,0,1,SF,tier_6,,,,
Wyatt,Hamilton,Wyatt Hamilton,,655,653,0,22,8,QB,32,Draft,Normal,59,0,0,FA,tier_6,,,,
Everett,Sharper,Everett Sharper,EverettSharper_3363419,656,654,2,24,63,TE,16,Signed,Normal,67,0,2,JAX,tier_6,,,,
Shawn,Truman,Shawn Truman,ShawnTruman_3363278,657,655,2,24,63,DT,26,Signed,Normal,67,0,2,NO,tier_6,,-2.0,,
Mark,Creagh,Mark Creagh,MarkCreagh_3363337,658,656,2,26,63,LG,8,Signed,Normal,68,1,0,KC,tier_6,,,1.0,
Leati,Alofaituli,Leati Alofaituli,LeatiAlofaituli_32129,659,657,3,24,1,LG,4,Signed,Star,87,0,1,CLE,tier_2,,,-1.0,
Trevin,Wallace,Trevin Wallace,,660,658,10,33,3,ROLB,32,Deleted,Normal,59,0,0,FA,tier_6,,,,
Braylon,Holt,Braylon Holt,BraylonHolt_3355,661,659,2,24,5,WR,16,Signed,Normal,70,1,0,JAX,tier_5,1.0,,,
Jack,Patterson,Jack Patterson,JackPatterson_3359,662,660,2,24,5,DT,18,Signed,Normal,71,0,3,DET,tier_5,,-3.0,,
Kentlan,Strong,Kentlan Strong,KentlanStrong_3363369,663,661,2,24,63,ROLB,15,PracticeSquad,Normal,60,0,2,NYG,tier_6,,,,
Mike,Conway,Mike Conway,MikeConway_33611,664,662,2,23,6,SS,28,Signed,Normal,76,0,0,PIT,tier_4,,0.0,,
Collin,Fowler,Collin Fowler,CollinFowler_32123,665,663,3,25,1,TE,30,Signed,Star,85,1,4,MIN,tier_2,-3.0,,,
Jonathan,Studivant,Jonathan Studivant,,666,664,0,22,2,CB,32,Draft,Star,79,0,0,FA,tier_4,,,,
Melo,Silver,Melo Silver,MeloSilver_30317,667,665,5,28,3,WR,4,Signed,Normal,66,0,2,CLE,tier_6,,,,
Shaydon,Turner,Shaydon Turner,ShaydonTurner_32118,668,666,3,24,1,WR,22,Signed,Star,84,2,0,LV,tier_3,2.0,,,
LaMichael,Holmes,LaMichael Holmes,,669,667,0,22,8,DT,32,Draft,Normal,57,0,0,FA,tier_6,,,,
Miguel,Giraldo,Miguel Giraldo,,670,668,0,21,7,DT,32,Draft,Normal,62,0,0,FA,tier_6,,,,
Ahmon,Nelson,Ahmon Nelson,AhmonNelson_34541,671,669,1,24,5,RG,20,Signed,Normal,69,0,2,CAR,tier_6,,,,
Derek,Reece,Derek Reece,DerekReece_32116,672,670,3,24,1,CB,24,Signed,Normal,81,0,1,BAL,tier_3,,-1.0,,
Ty'quan,Maye,Ty'quan Maye,Ty'quanMaye_30533,673,671,5,28,5,LG,17,Signed,Normal,69,0,2,NYJ,tier_6,,,,
Decam,Duley,Decam Duley,DecamDuley_519,674,672,7,29,5,P,13,Signed,Star,77,0,1,ATL,tier_4,,,,-1.0
Walter,Nash,Walter Nash,WalterNash_3363318,675,673,2,24,63,C,28,Signed,Normal,67,2,0,PIT,tier_6,,,2.0,
Kareem,Harrison,Kareem Harrison,,676,674,0,23,4,RE,32,Draft,Star,68,0,0,FA,tier_6,,,,
Chrome,Dixon,Chrome Dixon,ChromeDixon_31625,677,675,4,26,6,WR,29,Signed,Normal,66,0,2,TEN,tier_6,,,,
Connor,McLaughlin,Connor McLaughlin,,678,676,0,21,5,LOLB,32,Draft,Star,66,0,0,FA,tier_6,,,,
Davante,Norris,Davante Norris,,679,677,0,22,8,DT,32,Draft,Normal,64,0,0,FA,tier_6,,,,
Iverson,Darby,Iverson Darby,IversonDarby_3373,680,678,2,24,63,RE,13,PracticeSquad,Normal,63,0,2,ATL,tier_6,,,,
Britton,Holliday,Britton Holliday,BrittonHolliday_3363358,681,679,2,24,63,LOLB,1,Signed,Normal,61,0,3,CIN,tier_6,,-3.0,,
Divine,Deablo,Divine Deablo,DeabloDivine_21667,682,680,14,37,3,MLB,32,Deleted,Normal,60,0,0,FA,tier_6,,,,
John,Walker,John Walker,JohnWalker_131,683,681,9,31,1,DT,23,Signed,Star,78,0,2,LAR,tier_4,,,,
Cam,Driscoll,Cam Driscoll,CamDriscoll_30128,684,682,5,28,1,WR,3,Signed,Normal,72,0,2,DEN,tier_5,,,,
DeVonta,Dowdell,DeVonta Dowdell,DeVontaDowdell_35617,685,683,0,22,6,WR,21,Signed,Normal,67,0,1,NE,tier_6,,,,
Sergio,Ortega,Sergio Ortega,SergioOrtega_3563350,686,684,0,22,63,RG,4,PracticeSquad,Normal,63,0,1,CLE,tier_6,,,,
Emmett,Lincoln,Emmett Lincoln,EmmettLincoln_3045,687,685,5,26,4,HB,22,Signed,Normal,83,3,0,LV,tier_3,3.0,,,
Sidney,Sanders,Sidney Sanders,,688,686,0,22,5,LE,32,Draft,Normal,66,0,0,FA,tier_6,,,,
Darius,Woodbury,Darius Woodbury,DariusWoodbury_31123,689,687,4,25,1,RG,22,Signed,Superstar,97,0,1,LV,tier_0,,,-1.0,
Aidan,Flintoft,Aidan Flintoft,AidanFlintoft_51,690,688,8,31,5,P,5,Signed,Normal,77,0,1,TB,tier_4,,,,-1.0
Brody,Parker,Brody Parker,BrodyParker_34435,691,689,1,23,4,QB,24,Signed,Normal,63,0,0,BAL,tier_6,,,,
Silas,Curtis,Silas Curtis,,692,690,0,23,8,QB,32,Draft,Normal,58,0,0,FA,tier_6,,,,
Patrick,Cleary,Patrick Cleary,PatrickCleary_32117,693,691,3,26,1,RE,26,Signed,XFactor,91,2,0,NO,tier_1,,2.0,,
Will,Turner,Will Turner,WillTurner_34322,694,692,1,23,3,RG,21,Signed,Normal,67,0,2,NE,tier_6,,,,
Dwayne,Oliver,Dwayne Oliver,,695,693,0,22,1,WR,32,Draft,Star,73,0,0,FA,tier_5,,,,
Tracey,Ancrum,Tracey Ancrum,,696,694,0,22,4,QB,32,Draft,Normal,68,0,0,FA,tier_6,,,,
R.J.,Daniels,R.J. Daniels,R.J.Daniels_3563361,697,695,1,23,63,LOLB,32,FreeAgent,Normal,60,0,0,FA,tier_6,,,,
Amare,Thomas,Amare Thomas,AmareThomas_63308,698,696,7,30,63,WR,4,Signed,Star,85,1,0,CLE,tier_2,1.0,,,
Carlos,Brown,Carlos Brown,CarlosBrown_31619,699,697,5,27,6,FS,32,FreeAgent,Normal,61,0,0,FA,tier_6,,,,
Harold,Lawrence,Harold Lawrence,,700,698,0,22,3,CB,32,Draft,Normal,69,0,0,FA,tier_6,,,,
Chibuzo,Ekwerekwu,Chibuzo Ekwerekwu,ChibuzoEkwerekwu_30712,701,699,6,27,7,CB,32,FreeAgent,Normal,67,0,0,FA,tier_6,,,,
Cameron,Dicker,Cameron Dicker,DickerCameron_22392,702,700,13,35,63,K,7,Signed,Normal,80,1,1,LAC,tier_3,,,,0.0
Landon,Dickerson,Landon Dickerson,DickersonLandon_21642,703,701,14,36,2,LG,32,Deleted,Star,73,0,0,FA,tier_5,,,,
Devon,Stevenson,Devon Stevenson,DevonStevenson_35313,704,702,0,23,3,CB,18,Signed,Normal,73,0,1,DET,tier_5,,-1.0,,
Victor,Monty,Victor Monty,VictorMonty_33634,705,703,2,25,6,WR,15,PracticeSquad,Normal,64,0,2,NYG,tier_6,,,,
Roman,Jones,Roman Jones,,706,704,0,22,7,DT,32,Draft,Normal,63,0,0,FA,tier_6,,,,
Trystan,Haynes,Trystan Haynes,TrystanHaynes_2939,707,705,7,29,3,CB,32,FreeAgent,Normal,68,0,0,FA,tier_6,,,,
Walter,Collins,Walter Collins,WalterCollins_3011,708,706,5,26,1,LE,27,Signed,Star,81,0,2,SEA,tier_3,,-2.0,,
Josh,Gilmore,Josh Gilmore,JoshGilmore_32128,709,707,3,25,1,WR,7,Signed,Normal,74,0,3,LAC,tier_5,-3.0,,,
Jager,Burton,Jager Burton,JagerBurton_430,710,708,11,33,4,C,32,FreeAgent,Normal,63,0,0,FA,tier_6,,,,
Haason,Nkemdiche,Haason Nkemdiche,HaasonNkemdiche_3452,711,709,1,25,5,RE,0,Signed,Normal,71,0,2,CHI,tier_5,,,,
Gerald,Booth-Vales,Gerald Booth-Vales,GeraldBooth-Vales_318,712,710,5,27,3,WR,32,FreeAgent,Normal,64,0,0,FA,tier_6,,,,
David,Wilbon,David Wilbon,DavidWilbon_63423,713,711,5,28,63,TE,32,FreeAgent,Normal,62,0,0,FA,tier_6,,,,
Duce,Dowdle,Duce Dowdle,DuceDowdle_32126,714,712,3,26,1,RG,14,Signed,Normal,78,5,0,SF,tier_4,,,5.0,
Johntay,Cook II,Johntay Cook II,JohntayCook II_125,715,713,9,30,1,WR,15,Signed,Star,87,2,0,NYG,tier_2,2.0,,,
Calvin,Reed,Calvin Reed,CalvinReed_32127,716,714,3,26,1,SS,29,Signed,Normal,77,0,5,TEN,tier_4,,-5.0,,
Nymir,Franklin,Nymir Franklin,NymirFranklin_31122,717,715,4,26,1,LT,6,Signed,Star,66,0,2,ARI,tier_6,,,,
Delvin,Moore,Delvin Moore,DelvinMoore_3232,718,716,4,25,3,WR,32,FreeAgent,Normal,64,0,0,FA,tier_6,,,,
Curtis,Rivers,Curtis Rivers,CurtisRivers_32130,719,717,3,26,1,C,6,Signed,Normal,72,0,0,ARI,tier_5,,,0.0,
Marion,McDonald,Marion McDonald,MarionMcDonald_34414,720,718,1,24,4,DT,18,Signed,Normal,67,0,0,DET,tier_6,,0.0,,
Shamari,Earls,Shamari Earls,ShamariEarls_112,721,719,6,28,1,CB,3,Signed,Superstar,84,5,0,DEN,tier_3,,5.0,,
,, ,_0,722,720,1,23,63,K,32,,Normal,69,0,0,FA,tier_6,,,,
Marcus,Burton,Marcus Burton,,723,721,0,22,5,LE,32,Draft,Star,65,0,0,FA,tier_6,,,,
Kevin,Norris,Kevin Norris,KevinNorris_33618,724,722,2,24,6,LT,10,Signed,Normal,68,0,2,DAL,tier_6,,,,
Aaron,Donald,Aaron Donald,,725,723,11,39,1,DT,32,Retired,XFactor,95,0,0,FA,tier_0,,,,
Luke,Snow,Luke Snow,LukeSnow_3463293,726,724,1,22,63,WR,7,Signed,Normal,64,0,2,LAC,tier_6,,,,
Tevaughn,Wilkins,Tevaughn Wilkins,TevaughnWilkins_34516,727,725,1,23,5,LT,8,Signed,Normal,69,0,2,KC,tier_6,,,,
Morgan,Sheldon,Morgan Sheldon,MorganSheldon_32121,728,726,3,25,1,RT,3,Signed,Star,72,3,0,DEN,tier_5,,,3.0,
Kevin,Bolden,Kevin Bolden,,729,727,0,21,6,ROLB,32,Draft,Star,61,0,0,FA,tier_6,,,,
Rykeem,Booth,Rykeem Booth,RykeemBooth_32124,730,728,3,24,1,LE,12,Signed,Normal,84,2,0,PHI,tier_3,,2.0,,
Daniel,Delgado,Daniel Delgado,,731,729,0,22,7,C,32,Draft,Normal,65,0,0,FA,tier_6,,,,
Ben,Robinson,Ben Robinson,BenRobinson_3363322,732,730,2,25,63,C,25,Signed,Normal,67,0,2,WAS,tier_6,,,,
Kendrick,Pettis,Kendrick Pettis,KendrickPettis_3363418,733,731,2,25,63,TE,32,Deleted,Normal,59,0,0,FA,tier_6,,,,
Kristian,DuVall,Kristian DuVall,,734,732,0,22,3,DT,32,Draft,Superstar,69,0,0,FA,tier_6,,,,
Zachari,Hayden,Zachari Hayden,ZachariHayden_34125,735,733,1,23,1,LE,15,Signed,Normal,74,0,1,NYG,tier_5,,-1.0,,
Marcus,Young,Marcus Young,MarcusYoung_33725,736,734,2,25,7,WR,22,PracticeSquad,Normal,62,0,2,LV,tier_6,,,,
Jordin,Pettis,Jordin Pettis,JordinPettis_32131,737,735,3,24,1,WR,13,Signed,Normal,75,0,3,ATL,tier_4,-3.0,,,
Shawn,Sears,Shawn Sears,ShawnSears_33538,738,736,2,24,5,CB,4,Signed,Star,83,0,3,CLE,tier_3,,,,
Trent,Breaston,Trent Breaston,TrentBreaston_3166,739,737,5,28,6,SS,32,FreeAgent,Normal,64,0,0,FA,tier_6,,,,
Chris,Davenport,Chris Davenport,,740,738,0,23,8,C,32,Draft,Normal,64,0,0,FA,tier_6,,,,
Will,Coleman,Will Coleman,WillColeman_34432,741,739,1,22,4,MLB,3,Signed,Normal,70,0,7,DEN,tier_5,,-7.0,,
Morris,Newberry,Morris Newberry,MorrisNewberry_33529,742,740,2,24,5,RT,20,Signed,Normal,69,0,2,CAR,tier_6,,,,
Jayden,Bradshaw,Jayden Bradshaw,JaydenBradshaw_3369,743,741,2,24,6,LG,31,Signed,Normal,68,0,2,HOU,tier_6,,,,
Evan,Atkinson,Evan Atkinson,EvanAtkinson_32122,744,742,3,25,1,QB,28,Signed,Star,81,0,0,PIT,tier_3,,,,
Theo,Bassey,Theo Bassey,,745,743,0,22,6,CB,32,Draft,Normal,66,0,0,FA,tier_6,,,,
KJ,Bolden,KJ Bolden,KJBolden_211,746,744,8,29,2,FS,20,Signed,Superstar,80,0,3,CAR,tier_3,,,,
Kelvin,Wiley,Kelvin Wiley,,747,745,0,23,8,LG,32,Draft,Normal,64,0,0,FA,tier_6,,,,
Dwayne,Freeman,Dwayne Freeman,,748,746,0,22,2,LE,32,Draft,Star,76,0,0,FA,tier_4,,,,
Tirell,Felton,Tirell Felton,TirellFelton_35212,749,747,0,22,2,DT,26,Signed,Normal,75,0,5,NO,tier_4,,-5.0,,
Nick,McCain,Nick McCain,,750,748,0,23,8,LG,32,Draft,Normal,66,0,0,FA,tier_6,,,,
Cassius,Parrish,Cassius Parrish,CassiusParrish_33211,751,749,2,24,2,WR,28,Signed,XFactor,91,2,0,PIT,tier_1,2.0,,,
Dante,Moore,Dante Moore,,752,750,8,30,1,QB,32,Deleted,Normal,60,0,0,FA,tier_6,,,,
Dakorien,Moore,Dakorien Moore,DakorienMoore_28,753,751,7,28,2,WR,1,Signed,Normal,68,0,2,CIN,tier_6,,,,
Adrian,Hobbs,Adrian Hobbs,AdrianHobbs_3044,754,752,6,28,4,QB,32,FreeAgent,Normal,61,0,0,FA,tier_6,,,,
Asaad,Slayton,Asaad Slayton,AsaadSlayton_3226,755,753,3,25,2,DT,31,Signed,Normal,74,9,0,HOU,tier_5,,9.0,,
Leslie,Johnston,Leslie Johnston,,756,754,0,22,3,DT,32,Draft,Star,71,0,0,FA,tier_5,,,,
Landon,Hoskins,Landon Hoskins,LandonHoskins_32213,757,755,3,26,2,LE,10,Signed,Normal,67,0,3,DAL,tier_6,,-3.0,,
Steve,Hernandez,Steve Hernandez,,758,756,0,23,4,HB,32,Draft,Normal,69,0,0,FA,tier_6,,,,
Max,Chamberlain,Max Chamberlain,MaxChamberlain_3363317,759,757,3,25,63,MLB,32,FreeAgent,Normal,60,0,0,FA,tier_6,,,,
Jalen,Allen Jr,Jalen Allen Jr,JalenAllen Jr_32112,760,758,3,25,1,RE,16,Signed,Star,84,0,2,JAX,tier_3,,-2.0,,
Jamaree,Creer,Jamaree Creer,,761,759,0,23,7,HB,32,Draft,Normal,63,0,0,FA,tier_6,,,,
Antwuan,Alexander,Antwuan Alexander,AntwuanAlexander_3569,762,760,0,22,6,DT,29,Signed,Normal,68,0,5,TEN,tier_6,,-5.0,,
Carter,Hoffman,Carter Hoffman,CarterHoffman_3563421,763,761,0,22,63,RT,26,PracticeSquad,Normal,62,0,1,NO,tier_6,,,,
James,Carrington,James Carrington,JamesCarrington_29221,764,762,6,27,2,DT,10,Signed,Star,73,0,2,DAL,tier_5,,,,
KB,Webber,KB Webber,KBWebber_30318,765,763,6,28,3,LE,32,FreeAgent,Normal,70,0,0,FA,tier_5,,,,
Trevor,Williams,Trevor Williams,TrevorWilliams_34211,766,764,1,22,2,WR,10,Signed,Normal,84,1,0,DAL,tier_3,1.0,,,
Johnny,Johnson,Johnny Johnson,,767,765,0,21,1,LE,32,Draft,Superstar,75,0,0,FA,tier_4,,,,
Jamie,Rutherford,Jamie Rutherford,JamieRutherford_3363338,768,766,2,25,63,LG,11,PracticeSquad,Normal,66,0,2,MIA,tier_6,,,,
Isaiah,Crockett,Isaiah Crockett,IsaiahCrockett_3163399,769,767,4,26,63,DT,28,Signed,Normal,66,0,2,PIT,tier_6,,,,
Jonah,Savaiinaea,Jonah Savaiinaea,JonahSavaiinaea_214,770,768,11,32,2,LG,32,FreeAgent,Normal,61,0,0,FA,tier_6,,,,
Isaac,Willis,Isaac Willis,IsaacWillis_3224,771,769,4,25,2,LG,32,FreeAgent,Normal,62,0,0,FA,tier_6,,,,
Madison,Martin,Madison Martin,MadisonMartin_30618,772,770,6,29,6,ROLB,32,FreeAgent,Normal,63,0,0,FA,tier_6,,,,
Jake,Renfro,Jake Renfro,,773,771,10,33,4,C,32,Deleted,Normal,63,0,0,FA,tier_6,,,,
Aliou,Bah,Aliou Bah,AliouBah_26,774,772,8,31,2,RG,8,Signed,Normal,67,0,2,KC,tier_6,,,,
Zavier,Holloway,Zavier Holloway,ZavierHolloway_3222,775,773,3,25,2,MLB,29,Signed,Normal,77,1,0,TEN,tier_4,,1.0,,
Amir,Dupree,Amir Dupree,AmirDupree_32412,776,774,3,26,4,CB,16,Signed,Normal,72,0,0,JAX,tier_5,,0.0,,
Amare,Adams,Amare Adams,AmareAdams_231,777,775,8,29,2,DT,32,FreeAgent,Star,68,0,0,FA,tier_6,,,,
Ryan,Eckley,Ryan Eckley,,778,776,5,27,7,P,32,Deleted,Normal,62,0,0,FA,tier_6,,,,
A'Zion,Buckley,A'Zion Buckley,A'ZionBuckley_31224,779,777,4,26,2,CB,15,Signed,Star,75,1,0,NYG,tier_4,,1.0,,
Danny,Donnell,Danny Donnell,DannyDonnell_3063400,780,778,6,29,63,P,32,FreeAgent,Normal,69,0,0,FA,tier_6,,,,
A'Shawn,Boyce,A'Shawn Boyce,A'ShawnBoyce_3221,781,779,3,24,2,TE,15,Signed,Star,77,0,2,NYG,tier_4,,,,
River,Falls,River Falls,RiverFalls_225,782,780,5,27,2,LOLB,24,Signed,Normal,65,0,1,BAL,tier_6,,-1.0,,
Peter,Rubin,Peter Rubin,PeterRubin_3563443,783,781,1,23,63,TE,32,FreeAgent,Normal,59,0,0,FA,tier_6,,,,
Cam,Bigby,Cam Bigby,CamBigby_35726,784,782,0,22,7,CB,5,Signed,Normal,64,0,1,TB,tier_6,,,,
Linkon,Jennings,Linkon Jennings,LinkonJennings_35530,785,783,0,23,5,WR,22,Signed,Normal,70,0,1,LV,tier_5,,,,
Dontrell,Cox,Dontrell Cox,,786,784,0,23,8,CB,32,Draft,Normal,62,0,0,FA,tier_6,,,,
Cam,Byers,Cam Byers,,787,785,0,22,8,RG,32,Draft,Star,57,0,0,FA,tier_6,,,,
Senorise,Gales,Senorise Gales,SenoriseGales_31417,788,786,5,27,4,CB,32,FreeAgent,Normal,65,0,0,FA,tier_6,,,,
Matt,Dobbins,Matt Dobbins,MattDobbins_3223,789,787,3,26,2,FS,30,Signed,Normal,76,4,0,MIN,tier_4,,4.0,,
Jalen,Payton,Jalen Payton,JalenPayton_3225,790,788,3,24,2,RT,31,Signed,Normal,75,2,0,HOU,tier_4,,,2.0,
Keylan,Moses,Keylan Moses,KeylanMoses_29538,791,789,7,29,5,MLB,32,FreeAgent,Normal,65,0,0,FA,tier_6,,,,
Tramon,Freeman,Tramon Freeman,,792,790,0,21,8,CB,32,Draft,Normal,60,0,0,FA,tier_6,,,,
Jim,Callahan,Jim Callahan,JimCallahan_3363371,793,791,2,25,63,RT,32,Deleted,Normal,57,0,0,FA,tier_6,,,,
Marcus,Allen,Marcus Allen,MarcusAllen_120,794,792,9,31,1,CB,20,Signed,Star,83,3,0,CAR,tier_3,,3.0,,
Andrew,Nash,Andrew Nash,AndrewNash_30511,795,793,5,27,5,LT,11,Signed,Normal,64,0,2,MIA,tier_6,,,,
Maurice,Ford,Maurice Ford,,796,794,0,22,8,LT,32,Draft,Normal,65,0,0,FA,tier_6,,,,
Zeke,Day,Zeke Day,ZekeDay_31516,797,795,5,27,5,QB,32,FreeAgent,Normal,62,0,0,FA,tier_6,,,,
Nick,Burroughs,Nick Burroughs,NickBurroughs_32132,798,796,3,25,1,DT,1,Signed,XFactor,96,0,7,CIN,tier_0,,-7.0,,
Jamar,Lowe,Jamar Lowe,,799,797,0,23,8,ROLB,32,Draft,Normal,56,0,0,FA,tier_6,,,,
Richmond,Ugochukwu,Richmond Ugochukwu,RichmondUgochukwu_63333,800,798,7,29,63,ROLB,32,FreeAgent,Normal,62,0,0,FA,tier_6,,,,
Sharrif,Thompson,Sharrif Thompson,SharrifThompson_3163288,801,799,5,28,63,MLB,32,FreeAgent,Normal,65,0,0,FA,tier_6,,,,
K.C.,Randolph,K.C. Randolph,K.C.Randolph_3363271,802,800,2,25,63,RE,18,PracticeSquad,Normal,64,0,2,DET,tier_6,,,,
Jayvon,Blaylock,Jayvon Blaylock,JayvonBlaylock_31413,803,801,4,24,4,HB,30,Signed,Superstar,84,8,0,MIN,tier_3,8.0,,,
David,Kopp,David Kopp,DavidKopp_34130,804,802,1,25,1,QB,21,Signed,Normal,74,0,0,NE,tier_5,,,,
Nathaniel,Burgess,Nathaniel Burgess,NathanielBurgess_3463242,805,803,1,23,63,SS,31,Signed,Normal,67,1,0,HOU,tier_6,,1.0,,
Tyler,Pryor,Tyler Pryor,TylerPryor_3463273,806,804,1,24,63,QB,22,Signed,Normal,62,0,0,LV,tier_6,,,,
DeAngelo,Newman,DeAngelo Newman,DeAngeloNewman_32224,807,805,3,25,2,CB,1,Signed,Normal,70,0,1,CIN,tier_5,,-1.0,,
Matthew,Hyde-Kennard,Matthew Hyde-Kennard,MatthewHyde-Kennard_33610,808,806,2,25,6,TE,27,Signed,Normal,69,0,2,SEA,tier_6,,,,
Allen,Harrington,Allen Harrington,AllenHarrington_3375,809,807,2,26,7,QB,16,Signed,Normal,63,0,0,JAX,tier_6,,,,
Steven,Collins,Steven Collins,,810,808,0,22,8,CB,32,Draft,Normal,60,0,0,FA,tier_6,,,,
Caleb,Stallworth,Caleb Stallworth,,811,809,0,23,8,TE,32,Draft,Normal,61,0,0,FA,tier_6,,,,
Liam,Kyle,Liam Kyle,LiamKyle_3363393,812,810,2,25,63,SS,3,Signed,Normal,67,0,2,DEN,tier_6,,-2.0,,
Santana,Clark,Santana Clark,SantanaClark_32310,813,811,3,26,3,WR,29,Signed,Normal,74,1,0,TEN,tier_5,1.0,,,
Jelani,Thurman,Jelani Thurman,JelaniThurman_329,814,812,8,31,3,TE,32,FreeAgent,Normal,61,0,0,FA,tier_6,,,,
Tito,Diaz,Tito Diaz,,815,813,0,23,8,P,32,Draft,Normal,62,0,0,FA,tier_6,,,,
George,Greco,George Greco,,816,814,0,22,8,P,32,Draft,Normal,65,0,0,FA,tier_6,,,,
Jahlil,Bibbs,Jahlil Bibbs,,817,815,0,22,8,CB,32,Draft,Normal,63,0,0,FA,tier_6,,,,
Brian,Barnett,Brian Barnett,BrianBarnett_32214,818,816,3,24,2,SS,7,Signed,Normal,82,7,0,LAC,tier_3,,7.0,,
Zhaire,Oakman,Zhaire Oakman,ZhaireOakman_32220,819,817,3,26,2,WR,21,Signed,Normal,79,0,2,NE,tier_4,,,,
Duron,McClain,Duron McClain,DuronMcClain_3227,820,818,3,24,2,RE,1,Signed,Normal,76,0,4,CIN,tier_4,,-4.0,,
Mason,Cutler,Mason Cutler,MasonCutler_33713,821,819,2,24,63,K,1,Signed,Normal,77,1,1,CIN,tier_4,,,,0.0
Troy,Cooks,Troy Cooks,TroyCooks_3363364,822,820,2,24,63,RE,8,Signed,Normal,66,3,0,KC,tier_6,,3.0,,
Damian,Turner,Damian Turner,DamianTurner_32222,823,821,3,24,2,CB,6,Signed,XFactor,94,0,1,ARI,tier_1,,-1.0,,
Jameon,Pressley,Jameon Pressley,,824,822,0,22,7,CB,32,Draft,Normal,67,0,0,FA,tier_6,,,,
Mitchell,Devlin,Mitchell Devlin,,825,823,0,23,8,MLB,32,Draft,Normal,69,0,0,FA,tier_6,,,,
TyRon,Drummond,TyRon Drummond,TyRonDrummond_35430,826,824,0,22,4,DT,22,Signed,Normal,68,0,1,LV,tier_6,,,,
Emanuel,Watson,Emanuel Watson,EmanuelWatson_33519,827,825,2,24,5,MLB,6,Signed,Normal,71,3,0,ARI,tier_5,,3.0,,
CJ,Meyers,CJ Meyers,CJMeyers_3229,828,826,3,25,2,MLB,11,Signed,XFactor,90,0,6,MIA,tier_1,,-6.0,,
K.C.,Truman,K.C. Truman,,829,827,0,23,8,RT,32,Draft,Normal,66,0,0,FA,tier_6,,,,
Jayce,Strong,Jayce Strong,JayceStrong_32320,830,828,3,24,3,CB,21,Signed,Normal,72,1,0,NE,tier_5,,1.0,,
Marcus,Harris,Marcus Harris,MarcusHarris_3363262,831,829,2,25,63,RE,7,Signed,Normal,63,0,3,LAC,tier_6,,-3.0,,
Kevin,Hall,Kevin Hall,,832,830,0,22,2,HB,32,Draft,Star,74,0,0,FA,tier_5,,,,
Cody,Dunn,Cody Dunn,CodyDunn_3524,833,831,0,21,2,LT,9,Signed,Normal,72,1,3,IND,tier_5,,,-2.0,
Dashawn,Womack,Dashawn Womack,DashawnWomack_110,834,832,9,30,1,RE,18,Signed,Star,84,0,4,DET,tier_3,,-4.0,,
Mike,Chaney,Mike Chaney,,835,833,0,22,8,HB,32,Draft,Normal,61,0,0,FA,tier_6,,,,
Jimmy,Lewis,Jimmy Lewis,,836,834,0,22,8,K,32,Draft,Star,71,0,0,FA,tier_5,,,,
Dalton,Franklin,Dalton Franklin,DaltonFranklin_3228,837,835,3,24,2,MLB,17,Signed,Normal,77,4,0,NYJ,tier_4,,4.0,,
Khafri,Heyward,Khafri Heyward,KhafriHeyward_32532,838,836,3,24,5,WR,8,Signed,Normal,69,0,2,KC,tier_6,,,,
Carlos,Hildago,Carlos Hildago,CarlosHildago_33631,839,837,2,24,6,RE,1,Signed,Normal,78,6,0,CIN,tier_4,,6.0,,
Zane,Watkins,Zane Watkins,ZaneWatkins_31314,840,838,4,25,3,HB,11,Signed,Normal,67,0,1,MIA,tier_6,,,,
Adonis,Coates,Adonis Coates,AdonisCoates_34214,841,839,1,23,2,HB,19,Signed,Normal,73,1,0,GB,tier_5,1.0,,,
Jaylen,Carter,Jaylen Carter,,842,840,0,22,8,DT,32,Draft,Normal,55,0,0,FA,tier_6,,,,
Alex,Silas,Alex Silas,,843,841,0,22,8,RG,32,Draft,Normal,65,0,0,FA,tier_6,,,,
Jason,Waddell,Jason Waddell,,844,842,0,23,8,C,32,Draft,Normal,56,0,0,FA,tier_6,,,,
Jeremiah,Dawson,Jeremiah Dawson,,845,843,0,23,8,LE,32,Draft,Normal,60,0,0,FA,tier_6,,,,
Tevin,Pope,Tevin Pope,,846,844,0,24,8,RE,32,Draft,Normal,56,0,0,FA,tier_6,,,,
Barion,Brown,Barion Brown,BarionBrown_118,847,845,11,32,1,WR,32,FreeAgent,Normal,64,0,0,FA,tier_6,,,,
George,Ingram,George Ingram,GeorgeIngram_35328,848,846,0,22,3,MLB,13,Signed,Normal,73,2,0,ATL,tier_5,,2.0,,
Chandavian,Bradley,Chandavian Bradley,ChandavianBradley_33,849,847,7,29,3,ROLB,30,Signed,Star,69,1,0,MIN,tier_6,,1.0,,
Jayon,Mathis,Jayon Mathis,JayonMathis_32210,850,848,3,24,2,HB,25,Signed,Star,82,0,3,WAS,tier_3,,,,
Cassius,Parrish,Cassius Parrish,,851,849,0,23,8,QB,32,Draft,Normal,64,0,0,FA,tier_6,,,,
Brendan,Cunningham,Brendan Cunningham,BrendanCunningham_31420,852,850,4,26,4,CB,1,Signed,Normal,79,0,1,CIN,tier_4,,-1.0,,
Darrien,McBath,Darrien McBath,DarrienMcBath_3363423,853,851,2,24,63,TE,25,Signed,Normal,63,0,2,WAS,tier_6,,,,
Sydir,Mitchell,Sydir Mitchell,SydirMitchell_22,854,852,7,30,2,DT,20,Signed,Normal,69,0,2,CAR,tier_6,,-2.0,,
Jaylon,Guilbeau,Jaylon Guilbeau,,855,853,9,32,6,CB,32,Deleted,Normal,66,0,0,FA,tier_6,,,,
Reed,Foulds,Reed Foulds,ReedFoulds_3563415,856,854,0,24,63,QB,32,Deleted,Normal,52,0,0,FA,tier_6,,,,
Mitch,Moore,Mitch Moore,,857,855,0,23,8,CB,32,Draft,Normal,67,0,0,FA,tier_6,,,,
Nathaniel,Marshall,Nathaniel Marshall,NathanielMarshall_29223,858,856,7,29,2,RE,32,FreeAgent,Normal,69,0,0,FA,tier_6,,,,
Dominick,McCoy,Dominick McCoy,,859,857,0,21,8,ROLB,32,Draft,Normal,60,0,0,FA,tier_6,,,,
DaShaun,Spearman,DaShaun Spearman,,860,858,0,22,1,QB,32,Draft,Star,71,0,0,FA,tier_5,,,,
Jaylen,Mbakwe,Jaylen Mbakwe,JaylenMbakwe_214,861,859,8,31,2,CB,32,FreeAgent,Normal,67,0,0,FA,tier_6,,,,
Tobias,Mack,Tobias Mack,TobiasMack_31222,862,860,4,27,2,HB,4,Signed,XFactor,94,0,3,CLE,tier_1,-3.0,,,
Nolan,Robbins,Nolan Robbins,NolanRobbins_32211,863,861,3,24,2,RG,5,Signed,Normal,72,0,2,TB,tier_5,,,,
Alex,Jimenez,Alex Jimenez,,864,862,0,21,8,RG,32,Draft,Normal,61,0,0,FA,tier_6,,,,
Broderick,Culliver,Broderick Culliver,BroderickCulliver_32212,865,863,3,26,2,HB,16,Signed,Normal,83,1,0,JAX,tier_3,1.0,,,
K'Vonte,Donnell,K'Vonte Donnell,K'VonteDonnell_31125,866,864,4,26,1,WR,22,Signed,Normal,69,0,2,LV,tier_6,,,,
Andrew,Patton,Andrew Patton,,867,865,0,23,8,CB,32,Draft,Normal,58,0,0,FA,tier_6,,,,
Tiquan,Allen,Tiquan Allen,TiquanAllen_3145,868,866,4,27,4,CB,7,Signed,Star,77,4,0,LAC,tier_4,,4.0,,
Mike,Harden,Mike Harden,,869,867,0,23,1,QB,32,Draft,Normal,72,0,0,FA,tier_5,,,,
Jacobe,Johnson,Jacobe Johnson,JacobeJohnson_516,870,868,9,30,5,CB,0,Signed,Normal,79,0,5,CHI,tier_4,,-5.0,,
Avery,Washington,Avery Washington,,871,869,0,23,8,CB,32,Draft,Normal,65,0,0,FA,tier_6,,,,
Al,Portis,Al Portis,,872,870,0,23,8,WR,32,Draft,Normal,64,0,0,FA,tier_6,,,,
Ty,Haywood,Ty Haywood,TyHaywood_29123,873,871,6,28,1,LT,26,Signed,Normal,66,1,5,NO,tier_6,,,-4.0,
Von,Cox,Von Cox,VonCox_30418,874,872,5,26,4,DT,20,Signed,Normal,69,0,2,CAR,tier_6,,,,
Jeffrey,Bassa,Jeffrey Bassa,JeffreyBassa_25,875,873,10,33,2,MLB,7,Signed,Star,74,0,2,LAC,tier_5,,,,
Dominick,Young,Dominick Young,,876,874,0,22,8,CB,32,Draft,Normal,68,0,0,FA,tier_6,,,,
Kenny,Snowden,Kenny Snowden,KennySnowden_3163353,877,875,5,29,63,RG,32,FreeAgent,Normal,64,0,0,FA,tier_6,,,,
Devontae,Jackson,Devontae Jackson,DevontaeJackson_32115,878,876,3,24,1,LE,2,Signed,XFactor,92,2,0,BUF,tier_1,,2.0,,
Kelvin,Womack,Kelvin Womack,KelvinWomack_32215,879,877,3,26,2,RE,9,Signed,Star,83,3,0,IND,tier_3,,3.0,,
Keegan,Sherrod,Keegan Sherrod,KeeganSherrod_31531,880,878,5,27,5,LE,32,FreeAgent,Normal,65,0,0,FA,tier_6,,,,
Andreas,Mintze,Andreas Mintze,AndreasMintze_3138,881,879,4,27,3,RG,4,PracticeSquad,Normal,63,0,2,CLE,tier_6,,,,
Myjai,Okuyemi,Myjai Okuyemi,MyjaiOkuyemi_32218,882,880,4,25,2,DT,32,FreeAgent,Normal,67,0,0,FA,tier_6,,,,
Braxton,Bryan,Braxton Bryan,,883,881,0,23,8,RT,32,Draft,Normal,59,0,0,FA,tier_6,,,,
Jackson,Powers-Johnson,Jackson Powers-Johnson,JacksonPowers-Johnson_126,884,882,10,33,1,C,29,Signed,Normal,76,7,0,TEN,tier_4,,,7.0,
Telvin,Davis,Telvin Davis,,885,883,0,23,8,CB,32,Draft,Normal,61,0,0,FA,tier_6,,,,
Jameel,Smith Jr,Jameel Smith Jr,JameelSmith Jr_32217,886,884,3,25,2,LG,26,Signed,Superstar,91,4,0,NO,tier_1,,,4.0,
Ryland,Lyles,Ryland Lyles,RylandLyles_30614,887,885,5,26,63,P,12,Signed,Normal,74,4,1,PHI,tier_5,,,,3.0
Adrian,Scott,Adrian Scott,AdrianScott_3563401,888,886,0,24,63,LT,28,PracticeSquad,Normal,63,0,1,PIT,tier_6,,,,
Cameron,Frazier,Cameron Frazier,CameronFrazier_32227,889,887,3,26,2,CB,9,Signed,Normal,71,0,2,IND,tier_5,,,,
Tavon,Culliver,Tavon Culliver,,890,888,0,22,4,CB,32,Draft,Normal,72,0,0,FA,tier_5,,,,
Katell,Jenkins,Katell Jenkins,KatellJenkins_30522,891,889,5,26,5,WR,14,Signed,Normal,71,0,4,SF,tier_5,-4.0,,,
Matt,Cage,Matt Cage,,892,890,0,22,8,TE,32,Draft,Normal,59,0,0,FA,tier_6,,,,
Jeremiah,Williams,Jeremiah Williams,JeremiahWilliams_32216,893,891,3,24,2,ROLB,24,Signed,Superstar,84,5,0,BAL,tier_3,,5.0,,
Jai,Patel,Jai Patel,JaiPatel_63347,894,892,9,31,63,K,32,FreeAgent,Star,70,0,0,FA,tier_5,,,,
Brent,Gordon,Brent Gordon,BrentGordon_3516,895,893,0,22,1,QB,8,Signed,Star,73,0,0,KC,tier_5,,,,
Zay,Royster II,Zay Royster II,ZayRoyster II_32219,896,894,3,27,2,SS,8,Signed,Normal,74,2,0,KC,tier_5,,2.0,,
Ben,Foster,Ben Foster,BenFoster_32221,897,895,3,24,2,TE,3,Signed,Normal,69,1,2,DEN,tier_6,-1.0,,,
Xavier,Chaplin,Xavier Chaplin,XavierChaplin_319,898,896,9,32,3,RT,32,FreeAgent,Normal,62,0,0,FA,tier_6,,,,
Quincey,Brown,Quincey Brown,QuinceyBrown_32431,899,897,3,26,4,WR,27,Signed,Normal,70,0,2,SEA,tier_5,,,,
Jason,Russo,Jason Russo,,900,898,0,21,1,DT,32,Draft,Normal,73,0,0,FA,tier_5,,,,
Earl,Riley,Earl Riley,,901,899,0,23,8,LE,32,Draft,Normal,61,0,0,FA,tier_6,,,,
Ruben,Moulton,Ruben Moulton,RubenMoulton_32223,902,900,3,24,2,LE,20,Signed,Star,80,4,0,CAR,tier_3,,4.0,,
Matthew,Rhodes,Matthew Rhodes,MatthewRhodes_31615,903,901,4,25,6,C,14,Signed,Normal,64,0,5,SF,tier_6,,,-5.0,
TaMuarion,Wolfe,TaMuarion Wolfe,TaMuarionWolfe_33733,904,902,2,25,7,HB,21,Signed,Normal,68,0,6,NE,tier_6,-6.0,,,
Dwayne,Ward,Dwayne Ward,,905,903,0,23,6,CB,32,Draft,Normal,72,0,0,FA,tier_5,,,,
Daniel,Powell,Daniel Powell,DanielPowell_34231,906,904,1,23,2,WR,32,Deleted,Normal,62,0,0,FA,tier_6,,,,
Alex,Colvin,Alex Colvin,,907,905,0,22,6,RE,32,Draft,Star,70,0,0,FA,tier_5,,,,
Juan,Culver,Juan Culver,,908,906,0,21,3,LOLB,32,Draft,Normal,75,0,0,FA,tier_4,,,,
Victor,Malone,Victor Malone,VictorMalone_32119,909,907,4,26,1,LE,32,FreeAgent,Normal,66,0,0,FA,tier_6,,,,
Joey,Matthews,Joey Matthews,JoeyMatthews_31635,910,908,4,26,6,K,20,Signed,Normal,74,1,0,CAR,tier_5,,,,1.0
Trey,Spillman,Trey Spillman,TreySpillman_32311,911,909,3,25,3,CB,5,Signed,Normal,81,4,0,TB,tier_3,,4.0,,
Pierre,Lindsay,Pierre Lindsay,,912,910,0,22,2,HB,32,Draft,Normal,70,0,0,FA,tier_5,,,,
Raysean,Rutherford,Raysean Rutherford,RayseanRutherford_33723,913,911,2,25,7,HB,26,Signed,Normal,70,0,1,NO,tier_5,,,,
Jamal,Lincoln-Pettis,Jamal Lincoln-Pettis,JamalLincoln-Pettis_528,914,912,5,27,5,RE,32,FreeAgent,Normal,65,0,0,FA,tier_6,,,,
Chauncey,Posey,Chauncey Posey,ChaunceyPosey_31332,915,913,4,26,3,LT,24,Signed,Normal,71,1,6,BAL,tier_5,,,-5.0,
Dante,Bush Jr,Dante Bush Jr,DanteBush Jr_3579,916,914,0,23,7,WR,30,Signed,Normal,64,0,1,MIN,tier_6,,,,
Dalton,Lang,Dalton Lang,DaltonLang_33731,917,915,2,24,7,RG,1,Signed,Normal,65,0,2,CIN,tier_6,,,,
Callum,Anderson,Callum Anderson,CallumAnderson_3163315,918,916,5,28,63,K,32,FreeAgent,Normal,68,0,0,FA,tier_6,,,,
A.J.,Rushing,A.J. Rushing,,919,917,0,23,6,LE,32,Draft,Normal,66,0,0,FA,tier_6,,,,
Daeh,McCullough,Daeh McCullough,DaehMcCullough_53,920,918,8,30,5,FS,27,Signed,Star,77,0,1,SEA,tier_4,,-1.0,,
Alex,Jackson,Alex Jackson,AlexJackson_3013,921,919,5,27,1,QB,18,Signed,Normal,63,0,0,DET,tier_6,,,,
Tyree,Kelley,Tyree Kelley,TyreeKelley_31319,922,920,5,27,3,ROLB,32,FreeAgent,Normal,57,0,0,FA,tier_6,,,,
Nick,Kitchens,Nick Kitchens,NickKitchens_3563261,923,921,0,22,63,HB,24,Signed,Normal,64,0,1,BAL,tier_6,,,,
Bryan,Harrington,Bryan Harrington,BryanHarrington_30123,924,922,5,27,1,DT,29,Signed,Star,76,0,2,TEN,tier_4,,,,
Phillip,Jones,Phillip Jones,,925,923,0,21,7,MLB,32,Draft,Normal,68,0,0,FA,tier_6,,,,
Kevon,Matlock,Kevon Matlock,KevonMatlock_32316,926,924,4,26,3,WR,32,FreeAgent,Normal,64,0,0,FA,tier_6,,,,
Gregory,Patterson,Gregory Patterson,GregoryPatterson_3363247,927,925,2,25,63,CB,7,Signed,Normal,70,0,2,LAC,tier_5,,-2.0,,
Andrew,Zimmerman,Andrew Zimmerman,AndrewZimmerman_3235,928,926,3,26,3,DT,9,Signed,Normal,81,0,2,IND,tier_3,,-2.0,,
Carl,Ware,Carl Ware,,929,927,0,23,8,FB,32,Draft,Normal,71,0,0,FA,tier_5,,,,
Corey,McAlister,Corey McAlister,CoreyMcAlister_32226,930,928,3,24,2,MLB,21,Signed,Star,76,5,0,NE,tier_4,,5.0,,
Adam,Garrison,Adam Garrison,AdamGarrison_3363230,931,929,2,24,63,QB,0,Signed,Normal,61,0,0,CHI,tier_6,,,,
Dani,Dennis-Sutton,Dani Dennis-Sutton,DaniDennis-Sutton_19,932,930,11,33,1,LE,32,FreeAgent,Normal,62,0,0,FA,tier_6,,,,
Isaiah,Trent,Isaiah Trent,,933,931,0,23,8,RT,32,Draft,Normal,65,0,0,FA,tier_6,,,,
Hayden,Whittington,Hayden Whittington,HaydenWhittington_32232,934,932,3,24,2,C,1,Signed,Normal,88,0,4,CIN,tier_2,,,-4.0,
Ma'khi,Jones,Ma'khi Jones,Ma'khiJones_2963370,935,933,6,28,63,FS,11,Signed,Normal,67,0,2,MIA,tier_6,,-2.0,,
Julius,Vanover,Julius Vanover,JuliusVanover_3463255,936,934,1,24,63,CB,11,Signed,Normal,64,0,2,MIA,tier_6,,-2.0,,
Beau,Atkinson,Beau Atkinson,BeauAtkinson_429,937,935,8,31,4,RE,17,Signed,Star,81,0,2,NYJ,tier_3,,-2.0,,
Omarion,Brooks,Omarion Brooks,OmarionBrooks_32225,938,936,3,24,2,LT,19,Signed,Normal,67,1,2,GB,tier_6,,,-1.0,
Jason,Mack,Jason Mack,JasonMack_33424,939,937,2,24,4,CB,13,Signed,Normal,69,0,2,ATL,tier_6,,,,
James,Barnett,James Barnett,JamesBarnett_35542,940,938,0,22,5,MLB,0,Signed,Normal,65,0,1,CHI,tier_6,,,,
Aaron,Redding,Aaron Redding,AaronRedding_113,941,939,5,27,1,TE,4,Signed,XFactor,97,2,0,CLE,tier_0,2.0,,,
Quincy,Porter,Quincy Porter,QuincyPorter_433,942,940,7,29,4,WR,5,Signed,Star,83,3,0,TB,tier_3,3.0,,,
Cinder,Flowers,Cinder Flowers,CinderFlowers_35728,943,941,0,22,7,RE,4,PracticeSquad,Normal,62,0,1,CLE,tier_6,,,,
Noah,Thomas,Noah Thomas,NoahThomas_44,944,942,9,31,4,WR,6,Signed,Star,74,0,1,ARI,tier_5,-1.0,,,
Gavin,Walton,Gavin Walton,,945,943,0,22,3,LG,32,Draft,Normal,72,0,0,FA,tier_5,,,,
Jordan,Wyatt,Jordan Wyatt,JordanWyatt_32228,946,944,3,26,2,ROLB,10,Signed,Normal,74,0,3,DAL,tier_5,,-3.0,,
Rashaun,Gray,Rashaun Gray,,947,945,0,23,4,LOLB,32,Draft,Star,65,0,0,FA,tier_6,,,,
Marcus,Ware,Marcus Ware,MarcusWare_3414,948,946,1,22,1,HB,17,Signed,XFactor,90,0,5,NYJ,tier_1,-5.0,,,
Sean,Bone,Sean Bone,SeanBone_31521,949,947,5,28,5,CB,32,FreeAgent,Normal,67,0,0,FA,tier_6,,,,
Maliki,Su'a-Filo,Maliki Su'a-Filo,MalikiSu'a-Filo_34619,950,948,1,22,6,ROLB,0,Signed,Normal,63,0,4,CHI,tier_6,,-4.0,,
Matthew,Small,Matthew Small,,951,949,0,22,6,SS,32,Draft,Normal,66,0,0,FA,tier_6,,,,
J.D.,Yancey,J.D. Yancey,,952,950,0,22,6,HB,32,Draft,Star,72,0,0,FA,tier_5,,,,
Jalyn,Peterson,Jalyn Peterson,JalynPeterson_3347,953,951,2,24,4,C,31,Signed,Normal,74,9,0,HOU,tier_5,,,9.0,
Kaleb,Ware,Kaleb Ware,KalebWare_33729,954,952,2,25,7,LE,23,PracticeSquad,Normal,65,0,2,LAR,tier_6,,,,
Andrew,Castro,Andrew Castro,AndrewCastro_35718,955,953,0,24,7,DT,1,Signed,Normal,63,0,1,CIN,tier_6,,,,
Dakota,McGraw,Dakota McGraw,DakotaMcGraw_32231,956,954,4,26,2,TE,32,FreeAgent,Normal,60,0,0,FA,tier_6,,,,
John,Gray,John Gray,,957,955,0,23,2,LG,32,Draft,Superstar,72,0,0,FA,tier_5,,,,
Jaylen,Early,Jaylen Early,JaylenEarly_412,958,956,8,31,4,RG,25,Signed,Normal,73,0,3,WAS,tier_5,,,-3.0,
Brandon,McKnight,Brandon McKnight,BrandonMcKnight_3363254,959,957,2,25,63,CB,19,Signed,Normal,66,4,0,GB,tier_6,,4.0,,
David,Bass,David Bass,DavidBass_3363391,960,958,2,25,63,RT,3,PracticeSquad,Normal,60,0,2,DEN,tier_6,,,,
Johnny,Swinney,Johnny Swinney,,961,959,0,22,8,QB,32,Draft,Normal,65,0,0,FA,tier_6,,,,
Mickey,Vaccarello,Mickey Vaccarello,MickeyVaccarello_535,962,960,6,29,5,MLB,11,Signed,Star,73,3,0,MIA,tier_5,,3.0,,
Robert,Woodyard Jr,Robert Woodyard Jr,RobertWoodyard Jr_63289,963,961,9,32,63,MLB,32,FreeAgent,Normal,57,0,0,FA,tier_6,,,,
Josh,Lewis,Josh Lewis,,964,962,0,21,5,HB,32,Draft,Star,71,0,0,FA,tier_5,,,,
Kenton,Valentine Jr,Kenton Valentine Jr,KentonValentine Jr_3373,965,963,2,25,7,WR,22,PracticeSquad,Normal,64,0,2,LV,tier_6,,,,
Austin,Frye,Austin Frye,AustinFrye_30229,966,964,6,28,2,LE,32,FreeAgent,Normal,62,0,0,FA,tier_6,,,,
David,Finney,David Finney,,967,965,0,22,8,TE,32,Draft,Normal,58,0,0,FA,tier_6,,,,
J.J.,Birmingham,J.J. Birmingham,,968,966,0,22,4,WR,32,Draft,Normal,65,0,0,FA,tier_6,,,,
Riley,Madson,Riley Madson,RileyMadson_34428,969,967,1,24,4,QB,11,Signed,Normal,65,0,0,MIA,tier_6,,,,
Darren,Harrison,Darren Harrison,DarrenHarrison_35433,970,968,0,23,4,LE,4,Signed,Normal,68,0,1,CLE,tier_6,,-1.0,,
Bart,Crompton,Bart Crompton,,971,969,0,21,8,HB,32,Draft,Normal,63,0,0,FA,tier_6,,,,
Sauce,Gardner,Sauce Gardner,GardnerAhmad_22260,972,970,12,34,1,CB,32,Deleted,Star,74,0,0,FA,tier_5,,,,
Sal,Garner,Sal Garner,,973,971,0,21,8,C,32,Draft,Normal,65,0,0,FA,tier_6,,,,
Chris,Durant,Chris Durant,ChrisDurant_32229,974,972,3,25,2,LOLB,26,Signed,Normal,74,0,5,NO,tier_5,,-5.0,,
Damiere,Mixon,Damiere Mixon,DamiereMixon_32230,975,973,3,26,2,DT,15,Signed,Normal,81,0,3,NYG,tier_3,,,,
Donte,Hammond,Donte Hammond,,976,974,0,22,8,HB,32,Draft,Normal,56,0,0,FA,tier_6,,,,
Seth,Hardiman,Seth Hardiman,SethHardiman_3563411,977,975,1,24,63,RT,32,FreeAgent,Normal,60,0,0,FA,tier_6,,,,
Myles,Garrett,Myles Garrett,GarrettMyles_12520,978,976,16,37,1,RE,32,Retired,Star,81,0,0,FA,tier_3,,,,
Matayo,Uiagalelei,Matayo Uiagalelei,MatayoUiagalelei_227,979,977,9,30,2,LE,30,Signed,Star,81,0,4,MIN,tier_3,,-4.0,,
Brett,Flanigan,Brett Flanigan,,980,978,0,22,8,TE,32,Draft,Normal,58,0,0,FA,tier_6,,,,
Brooks,Whitaker,Brooks Whitaker,BrooksWhitaker_35636,981,979,0,24,6,QB,0,Signed,Normal,64,0,0,CHI,tier_6,,,,
Cannon,Hughes,Cannon Hughes,CannonHughes_33528,982,980,2,24,5,FS,5,Signed,Normal,74,0,3,TB,tier_5,,-3.0,,
Malik,Washington,Malik Washington,MalikWashington_29337,983,981,7,29,3,QB,32,FreeAgent,Normal,63,0,0,FA,tier_6,,,,
Joshua,Penn III,Joshua Penn III,JoshuaPenn III_3237,984,982,3,25,3,CB,14,Signed,Normal,76,0,1,SF,tier_4,,-1.0,,
Harper,Parks,Harper Parks,HarperParks_3363267,985,983,2,24,63,LE,14,PracticeSquad,Normal,62,0,2,SF,tier_6,,,,
Kai,Combs,Kai Combs,KaiCombs_3363307,986,984,2,25,63,HB,29,Signed,Normal,69,0,1,TEN,tier_6,,,,
Francis,Mauigoa,Francis Mauigoa,FrancisMauigoa_17,987,985,9,30,1,RT,18,Signed,Star,80,0,5,DET,tier_3,,,-5.0,
Jett,Wallace,Jett Wallace,JettWallace_31515,988,986,4,26,5,HB,3,Signed,Normal,75,0,1,DEN,tier_4,-1.0,,,
Teitum,Tuioti,Teitum Tuioti,TeitumTuioti_63353,989,987,8,30,63,ROLB,32,FreeAgent,Normal,61,0,0,FA,tier_6,,,,
Jacori,Brown,Jacori Brown,JacoriBrown_33520,990,988,2,24,5,QB,2,Signed,Normal,65,0,0,BUF,tier_6,,,,
Chris,Ancrum,Chris Ancrum,ChrisAncrum_3132,991,989,4,26,3,DT,29,Signed,Star,85,1,0,TEN,tier_2,,1.0,,
Evan,Woods,Evan Woods,EvanWoods_32620,992,990,4,26,6,WR,32,FreeAgent,Normal,63,0,0,FA,tier_6,,,,
Austin,Posey,Austin Posey,AustinPosey_3121,993,991,4,27,2,RT,20,Signed,Star,79,2,0,CAR,tier_4,,,2.0,
Dwayne,Davis Jr,Dwayne Davis Jr,DwayneDavis Jr_3231,994,992,3,25,3,HB,5,Signed,Normal,76,0,4,TB,tier_4,-4.0,,,
Kareem,Nelson Jr,Kareem Nelson Jr,KareemNelson Jr_32314,995,993,3,25,4,WR,30,Signed,Normal,85,0,3,MIN,tier_2,-3.0,,,
Jahmyr,Gibbs,Jahmyr Gibbs,GibbsJahmyr_22691,996,994,12,33,1,HB,32,Deleted,Normal,63,0,0,FA,tier_6,,,,
Jer'Vohn,St. Clair,Jer'Vohn St. Clair,Jer'VohnSt. Clair_30215,997,995,5,26,2,FS,18,Signed,Star,86,0,1,DET,tier_2,,-1.0,,
Deone,Walker,Deone Walker,DeoneWalker_113,998,996,11,32,1,DT,32,FreeAgent,Normal,62,0,0,FA,tier_6,,,,
Jonte,Newman,Jonte Newman,JonteNewman_29537,999,997,6,29,5,LG,21,Signed,Normal,66,0,2,NE,tier_6,,,,
Cedric,Baxter,Cedric Baxter,CedricBaxter_21,1000,998,9,30,2,HB,19,Signed,Star,83,0,0,GB,tier_3,0.0,,,
Alex,Underwood,Alex Underwood,AlexUnderwood_3234,1001,999,3,24,3,FS,25,Signed,Normal,78,6,0,WAS,tier_4,,6.0,,
Antonio,Fisher,Antonio Fisher,,1002,1000,0,23,4,CB,32,Draft,Normal,65,0,0,FA,tier_6,,,,
Johnny,Sharp,Johnny Sharp,,1003,1001,0,22,4,RE,32,Draft,Star,61,0,0,FA,tier_6,,,,
Ralph,McCants,Ralph McCants,,1004,1002,0,23,8,LE,32,Draft,Normal,66,0,0,FA,tier_6,,,,
Jamie,Gillan,Jamie Gillan,GillanJamie_20794,1005,1003,16,38,63,P,26,Signed,Normal,72,2,1,NO,tier_5,,,,1.0
Rashaud,Mentor,Rashaud Mentor,RashaudMentor_63440,1006,1004,5,26,63,WR,32,FreeAgent,Normal,65,0,0,FA,tier_6,,,,
Nick,Singleton,Nick Singleton,,1007,1005,0,21,1,CB,32,Draft,Normal,76,0,0,FA,tier_4,,,,
Brendon,Gaffney,Brendon Gaffney,,1008,1006,0,22,6,RE,32,Draft,Normal,72,0,0,FA,tier_5,,,,
Kris,McLaughlin,Kris McLaughlin,KrisMcLaughlin_3159,1009,1007,5,27,5,C,32,FreeAgent,Normal,62,0,0,FA,tier_6,,,,
Dwayne,Byrd,Dwayne Byrd,DwayneByrd_3233,1010,1008,3,26,3,SS,30,Signed,Star,73,6,0,MIN,tier_5,,6.0,,
Curtis,Cunningham,Curtis Cunningham,,1011,1009,0,23,8,DT,32,Draft,Normal,65,0,0,FA,tier_6,,,,
J.D.,Garrison,J.D. Garrison,J.D.Garrison_3238,1012,1010,3,25,3,LE,5,Signed,Star,77,0,2,TB,tier_4,,-2.0,,
Dwayne,Gresham Jr,Dwayne Gresham Jr,DwayneGresham Jr_35330,1013,1011,0,22,3,CB,20,Signed,Normal,72,0,1,CAR,tier_5,,,,
Antone,Faulk Sr,Antone Faulk Sr,AntoneFaulk Sr_35621,1014,1012,0,23,6,LT,23,Signed,Normal,72,1,6,LAR,tier_5,,,-5.0,
Elic,Ayomanor,Elic Ayomanor,ElicAyomanor_128,1015,1013,9,32,1,WR,21,Signed,Normal,73,0,2,NE,tier_5,,,,
Matthew,Adkins,Matthew Adkins,MatthewAdkins_30213,1016,1014,6,28,2,DT,32,FreeAgent,Normal,66,0,0,FA,tier_6,,,,
Quinshon,Judkins,Quinshon Judkins,QuinshonJudkins_124,1017,1015,10,31,1,HB,18,Signed,Star,74,5,0,DET,tier_5,5.0,,,
Raylen,Wilson,Raylen Wilson,RaylenWilson_226,1018,1016,8,29,2,LOLB,29,Signed,Star,68,8,0,TEN,tier_6,,8.0,,
Jackson,Elliott,Jackson Elliott,,1019,1017,0,22,8,TE,32,Draft,Normal,67,0,0,FA,tier_6,,,,
Matthew,Justice,Matthew Justice,MatthewJustice_30421,1020,1018,6,29,4,DT,32,FreeAgent,Normal,68,0,0,FA,tier_6,,,,
Tremaine,Ferguson,Tremaine Ferguson,TremaineFerguson_3163414,1021,1019,5,28,63,SS,32,FreeAgent,Normal,62,0,0,FA,tier_6,,,,
Eli,Brockers,Eli Brockers,EliBrockers_32427,1022,1020,3,25,4,CB,12,Signed,Normal,76,1,0,PHI,tier_4,,1.0,,
Sam,Watts,Sam Watts,SamWatts_3236,1023,1021,3,25,3,TE,31,Signed,Normal,70,3,0,HOU,tier_5,3.0,,,
Jared,Goff,Jared Goff,GoffJared_17540,1024,1022,16,37,1,QB,32,Retired,Star,75,0,0,FA,tier_4,,,,
Jackson,Lacy,Jackson Lacy,JacksonLacy_31211,1025,1023,4,26,2,WR,31,Signed,XFactor,93,0,4,HOU,tier_1,-4.0,,,
Justin,Broyles,Justin Broyles,JustinBroyles_33534,1026,1024,2,25,5,HB,25,Signed,Normal,77,0,9,WAS,tier_4,-9.0,,,
Darren,Barker,Darren Barker,DarrenBarker_32329,1027,1025,3,25,3,WR,4,Signed,Normal,75,0,5,CLE,tier_4,-5.0,,,
Connor,Waller,Connor Waller,,1028,1026,0,22,8,CB,32,Draft,Normal,62,0,0,FA,tier_6,,,,
Jojo,Greer,Jojo Greer,,1029,1027,0,22,8,DT,32,Draft,Normal,60,0,0,FA,tier_6,,,,
DaShawn,Easley,DaShawn Easley,,1030,1028,0,21,7,FS,32,Draft,Normal,66,0,0,FA,tier_6,,,,
Steven,Stogner,Steven Stogner,StevenStogner_3239,1031,1029,3,26,3,LG,11,Signed,Normal,86,0,1,MIA,tier_2,,,-1.0,
Ahmad,Brown,Ahmad Brown,AhmadBrown_33120,1032,1030,2,23,1,FS,2,Signed,Star,86,0,4,BUF,tier_2,,-4.0,,
Curt,Walsh,Curt Walsh,,1033,1031,0,22,3,QB,32,Draft,Star,66,0,0,FA,tier_6,,,,
Noah,Hagan,Noah Hagan,NoahHagan_3363440,1034,1032,2,24,63,WR,1,PracticeSquad,Normal,62,0,2,CIN,tier_6,,,,
T.J.,Wolfe,T.J. Wolfe,,1035,1033,0,23,8,HB,32,Draft,Normal,59,0,0,FA,tier_6,,,,
Rashaan,Hall-Brisker,Rashaan Hall-Brisker,RashaanHall-Brisker_219,1036,1034,4,27,2,SS,16,Signed,Superstar,80,0,2,JAX,tier_3,,-2.0,,
Conrad,Alridge,Conrad Alridge,,1037,1035,0,21,8,DT,32,Draft,Normal,55,0,0,FA,tier_6,,,,
Fabian,Spence,Fabian Spence,FabianSpence_32417,1038,1036,3,25,4,CB,26,Signed,Normal,77,0,2,NO,tier_4,,,,
Trevor,Alexander,Trevor Alexander,TrevorAlexander_31414,1039,1037,4,26,4,LT,8,Signed,Normal,66,1,5,KC,tier_6,,,-4.0,
Cameron,Smith,Cameron Smith,CameronSmith_3341,1040,1038,2,24,4,ROLB,29,Signed,Star,76,3,0,TEN,tier_4,,3.0,,
Johnathon,Haden,Johnathon Haden,JohnathonHaden_3563335,1041,1039,0,22,63,HB,23,Signed,Normal,66,0,1,LAR,tier_6,,,,
Isaiah,McReynolds,Isaiah McReynolds,IsaiahMcReynolds_3363438,1042,1040,2,24,63,WR,18,Signed,Normal,70,0,2,DET,tier_5,,,,
Roman,Stringer,Roman Stringer,,1043,1041,0,22,6,CB,32,Draft,Superstar,72,0,0,FA,tier_5,,,,
Javarian,Way,Javarian Way,JavarianWay_34626,1044,1042,1,23,6,SS,31,Signed,Normal,79,1,0,HOU,tier_4,,1.0,,
Dillon,Wheeler,Dillon Wheeler,DillonWheeler_32433,1045,1043,3,26,4,DT,12,Signed,Normal,73,0,0,PHI,tier_5,,0.0,,
Kennyi,Jarrel,Kennyi Jarrel,KennyiJarrel_30322,1046,1044,5,27,3,RG,24,Signed,Normal,85,2,0,BAL,tier_2,,,2.0,
Jacoby,Nwachukwu,Jacoby Nwachukwu,JacobyNwachukwu_32312,1047,1045,3,24,3,LE,16,Signed,Normal,78,1,0,JAX,tier_4,,1.0,,
Anthony,Fernandez,Anthony Fernandez,AnthonyFernandez_3363266,1048,1046,2,25,63,LE,32,Deleted,Normal,59,0,0,FA,tier_6,,,,
Tyler,Ferguson,Tyler Ferguson,,1049,1047,0,22,5,RE,32,Draft,Normal,65,0,0,FA,tier_6,,,,
Haason,Ewing,Haason Ewing,HaasonEwing_32314,1050,1048,3,25,3,TE,7,Signed,Normal,65,0,2,LAC,tier_6,,,,
Antwan,Brewer,Antwan Brewer,AntwanBrewer_32313,1051,1049,3,24,3,RE,11,Signed,Normal,75,0,3,MIA,tier_4,,-3.0,,
Dalton,Howard,Dalton Howard,DaltonHoward_32315,1052,1050,4,25,3,FS,32,FreeAgent,Normal,64,0,0,FA,tier_6,,,,
Deon,Spencer,Deon Spencer,,1053,1051,0,22,8,LE,32,Draft,Normal,62,0,0,FA,tier_6,,,,
Marquee,Beal,Marquee Beal,MarqueeBeal_3363404,1054,1052,2,24,63,FS,17,PracticeSquad,Normal,61,0,2,NYJ,tier_6,,,,
Evan,Barlow,Evan Barlow,EvanBarlow_3442,1055,1053,1,22,4,LE,25,Signed,Normal,64,0,5,WAS,tier_6,,-5.0,,
Cobey,Borden,Cobey Borden,CobeyBorden_32317,1056,1054,3,24,3,HB,26,Signed,Normal,77,3,0,NO,tier_4,3.0,,,
James,Batch,James Batch,,1057,1055,0,23,7,QB,32,Draft,Normal,67,0,0,FA,tier_6,,,,
Harold,Perkins,Harold Perkins,HaroldPerkins_117,1058,1056,10,31,1,LE,23,Signed,Star,75,0,4,LAR,tier_4,,-4.0,,
Anthony,Crossen,Anthony Crossen,AnthonyCrossen_3277,1059,1057,3,24,7,WR,2,Signed,Normal,66,0,2,BUF,tier_6,,,,
Mike,Young,Mike Young,MikeYoung_30631,1060,1058,6,28,6,LT,32,FreeAgent,Normal,67,0,0,FA,tier_6,,,,
Montrell,Holt,Montrell Holt,MontrellHolt_30316,1061,1059,5,28,3,HB,1,Signed,Superstar,80,0,3,CIN,tier_3,,,,
Shandon,King,Shandon King,ShandonKing_3528,1062,1060,0,22,2,HB,4,Signed,Normal,77,0,0,CLE,tier_4,0.0,,,
Thomas,Davis Jr,Thomas Davis Jr,ThomasDavis Jr_29324,1063,1061,7,28,3,ROLB,32,FreeAgent,Normal,61,0,0,FA,tier_6,,,,
Nate,Favors,Nate Favors,NateFavors_33627,1064,1062,2,25,6,CB,0,Signed,Normal,69,1,0,CHI,tier_6,,1.0,,
Austin,Brown,Austin Brown,,1065,1063,0,22,7,HB,32,Draft,Star,66,0,0,FA,tier_6,,,,
Marc,Clark,Marc Clark,MarcClark_3163262,1066,1064,4,26,63,LE,20,Signed,Normal,73,0,2,CAR,tier_5,,,,
Will,Brooks,Will Brooks,,1067,1065,0,21,2,RG,32,Draft,Star,75,0,0,FA,tier_4,,,,
Tyler,Klein,Tyler Klein,TylerKlein_32321,1068,1066,4,27,3,RE,32,FreeAgent,Normal,62,0,0,FA,tier_6,,,,
Keon,Newberry,Keon Newberry,KeonNewberry_3163433,1069,1067,5,28,63,WR,32,FreeAgent,Normal,64,0,0,FA,tier_6,,,,
Marquel,Brown,Marquel Brown,MarquelBrown_3163324,1070,1068,5,28,63,ROLB,32,FreeAgent,Normal,64,0,0,FA,tier_6,,,,
Conrad,Peek,Conrad Peek,,1071,1069,0,21,8,RG,32,Draft,Normal,59,0,0,FA,tier_6,,,,
Conor,Hartley,Conor Hartley,ConorHartley_3146,1072,1070,4,27,4,QB,32,Deleted,Normal,59,0,0,FA,tier_6,,,,
Jabreal,Porter,Jabreal Porter,JabrealPorter_34131,1073,1071,1,23,1,CB,23,Signed,Normal,76,4,0,LAR,tier_4,,4.0,,
Jalon,Kilgore,Jalon Kilgore,JalonKilgore_425,1074,1072,7,30,4,SS,14,Signed,Normal,68,0,4,SF,tier_6,,-4.0,,
Alex,Birchmeier,Alex Birchmeier,AlexBirchmeier_116,1075,1073,9,30,1,LG,22,Signed,Star,67,0,2,LV,tier_6,,,,
Daylen,Austin,Daylen Austin,DaylenAustin_112,1076,1074,9,30,1,CB,11,Signed,Star,78,3,0,MIA,tier_4,,3.0,,
Cole,Sambucci,Cole Sambucci,ColeSambucci_33525,1077,1075,2,25,5,MLB,19,Signed,Normal,68,0,3,GB,tier_6,,-3.0,,
Derrick,Moore,Derrick Moore,DerrickMoore_225,1078,1076,11,33,2,LE,32,FreeAgent,Normal,65,0,0,FA,tier_6,,,,
Delarrin,Aguayo,Delarrin Aguayo,DelarrinAguayo_32319,1079,1077,3,24,3,MLB,23,Signed,Star,85,6,0,LAR,tier_2,,6.0,,
Jaishawn,Barham,Jaishawn Barham,JaishawnBarham_119,1080,1078,11,32,1,MLB,32,FreeAgent,Normal,68,0,0,FA,tier_6,,,,
R.J.,Huggins,R.J. Huggins,,1081,1079,0,22,7,RE,32,Draft,Star,68,0,0,FA,tier_6,,,,
Maki,Stewart,Maki Stewart,MakiStewart_2963292,1082,1080,7,29,63,RT,32,FreeAgent,Normal,61,0,0,FA,tier_6,,,,
Alex,Webb,Alex Webb,,1083,1081,0,22,5,CB,32,Draft,Normal,68,0,0,FA,tier_6,,,,
Alan,Scarborough,Alan Scarborough,,1084,1082,0,22,8,LG,32,Draft,Star,64,0,0,FA,tier_6,,,,
Nate,Blaylock,Nate Blaylock,NateBlaylock_35635,1085,1083,0,22,6,LE,8,Signed,Normal,65,0,3,KC,tier_6,,-3.0,,
John,O'Rourke,John O'Rourke,JohnO'Rourke_32318,1086,1084,3,25,3,RT,22,Signed,Star,82,1,0,LV,tier_3,,,1.0,
Derek,Van Dyke,Derek Van Dyke,,1087,1085,0,22,8,RG,32,Draft,Normal,67,0,0,FA,tier_6,,,,
Marcus,Henderson,Marcus Henderson,MarcusHenderson_337,1088,1086,9,32,3,RG,21,Signed,Star,84,0,2,NE,tier_3,,,-2.0,
Jacoby,Riddick,Jacoby Riddick,JacobyRiddick_3241,1089,1087,3,25,63,WR,10,Signed,Normal,65,0,2,DAL,tier_6,,,,
Aaron,Olsen,Aaron Olsen,AaronOlsen_30416,1090,1088,5,27,4,RE,21,Signed,Normal,78,1,0,NE,tier_4,,1.0,,
Benjamin,Brahmer,Benjamin Brahmer,BenjaminBrahmer_44,1091,1089,7,30,4,TE,27,Signed,Star,77,1,4,SEA,tier_4,-3.0,,,
Caleb,Williams,Caleb Williams,CalebWilliams_30125,1092,1090,5,26,1,WR,24,Signed,Star,75,0,5,BAL,tier_4,-5.0,,,
Kevin,Downs,Kevin Downs,,1093,1091,0,22,5,RE,32,Draft,Star,65,0,0,FA,tier_6,,,,
Kaseem,Calloway,Kaseem Calloway,KaseemCalloway_31334,1094,1092,4,26,3,DT,27,Signed,Normal,77,1,0,SEA,tier_4,,1.0,,
Ajani,Cornelius,Ajani Cornelius,AjaniCornelius_129,1095,1093,10,33,1,RG,3,Signed,Superstar,79,10,0,DEN,tier_4,,,10.0,
Da'Saahn,Brame,Da'Saahn Brame,Da'SaahnBrame_318,1096,1094,6,29,3,TE,5,Signed,Star,71,1,2,TB,tier_5,-1.0,,,
Peter,Woods,Peter Woods,PeterWoods_117,1097,1095,9,30,1,DT,22,Signed,XFactor,93,0,2,LV,tier_1,,-2.0,,
Brandon,Sloan,Brandon Sloan,BrandonSloan_3563373,1098,1096,1,23,63,HB,32,FreeAgent,Normal,60,0,0,FA,tier_6,,,,
Justin,Miranda,Justin Miranda,,1099,1097,0,23,2,C,32,Draft,Star,73,0,0,FA,tier_5,,,,
Jace,Stein,Jace Stein,JaceStein_35420,1100,1098,0,22,4,DT,0,Signed,Normal,70,1,0,CHI,tier_5,,1.0,,
Abu,Tarawallie,Abu Tarawallie,AbuTarawallie_411,1101,1099,6,28,4,DT,9,Signed,Normal,93,0,0,IND,tier_1,,0.0,,
Keon,Kemna,Keon Kemna,KeonKemna_32322,1102,1100,3,24,3,LOLB,32,Deleted,Normal,55,0,0,FA,tier_6,,,,
Devin,Harper,Devin Harper,DevinHarper_29330,1103,1101,7,29,3,RG,32,FreeAgent,Normal,63,0,0,FA,tier_6,,,,
Zack,Lynch,Zack Lynch,ZackLynch_3246,1104,1102,4,27,4,QB,32,FreeAgent,Normal,62,0,0,FA,tier_6,,,,
Camani,Cobbs,Camani Cobbs,CamaniCobbs_314,1105,1103,8,31,3,CB,21,Signed,Star,77,6,0,NE,tier_4,,6.0,,
Jeremy,Lawry,Jeremy Lawry,JeremyLawry_35317,1106,1104,0,23,3,FS,21,Signed,Normal,69,0,4,NE,tier_6,,-4.0,,
Pat,Williams,Pat Williams,PatWilliams_3163312,1107,1105,4,28,63,K,8,Signed,Normal,76,1,1,KC,tier_4,,,,0.0
Nazir,Webster,Nazir Webster,NazirWebster_35440,1108,1106,0,22,4,HB,19,Signed,Normal,71,0,1,GB,tier_5,,,,
Cody,Mercer,Cody Mercer,CodyMercer_3363311,1109,1107,2,24,63,MLB,29,Signed,Normal,63,0,0,TEN,tier_6,,0.0,,
Quandre,Ward,Quandre Ward,,1110,1108,0,23,6,CB,32,Draft,Normal,65,0,0,FA,tier_6,,,,
Chaz,Bauman,Chaz Bauman,,1111,1109,0,21,8,HB,32,Draft,Normal,59,0,0,FA,tier_6,,,,
Cam,Aldridge,Cam Aldridge,CamAldridge_32330,1112,1110,3,25,3,LE,15,Signed,XFactor,90,6,0,NYG,tier_1,,6.0,,
De'Angelo,Gooden,De'Angelo Gooden,De'AngeloGooden_3433,1113,1111,1,23,3,ROLB,14,Signed,Normal,73,0,1,SF,tier_5,,-1.0,,
Joe,Burney,Joe Burney,JoeBurney_3363443,1114,1112,2,25,63,WR,29,Signed,Normal,66,0,2,TEN,tier_6,,,,
Johnny,Chamberlain,Johnny Chamberlain,JohnnyChamberlain_35620,1115,1113,0,23,6,DT,0,Signed,Normal,66,0,1,CHI,tier_6,,,,
Rafael,Marshall,Rafael Marshall,,1116,1114,0,22,6,SS,32,Draft,Normal,64,0,0,FA,tier_6,,,,
Davis,Barlow,Davis Barlow,DavisBarlow_30313,1117,1115,6,28,3,SS,32,FreeAgent,Normal,62,0,0,FA,tier_6,,,,
James,Pearce Jr.,James Pearce Jr.,JamesPearce Jr._112,1118,1116,10,32,1,RE,5,Signed,Superstar,87,0,2,TB,tier_2,,-2.0,,
Lyle,Harvey,Lyle Harvey,,1119,1117,0,22,8,CB,32,Draft,Normal,65,0,0,FA,tier_6,,,,
Eric,Fuller,Eric Fuller,,1120,1118,0,22,4,HB,32,Draft,Normal,76,0,0,FA,tier_4,,,,
Phillip,Williams,Phillip Williams,PhillipWilliams_32324,1121,1119,3,24,3,SS,12,Signed,Star,82,2,0,PHI,tier_3,,2.0,,
Telvin,Walker,Telvin Walker,TelvinWalker_35520,1122,1120,0,22,5,WR,16,Signed,Normal,70,0,1,JAX,tier_5,,,,
Ty,Ferguson,Ty Ferguson,,1123,1121,0,22,5,QB,32,Draft,Normal,64,0,0,FA,tier_6,,,,
Klay,Cooks,Klay Cooks,KlayCooks_32323,1124,1122,3,25,3,RE,20,Signed,Star,84,0,4,CAR,tier_3,,-4.0,,
Walker,Davis,Walker Davis,WalkerDavis_423,1125,1123,8,30,4,C,32,FreeAgent,Normal,62,0,0,FA,tier_6,,,,
Shareef,Beal-Conley,Shareef Beal-Conley,ShareefBeal-Conley_32325,1126,1124,3,26,3,TE,13,Signed,Normal,78,1,5,ATL,tier_4,-4.0,,,
Taylor,Benson,Taylor Benson,,1127,1125,0,23,5,QB,32,Draft,Normal,66,0,0,FA,tier_6,,,,
Jonathan,Crawford,Jonathan Crawford,JonathanCrawford_32327,1128,1126,3,25,3,C,11,Signed,Star,80,1,0,MIA,tier_3,,,1.0,
Alton,Kennedy,Alton Kennedy,AltonKennedy_32326,1129,1127,3,25,3,RE,32,Deleted,Normal,59,0,0,FA,tier_6,,,,
Christian,Carr,Christian Carr,,1130,1128,0,23,8,CB,32,Draft,Star,71,0,0,FA,tier_5,,,,
Tyler,Patterson,Tyler Patterson,,1131,1129,0,23,2,FS,32,Draft,Normal,75,0,0,FA,tier_4,,,,
Rashaun,Bradford,Rashaun Bradford,,1132,1130,0,22,8,WR,32,Draft,Normal,64,0,0,FA,tier_6,,,,
Daryl,Whiteside,Daryl Whiteside,DarylWhiteside_33616,1133,1131,2,24,6,MLB,31,Signed,Normal,69,1,0,HOU,tier_6,,1.0,,
Fredrick,Norton,Fredrick Norton,,1134,1132,0,22,6,HB,32,Draft,Star,65,0,0,FA,tier_6,,,,
Anthony,Magana,Anthony Magana,AnthonyMagana_31421,1135,1133,5,28,6,FS,32,FreeAgent,Normal,68,0,0,FA,tier_6,,,,
Simon,Bacon,Simon Bacon,SimonBacon_3363424,1136,1134,2,24,63,TE,32,Deleted,Normal,58,0,0,FA,tier_6,,,,
Mitchell,Judge,Mitchell Judge,,1137,1135,0,22,8,K,32,Draft,Normal,68,0,0,FA,tier_6,,,,
Trent,Porter,Trent Porter,TrentPorter_33533,1138,1136,2,26,5,SS,0,Signed,XFactor,91,0,4,CHI,tier_1,,-4.0,,
Dorian,Humphrey,Dorian Humphrey,,1139,1137,0,22,2,QB,32,Draft,Superstar,64,0,0,FA,tier_6,,,,
Matthew,Greene,Matthew Greene,,1140,1138,0,22,8,LE,32,Draft,Normal,60,0,0,FA,tier_6,,,,
Julian,Roberts,Julian Roberts,,1141,1139,0,21,6,HB,32,Draft,Normal,69,0,0,FA,tier_6,,,,
Reuben,Fatheree II,Reuben Fatheree II,ReubenFatheree II_63,1142,1140,11,34,6,RT,32,FreeAgent,Normal,62,0,0,FA,tier_6,,,,
Aeeron,LeCounte,Aeeron LeCounte,AeeronLeCounte_3217,1143,1141,3,23,1,WR,14,Signed,XFactor,94,0,3,SF,tier_1,-3.0,,,
Jojo,Young,Jojo Young,JojoYoung_3363258,1144,1142,2,25,63,RE,4,Signed,Normal,67,0,2,CLE,tier_6,,,,
Chandler,Pratt,Chandler Pratt,ChandlerPratt_32328,1145,1143,3,25,3,FS,10,Signed,Normal,71,3,0,DAL,tier_5,,3.0,,
Mitchell,Lake,Mitchell Lake,MitchellLake_63350,1146,1144,8,31,63,P,24,Signed,Normal,76,3,1,BAL,tier_4,,,,2.0
Christian,Harris,Christian Harris,HarrisChristian_22405,1147,1145,13,34,3,LOLB,14,Signed,Star,74,0,2,SF,tier_5,,,,
Jahzari,Bruce,Jahzari Bruce,JahzariBruce_3563324,1148,1146,0,22,63,WR,1,Signed,Normal,65,0,1,CIN,tier_6,,,,
Braxton,Byers,Braxton Byers,,1149,1147,0,21,7,MLB,32,Draft,Normal,68,0,0,FA,tier_6,,,,
Justin,McCarthy,Justin McCarthy,JustinMcCarthy_3244,1150,1148,4,27,4,LT,32,FreeAgent,Normal,64,0,0,FA,tier_6,,,,
Shelton,Perriman,Shelton Perriman,SheltonPerriman_3563277,1151,1149,1,23,63,LOLB,32,FreeAgent,Normal,58,0,0,FA,tier_6,,,,
Tyler,Lambert,Tyler Lambert,TylerLambert_3378,1152,1150,2,24,7,RE,31,Signed,Normal,72,0,3,HOU,tier_5,,-3.0,,
Ahmad,Fitzsimmons,Ahmad Fitzsimmons,AhmadFitzsimmons_3363401,1153,1151,2,25,63,QB,25,Signed,Normal,58,0,0,WAS,tier_6,,,,
Xavier,Forsett,Xavier Forsett,XavierForsett_3563396,1154,1152,0,22,63,QB,32,Deleted,Normal,59,0,0,FA,tier_6,,,,
Shaval,Peterson,Shaval Peterson,ShavalPeterson_32430,1155,1153,3,27,4,CB,24,Signed,Normal,73,8,0,BAL,tier_5,,8.0,,
Jared,Smith,Jared Smith,,1156,1154,0,23,7,C,32,Draft,Normal,65,0,0,FA,tier_6,,,,
Eddie,Czaplicki,Eddie Czaplicki,EddieCzaplicki_713,1157,1155,10,33,7,P,1,Signed,Star,77,1,1,CIN,tier_4,,,,0.0
Michael,Willis,Michael Willis,MichaelWillis_35614,1158,1156,0,23,6,CB,20,Signed,Normal,66,0,2,CAR,tier_6,,-2.0,,
Jacob,Krueger,Jacob Krueger,JacobKrueger_32331,1159,1157,3,25,3,LG,19,Signed,Normal,80,0,3,GB,tier_3,,,,
Brendan,Smith,Brendan Smith,,1160,1158,0,22,2,SS,32,Draft,Normal,75,0,0,FA,tier_4,,,,
Quan,Woodbury,Quan Woodbury,QuanWoodbury_3463269,1161,1159,1,22,63,HB,4,Signed,Normal,71,0,1,CLE,tier_5,,,,
LaMandre,Miller,LaMandre Miller,LaMandreMiller_3242,1162,1160,3,25,4,HB,7,Signed,Normal,65,0,1,LAC,tier_6,,,,
Kendrick,Gunter,Kendrick Gunter,,1163,1161,0,23,7,HB,32,Draft,Normal,68,0,0,FA,tier_6,,,,
Damarious,Swayne Jr,Damarious Swayne Jr,DamariousSwayne Jr_35437,1164,1162,0,23,4,RG,4,Signed,Normal,68,0,1,CLE,tier_6,,,,
Tyrique,McKinney,Tyrique McKinney,,1165,1163,0,21,1,FS,32,Draft,Star,74,0,0,FA,tier_5,,,,
Danny,Lowery,Danny Lowery,,1166,1164,0,22,8,MLB,32,Draft,Normal,63,0,0,FA,tier_6,,,,
Derek,Booker,Derek Booker,DerekBooker_3563344,1167,1165,0,21,63,LT,10,Signed,Normal,63,0,1,DAL,tier_6,,,,
Anton,Harrison,Anton Harrison,HarrisonAnton_22850,1168,1166,12,33,1,LT,20,Signed,Star,77,3,0,CAR,tier_4,,,3.0,
Nathan,Tyson,Nathan Tyson,NathanTyson_33633,1169,1167,2,25,6,QB,12,Signed,Normal,65,0,0,PHI,tier_6,,,,
Deontae,Norris,Deontae Norris,,1170,1168,0,22,6,SS,32,Draft,Normal,64,0,0,FA,tier_6,,,,
Dylan,Harrison,Dylan Harrison,DylanHarrison_32332,1171,1169,3,25,3,MLB,1,Signed,Normal,80,0,3,CIN,tier_3,,,,
Ramon,Ortega,Ramon Ortega,RamonOrtega_3563365,1172,1170,1,24,63,K,32,FreeAgent,Normal,69,0,0,FA,tier_6,,,,
Jermaine,Vannett,Jermaine Vannett,JermaineVannett_3124,1173,1171,4,26,2,DT,27,Signed,Star,77,2,0,SEA,tier_4,,2.0,,
Tuli,Matavao,Tuli Matavao,TuliMatavao_32333,1174,1172,3,25,3,DT,11,Signed,Star,79,3,0,MIA,tier_4,,3.0,,
Talanoa,Ili,Talanoa Ili,TalanoaIli_37,1175,1173,6,27,3,MLB,9,Signed,Superstar,82,0,2,IND,tier_3,,-2.0,,
Amir,Boone,Amir Boone,,1176,1174,0,23,8,LE,32,Draft,Normal,69,0,0,FA,tier_6,,,,
Doug,Winters,Doug Winters,,1177,1175,0,22,8,CB,32,Draft,Normal,63,0,0,FA,tier_6,,,,
Pressley,Harvin III,Pressley Harvin III,HarvinIIIPressley_21854,1178,1176,14,36,7,P,18,Signed,Normal,71,2,1,DET,tier_5,,,,1.0
Donatello,Robertson,Donatello Robertson,,1179,1177,0,22,8,RE,32,Draft,Normal,61,0,0,FA,tier_6,,,,
Trevante,Lockley,Trevante Lockley,,1180,1178,0,21,8,WR,32,Draft,Star,62,0,0,FA,tier_6,,,,
Noah,Stanford,Noah Stanford,NoahStanford_3563439,1181,1179,1,23,63,ROLB,32,FreeAgent,Normal,58,0,0,FA,tier_6,,,,
Joshua,Mullen,Joshua Mullen,JoshuaMullen_35322,1182,1180,0,22,3,LT,3,Signed,Normal,67,0,1,DEN,tier_6,,,,
Adonyss,Currie,Adonyss Currie,AdonyssCurrie_29619,1183,1181,7,29,6,CB,32,FreeAgent,Normal,70,0,0,FA,tier_5,,,,
Taariq,Al-Uqdah,Taariq Al-Uqdah,,1184,1182,8,31,5,ROLB,32,Retired,Normal,55,0,0,FA,tier_6,,,,
Alec,Rosenberg,Alec Rosenberg,,1185,1183,0,22,8,MLB,32,Draft,Normal,63,0,0,FA,tier_6,,,,
Travis,Evans,Travis Evans,,1186,1184,0,23,8,RE,32,Draft,Normal,59,0,0,FA,tier_6,,,,
Mike,Boothe,Mike Boothe,MikeBoothe_30314,1187,1185,5,27,3,TE,18,Signed,Normal,64,0,2,DET,tier_6,,,,
Conner,Forristall,Conner Forristall,ConnerForristall_3363326,1188,1186,2,24,63,C,12,Signed,Normal,62,0,7,PHI,tier_6,,,-7.0,
Maison,Dunn,Maison Dunn,MaisonDunn_29423,1189,1187,7,29,4,CB,32,FreeAgent,Normal,72,0,0,FA,tier_5,,,,
Jaedon,Harmon,Jaedon Harmon,JaedonHarmon_2963331,1190,1188,7,29,63,MLB,32,FreeAgent,Normal,60,0,0,FA,tier_6,,,,
Marcus,Means,Marcus Means,MarcusMeans_3563353,1191,1189,0,22,63,CB,4,Signed,Normal,66,8,0,CLE,tier_6,,8.0,,
Nick,Friedman,Nick Friedman,NickFriedman_33524,1192,1190,2,24,5,HB,24,Signed,Normal,64,0,1,BAL,tier_6,,,,
Desmond,Woodbury,Desmond Woodbury,DesmondWoodbury_3126,1193,1191,5,26,2,FS,32,FreeAgent,Normal,66,0,0,FA,tier_6,,,,
Dion,Ealy,Dion Ealy,,1194,1192,0,21,7,RG,32,Draft,Star,68,0,0,FA,tier_6,,,,
Lindsey,Ramsey,Lindsey Ramsey,,1195,1193,0,21,8,LG,32,Draft,Normal,69,0,0,FA,tier_6,,,,
Guerby,Lambert,Guerby Lambert,GuerbyLambert_220,1196,1194,7,30,2,RT,13,Signed,Normal,69,0,2,ATL,tier_6,,,,
Dorian,Edwards,Dorian Edwards,DorianEdwards_34429,1197,1195,1,23,4,WR,1,Signed,Normal,70,12,0,CIN,tier_5,12.0,,,
Chuck,Dalton,Chuck Dalton,,1198,1196,0,22,4,LOLB,32,Draft,Normal,63,0,0,FA,tier_6,,,,
Anthony,Choice,Anthony Choice,,1199,1197,0,21,3,CB,32,Draft,Normal,68,0,0,FA,tier_6,,,,
Sutton,Cordle,Sutton Cordle,SuttonCordle_35624,1200,1198,0,22,6,LG,23,Signed,Normal,65,0,1,LAR,tier_6,,,,
Dom,Scruggs,Dom Scruggs,,1201,1199,0,22,5,FS,32,Draft,Normal,67,0,0,FA,tier_6,,,,
Reggie,Patterson,Reggie Patterson,ReggiePatterson_32414,1202,1200,4,27,4,WR,32,FreeAgent,Normal,67,0,0,FA,tier_6,,,,
Peter,Brown,Peter Brown,PeterBrown_30334,1203,1201,5,27,3,WR,26,Signed,Normal,69,0,2,NO,tier_6,,,,
Will,Calloway,Will Calloway,,1204,1202,0,22,8,LE,32,Draft,Normal,58,0,0,FA,tier_6,,,,
Monty,Goode,Monty Goode,MontyGoode_31617,1205,1203,5,27,6,DT,32,FreeAgent,Normal,65,0,0,FA,tier_6,,,,
Ja'Rad,Davis,Ja'Rad Davis,Ja'RadDavis_3563228,1206,1204,0,23,63,DT,0,PracticeSquad,Normal,64,0,1,CHI,tier_6,,,,
Nolan,Adkisson,Nolan Adkisson,NolanAdkisson_3563405,1207,1205,0,22,63,DT,26,PracticeSquad,Normal,63,0,1,NO,tier_6,,,,
Christian,Jones,Christian Jones,ChristianJones_29336,1208,1206,6,29,3,LOLB,11,Signed,Star,77,3,0,MIA,tier_4,,3.0,,
Daniel,Elias,Daniel Elias,DanielElias_3163328,1209,1207,5,26,63,C,32,FreeAgent,Normal,60,0,0,FA,tier_6,,,,
Michael,Fasusi,Michael Fasusi,MichaelFasusi_32,1210,1208,7,29,3,LT,32,FreeAgent,Normal,61,0,0,FA,tier_6,,,,
Jaylen,Kinney,Jaylen Kinney,JaylenKinney_32334,1211,1209,3,25,3,ROLB,18,Signed,Normal,78,6,0,DET,tier_4,,6.0,,
Daiyan,Henley,Daiyan Henley,HenleyDaiyan_23000,1212,1210,12,35,3,ROLB,32,Deleted,Star,66,0,0,FA,tier_6,,,,
Lucky,Aldridge,Lucky Aldridge,LuckyAldridge_3241,1213,1211,3,25,4,HB,9,Signed,Normal,77,0,0,IND,tier_4,0.0,,,
Marshon,Johnson,Marshon Johnson,MarshonJohnson_35637,1214,1212,0,23,6,HB,6,Signed,Normal,65,0,1,ARI,tier_6,,,,
Jaren,Clancy,Jaren Clancy,,1215,1213,0,22,8,QB,32,Draft,Normal,60,0,0,FA,tier_6,,,,
Joe,Wilson,Joe Wilson,JoeWilson_3243,1216,1214,3,25,63,LG,28,Signed,Normal,64,0,2,PIT,tier_6,,,,
Kevin,Tyler,Kevin Tyler,,1217,1215,0,22,5,LE,32,Draft,Normal,66,0,0,FA,tier_6,,,,
Curlee,Tyson,Curlee Tyson,CurleeTyson_3542,1218,1216,0,22,4,RE,25,Signed,Normal,71,4,0,WAS,tier_5,,4.0,,
Justin,Herbert,Justin Herbert,HerbertJustin_21034,1219,1217,16,38,1,QB,32,FreeAgent,Normal,63,0,0,FA,tier_6,,,,
Aeeron,Burrell,Aeeron Burrell,AeeronBurrell_2978,1220,1218,6,28,7,K,12,Signed,Normal,75,1,2,PHI,tier_4,,,,-1.0
Jadon,Stephens,Jadon Stephens,JadonStephens_31215,1221,1219,5,28,2,HB,32,FreeAgent,Normal,62,0,0,FA,tier_6,,,,
Matt,Singh,Matt Singh,MattSingh_33613,1222,1220,2,25,6,LOLB,11,Signed,Normal,70,0,4,MIA,tier_5,,-4.0,,
Jamie,Freeman,Jamie Freeman,JamieFreeman_35612,1223,1221,0,24,6,TE,26,Signed,Normal,67,0,1,NO,tier_6,,,,
Jacoby,Gallimore,Jacoby Gallimore,JacobyGallimore_3463263,1224,1222,1,24,63,WR,11,Signed,Normal,66,0,2,MIA,tier_6,,,,
Charleston,Minor,Charleston Minor,CharlestonMinor_3363283,1225,1223,2,25,63,DT,30,Signed,Normal,73,0,1,MIN,tier_5,,-1.0,,
Scooby,Tucker,Scooby Tucker,ScoobyTucker_34727,1226,1224,1,23,63,WR,15,Signed,Normal,66,0,2,NYG,tier_6,,,,
Laith,Vaughan,Laith Vaughan,LaithVaughan_3363308,1227,1225,2,26,63,K,8,PracticeSquad,Normal,69,0,0,KC,tier_6,,,,
Elijah,Gardiner,Elijah Gardiner,ElijahGardiner_31411,1228,1226,4,26,4,LOLB,31,Signed,Star,83,1,0,HOU,tier_3,,1.0,,
J.T.,Knighton,J.T. Knighton,J.T.Knighton_3247,1229,1227,3,26,4,CB,14,Signed,Normal,72,7,0,SF,tier_5,,7.0,,
Tre,Collins,Tre Collins,TreCollins_3363368,1230,1228,2,25,63,ROLB,3,PracticeSquad,Normal,63,0,2,DEN,tier_6,,,,
Anfernee,Mills,Anfernee Mills,AnferneeMills_3446,1231,1229,1,24,4,RT,1,Signed,Normal,67,0,2,CIN,tier_6,,,,
Paul,Ingram,Paul Ingram,PaulIngram_33621,1232,1230,2,24,6,CB,8,PracticeSquad,Normal,65,0,2,KC,tier_6,,,,
Jaron,Butker,Jaron Butker,JaronButker_3245,1233,1231,4,25,4,WR,32,FreeAgent,Normal,63,0,0,FA,tier_6,,,,
Andrew,Page,Andrew Page,AndrewPage_31,1234,1232,7,29,3,C,4,Signed,Superstar,91,1,0,CLE,tier_1,,,1.0,
Spencer,Pickett,Spencer Pickett,,1235,1233,0,22,8,HB,32,Draft,Normal,62,0,0,FA,tier_6,,,,
Isaac,Pickens,Isaac Pickens,IsaacPickens_3561,1236,1234,0,22,6,CB,29,Signed,Normal,67,0,2,TEN,tier_6,,-2.0,,
Ja'Quan,Rose,Ja'Quan Rose,,1237,1235,0,22,8,RE,32,Draft,Normal,62,0,0,FA,tier_6,,,,
A.J.,Harris,A.J. Harris,A.J.Harris_517,1238,1236,9,30,5,CB,31,Signed,Superstar,83,0,0,HOU,tier_3,,0.0,,
Dezz,Ricks,Dezz Ricks,DezzRicks_232,1239,1237,7,29,2,CB,22,Signed,Normal,77,1,0,LV,tier_4,,1.0,,
Alex,Knox,Alex Knox,AlexKnox_34510,1240,1238,1,24,5,QB,21,Signed,Normal,64,0,0,NE,tier_6,,,,
Roderick,Reece,Roderick Reece,,1241,1239,0,22,4,CB,32,Draft,Normal,67,0,0,FA,tier_6,,,,
Adam,Hackett,Adam Hackett,,1242,1240,0,22,3,TE,32,Draft,Normal,68,0,0,FA,tier_6,,,,
Donavan,Searcy,Donavan Searcy,DonavanSearcy_3463261,1243,1241,1,24,63,RE,4,Signed,Normal,67,0,2,CLE,tier_6,,,,
Deacon,Adams,Deacon Adams,DeaconAdams_35434,1244,1242,0,24,4,LE,16,Signed,Normal,69,0,1,JAX,tier_6,,-1.0,,
Allen,McClain,Allen McClain,AllenMcClain_3249,1245,1243,4,26,4,TE,32,FreeAgent,Normal,63,0,0,FA,tier_6,,,,
James,Underwood,James Underwood,JamesUnderwood_3248,1246,1244,3,25,4,LE,28,Signed,Normal,67,0,2,PIT,tier_6,,,,
Richard,Feliciano,Richard Feliciano,RichardFeliciano_30644,1247,1245,6,28,6,WR,32,FreeAgent,Normal,66,0,0,FA,tier_6,,,,
Brock,Harris,Brock Harris,BrockHarris_29313,1248,1246,6,27,3,TE,31,Signed,Normal,68,0,2,HOU,tier_6,,,,
Daxton,Hill,Daxton Hill,HillDaxton_22263,1249,1247,13,34,1,FS,28,Signed,Star,76,0,0,PIT,tier_4,,0.0,,
Peyton,Joseph,Peyton Joseph,PeytonJoseph_29227,1250,1248,7,29,2,RG,32,FreeAgent,Normal,64,0,0,FA,tier_6,,,,
Marvin,Phelps,Marvin Phelps,MarvinPhelps_34732,1251,1249,2,25,7,SS,32,FreeAgent,Normal,66,0,0,FA,tier_6,,,,
Aaron,McCullough,Aaron McCullough,,1252,1250,0,21,8,WR,32,Draft,Normal,60,0,0,FA,tier_6,,,,
Khari,McNeal,Khari McNeal,KhariMcNeal_3461,1253,1251,1,24,6,RT,24,Signed,Normal,63,0,2,BAL,tier_6,,,,
Jerry,Abraham,Jerry Abraham,,1254,1252,0,22,8,CB,32,Draft,Star,62,0,0,FA,tier_6,,,,
Kendrick,Ridley,Kendrick Ridley,,1255,1253,0,23,5,CB,32,Draft,Star,68,0,0,FA,tier_6,,,,
Alai,Kalaniuvalu,Alai Kalaniuvalu,AlaiKalaniuvalu_429,1256,1254,6,29,4,C,3,Signed,Normal,62,0,2,DEN,tier_6,,,,
Tyreek,Hill,Tyreek Hill,HillTyreek_17838,1257,1255,11,33,5,WR,32,Retired,Star,82,0,0,FA,tier_3,,,,
Jedrick,Allen,Jedrick Allen,JedrickAllen_32515,1258,1256,4,27,5,CB,32,FreeAgent,Normal,66,0,0,FA,tier_6,,,,
Brandon,Johnson,Brandon Johnson,BrandonJohnson_34310,1259,1257,1,24,3,HB,28,Signed,Normal,79,1,0,PIT,tier_4,1.0,,,
Aaron,Gibson,Aaron Gibson,AaronGibson_3463226,1260,1258,1,24,63,LE,0,Signed,Normal,70,0,1,CHI,tier_5,,-1.0,,
Jay,Henson,Jay Henson,JayHenson_32426,1261,1259,4,26,63,WR,32,FreeAgent,Normal,65,0,0,FA,tier_6,,,,
Alex,Swayne,Alex Swayne,,1262,1260,0,22,6,LE,32,Draft,Normal,68,0,0,FA,tier_6,,,,
Mason,Short,Mason Short,MasonShort_2933,1263,1261,7,29,3,C,32,FreeAgent,Normal,63,0,0,FA,tier_6,,,,
Josh,McKenzie,Josh McKenzie,JoshMcKenzie_31124,1264,1262,4,26,1,WR,23,Signed,Star,81,0,5,LAR,tier_3,-5.0,,,
Zach,McMullens,Zach McMullens,ZachMcMullens_33226,1265,1263,2,25,2,TE,19,Signed,Normal,71,1,4,GB,tier_5,-3.0,,,
Keith,Linton,Keith Linton,KeithLinton_32410,1266,1264,4,26,4,RT,32,FreeAgent,Normal,65,0,0,FA,tier_6,,,,
Isacc,Olson,Isacc Olson,IsaccOlson_35532,1267,1265,0,22,5,C,10,Signed,Normal,69,0,7,DAL,tier_6,,,-7.0,
Glenn,Havenstein,Glenn Havenstein,,1268,1266,0,22,8,RG,32,Draft,Normal,60,0,0,FA,tier_6,,,,
Christian,Ellsworth,Christian Ellsworth,ChristianEllsworth_3278,1269,1267,4,25,7,WR,32,FreeAgent,Normal,64,0,0,FA,tier_6,,,,
Chauncey,Rice,Chauncey Rice,ChaunceyRice_32411,1270,1268,3,26,4,RE,23,Signed,Normal,70,0,0,LAR,tier_5,,0.0,,
Marco,Gray,Marco Gray,,1271,1269,0,23,4,DT,32,Draft,Normal,65,0,0,FA,tier_6,,,,
Shemar,Johnson,Shemar Johnson,ShemarJohnson_35232,1272,1270,0,22,2,TE,10,Signed,Star,75,1,2,DAL,tier_4,-1.0,,,
Anthony,Hillhouse,Anthony Hillhouse,AnthonyHillhouse_33412,1273,1271,2,24,4,HB,21,Signed,Star,81,4,0,NE,tier_3,4.0,,,
Andrew,Warner,Andrew Warner,AndrewWarner_32415,1274,1272,3,25,4,SS,23,Signed,Normal,68,0,2,LAR,tier_6,,-2.0,,
Xavier,Griffin,Xavier Griffin,XavierGriffin_2958,1275,1273,7,28,5,MLB,32,FreeAgent,Normal,59,0,0,FA,tier_6,,,,
Felix,Flynn,Felix Flynn,,1276,1274,0,23,3,ROLB,32,Draft,Normal,61,0,0,FA,tier_6,,,,
Braylen,Russell,Braylen Russell,BraylenRussell_51,1277,1275,8,31,5,HB,32,FreeAgent,Normal,60,0,0,FA,tier_6,,,,
Najee,Ball,Najee Ball,,1278,1276,0,23,8,HB,32,Draft,Normal,59,0,0,FA,tier_6,,,,
Mick,Davidson,Mick Davidson,MickDavidson_32414,1279,1277,3,25,4,RG,7,Signed,Normal,65,0,2,LAC,tier_6,,,,
Theo,Bushrod,Theo Bushrod,,1280,1278,0,22,5,LT,32,Draft,Normal,64,0,0,FA,tier_6,,,,
Jevon,Holland,Jevon Holland,HollandJevon_21470,1281,1279,14,35,2,FS,20,Signed,Star,72,0,4,CAR,tier_5,,-4.0,,
Jont'e,Lashley Sr,Jont'e Lashley Sr,Jont'eLashley Sr_32421,1282,1280,3,25,4,DT,3,Signed,Normal,74,0,1,DEN,tier_5,,-1.0,,
Hemi,Ngata,Hemi Ngata,HemiNgata_33423,1283,1281,2,25,4,DT,8,Signed,Normal,70,0,5,KC,tier_5,,-5.0,,
Grant,Pierce,Grant Pierce,GrantPierce_3158,1284,1282,4,27,5,ROLB,31,Signed,Star,66,0,4,HOU,tier_6,,-4.0,,
DeSean,Brooks,DeSean Brooks,DeSeanBrooks_32413,1285,1283,3,25,4,LOLB,28,Signed,Normal,69,0,2,PIT,tier_6,,,,
Brayden,Wiggins,Brayden Wiggins,,1286,1284,0,22,8,SS,32,Draft,Normal,69,0,0,FA,tier_6,,,,
Alex,Bray,Alex Bray,AlexBray_637,1287,1285,7,29,6,RE,2,Signed,Normal,67,1,0,BUF,tier_6,,1.0,,
Howie,Riley,Howie Riley,HowieRiley_3363425,1288,1286,2,25,63,TE,24,Signed,Normal,66,0,2,BAL,tier_6,,,,
LaMarcus,Jones,LaMarcus Jones,LaMarcusJones_3363359,1289,1287,3,25,63,LOLB,32,FreeAgent,Normal,60,0,0,FA,tier_6,,,,
Najee,Okpokowuruk,Najee Okpokowuruk,NajeeOkpokowuruk_32418,1290,1288,3,25,4,CB,26,Signed,Normal,71,0,1,NO,tier_5,,-1.0,,
Imani,Sharp,Imani Sharp,ImaniSharp_3149,1291,1289,5,27,4,LE,32,FreeAgent,Normal,65,0,0,FA,tier_6,,,,
Jahmari,DeLoatch,Jahmari DeLoatch,,1292,1290,6,28,4,CB,32,Deleted,Normal,73,0,0,FA,tier_5,,,,
Stan,Lewis,Stan Lewis,,1293,1291,0,23,8,RT,32,Draft,Normal,65,0,0,FA,tier_6,,,,
Lukas,Halvorsen,Lukas Halvorsen,LukasHalvorsen_32416,1294,1292,3,26,4,K,19,Signed,Normal,75,1,1,GB,tier_4,,,,0.0
Will,Meadows,Will Meadows,WillMeadows_3135,1295,1293,4,26,3,TE,26,Signed,Star,79,6,0,NO,tier_4,6.0,,,
Brayden,Oliver,Brayden Oliver,BraydenOliver_3069,1296,1294,6,28,6,C,32,FreeAgent,Normal,62,0,0,FA,tier_6,,,,
Terrence,Atkinson,Terrence Atkinson,TerrenceAtkinson_31323,1297,1295,4,27,3,CB,8,Signed,Normal,71,0,0,KC,tier_5,,0.0,,
Shilo,Peace,Shilo Peace,ShiloPeace_32419,1298,1296,3,26,4,TE,8,Signed,Star,74,4,0,KC,tier_5,4.0,,,
Helaman,Ofahengaue,Helaman Ofahengaue,HelamanOfahengaue_63422,1299,1297,9,32,63,LOLB,32,FreeAgent,Normal,60,0,0,FA,tier_6,,,,
Chandler,Patton,Chandler Patton,ChandlerPatton_32420,1300,1298,4,26,4,RG,32,FreeAgent,Normal,64,0,0,FA,tier_6,,,,
Luke,Edmonds,Luke Edmonds,LukeEdmonds_3463264,1301,1299,1,24,63,ROLB,26,Signed,Normal,72,6,0,NO,tier_5,,6.0,,
Avion,Carter,Avion Carter,AvionCarter_3551,1302,1300,0,21,5,WR,18,Signed,Normal,74,0,1,DET,tier_5,,,,
Aaron,Mason,Aaron Mason,AaronMason_3363299,1303,1301,2,25,63,HB,23,Signed,Normal,67,0,1,LAR,tier_6,,,,
Bret,James,Bret James,,1304,1302,0,22,6,RE,32,Draft,Normal,64,0,0,FA,tier_6,,,,
Jon,Finnegan,Jon Finnegan,,1305,1303,0,21,8,LG,32,Draft,Normal,65,0,0,FA,tier_6,,,,
Gerald,Williams,Gerald Williams,GeraldWilliams_30633,1306,1304,6,27,6,HB,32,FreeAgent,Normal,63,0,0,FA,tier_6,,,,
Jahlil,Pinkston,Jahlil Pinkston,,1307,1305,0,22,8,QB,32,Draft,Normal,65,0,0,FA,tier_6,,,,
Dee,Bigsby,Dee Bigsby,DeeBigsby_3163318,1308,1306,4,26,63,MLB,8,Signed,Normal,65,0,3,KC,tier_6,,-3.0,,
Patrick,Bigby,Patrick Bigby,,1309,1307,0,23,8,CB,32,Draft,Normal,66,0,0,FA,tier_6,,,,
Josh,Bowman,Josh Bowman,JoshBowman_33326,1310,1308,2,24,3,TE,4,Signed,Normal,80,1,3,CLE,tier_3,-2.0,,,
Josh,Turbin,Josh Turbin,JoshTurbin_3363429,1311,1309,2,24,63,WR,3,PracticeSquad,Normal,63,0,2,DEN,tier_6,,,,
Iapani,Laloulu,Iapani Laloulu,IapaniLaloulu_21,1312,1310,8,31,2,C,22,Signed,Normal,63,10,0,LV,tier_6,,,10.0,
Jayden,Silvers,Jayden Silvers,,1313,1311,0,22,6,RE,32,Draft,Normal,69,0,0,FA,tier_6,,,,
Devin,Nicholson,Devin Nicholson,DevinNicholson_34434,1314,1312,1,24,4,C,26,Signed,Normal,69,0,2,NO,tier_6,,,,
Elijah,Paige,Elijah Paige,ElijahPaige_438,1315,1313,7,30,4,LT,27,Signed,Normal,66,0,2,SEA,tier_6,,,,
Teddy,Clinton,Teddy Clinton,,1316,1314,0,22,6,LOLB,32,Draft,Normal,62,0,0,FA,tier_6,,,,
Addison,Wilcoxson,Addison Wilcoxson,AddisonWilcoxson_323,1317,1315,6,27,3,LOLB,32,FreeAgent,Normal,62,0,0,FA,tier_6,,,,
Pierre,Spearman,Pierre Spearman,PierreSpearman_32422,1318,1316,4,26,4,LE,32,FreeAgent,Normal,66,0,0,FA,tier_6,,,,
Peyton,Taylor,Peyton Taylor,PeytonTaylor_3521,1319,1317,0,22,2,CB,29,Signed,Normal,75,0,1,TEN,tier_4,,,,
Dylan,Joyce,Dylan Joyce,DylanJoyce_63359,1320,1318,8,30,63,P,17,Signed,Normal,75,0,1,NYJ,tier_4,,,,-1.0
Pat,Matthews,Pat Matthews,PatMatthews_3563337,1321,1319,0,22,63,LT,19,PracticeSquad,Normal,62,0,1,GB,tier_6,,,,
Joe,Hall III,Joe Hall III,JoeHall III_628,1322,1320,8,30,6,SS,30,Signed,Star,79,0,1,MIN,tier_4,,-1.0,,
Carter,Dempsey,Carter Dempsey,CarterDempsey_3319,1323,1321,2,25,1,RT,6,Signed,Normal,71,0,2,ARI,tier_5,,,,
Ja'Bree,Hamlin,Ja'Bree Hamlin,Ja'BreeHamlin_35319,1324,1322,0,22,3,ROLB,4,Signed,Normal,73,5,0,CLE,tier_5,,5.0,,
Treyaun,Webb,Treyaun Webb,TreyaunWebb_217,1325,1323,9,31,2,HB,32,FreeAgent,Normal,62,0,0,FA,tier_6,,,,
Nick,Ratledge,Nick Ratledge,NickRatledge_33112,1326,1324,2,23,1,TE,5,Signed,XFactor,92,1,0,TB,tier_1,1.0,,,
George,Samuels,George Samuels,GeorgeSamuels_30638,1327,1325,6,29,6,LOLB,32,FreeAgent,Normal,60,0,0,FA,tier_6,,,,
Bryce,Becton,Bryce Becton,BryceBecton_35611,1328,1326,0,24,6,DT,12,Signed,Normal,67,0,1,PHI,tier_6,,,,
Eddie,Alexander,Eddie Alexander,EddieAlexander_32425,1329,1327,3,25,4,TE,25,Signed,Normal,69,0,2,WAS,tier_6,,,,
Nico,Torres,Nico Torres,,1330,1328,0,22,4,LE,32,Draft,Star,67,0,0,FA,tier_6,,,,
Will,Alexander,Will Alexander,WillAlexander_34132,1331,1329,1,22,1,C,3,Signed,Star,89,0,3,DEN,tier_2,,,,
Lynn,Carroll,Lynn Carroll,,1332,1330,0,22,8,FS,32,Draft,Normal,67,0,0,FA,tier_6,,,,
Devin,Russo,Devin Russo,DevinRusso_32424,1333,1331,3,25,4,RG,19,Signed,Normal,64,1,0,GB,tier_6,,,1.0,
Sean,Parsons,Sean Parsons,SeanParsons_3363350,1334,1332,2,25,63,RG,29,Signed,Normal,76,0,4,TEN,tier_4,,,-4.0,
Tyler,Coleman,Tyler Coleman,TylerColeman_30129,1335,1333,5,28,1,CB,26,Signed,Star,79,0,1,NO,tier_4,,-1.0,,
Justin,Reynolds,Justin Reynolds,JustinReynolds_30518,1336,1334,6,27,5,SS,32,FreeAgent,Normal,64,0,0,FA,tier_6,,,,
Antonio,Yancey Jr,Antonio Yancey Jr,AntonioYancey Jr_32423,1337,1335,3,25,4,HB,20,Signed,Normal,74,0,1,CAR,tier_5,,,,
Chris,Pittman,Chris Pittman,ChrisPittman_3134,1338,1336,5,27,3,MLB,32,FreeAgent,Normal,62,0,0,FA,tier_6,,,,
Zaire,Cole,Zaire Cole,,1339,1337,0,22,2,DT,32,Draft,Normal,75,0,0,FA,tier_4,,,,
Jeff,Robertson,Jeff Robertson,JeffRobertson_35425,1340,1338,0,22,4,HB,11,Signed,Normal,73,0,0,MIA,tier_5,0.0,,,
Junior,Walton,Junior Walton,JuniorWalton_3163392,1341,1339,5,28,63,RT,32,FreeAgent,Normal,64,0,0,FA,tier_6,,,,
Kayin,Gardener,Kayin Gardener,KayinGardener_32428,1342,1340,3,26,4,QB,19,Signed,Normal,67,0,0,GB,tier_6,,,,
M'lyke,McCree,M'lyke McCree,M'lykeMcCree_30118,1343,1341,5,27,1,RE,19,Signed,Superstar,83,3,0,GB,tier_3,,3.0,,
Denton,Payton,Denton Payton,DentonPayton_32429,1344,1342,4,26,4,C,32,FreeAgent,Normal,60,0,0,FA,tier_6,,,,
Devin,Anthony,Devin Anthony,DevinAnthony_35215,1345,1343,0,22,2,TE,31,Signed,Normal,73,1,3,HOU,tier_5,-2.0,,,
Jeremiah,Gillespie,Jeremiah Gillespie,,1346,1344,0,23,8,WR,32,Draft,Normal,63,0,0,FA,tier_6,,,,
Tim,Baldwin,Tim Baldwin,TimBaldwin_3463268,1347,1345,1,23,63,WR,0,PracticeSquad,Normal,62,0,2,CHI,tier_6,,,,
Nate,Bolton-Tomlinson,Nate Bolton-Tomlinson,NateBolton-Tomlinson_32720,1348,1346,3,26,7,WR,21,Signed,Normal,67,4,0,NE,tier_6,4.0,,,
Nick,Guerrero,Nick Guerrero,,1349,1347,0,21,1,LOLB,32,Draft,Star,68,0,0,FA,tier_6,,,,
Nick,Warner,Nick Warner,NickWarner_32426,1350,1348,3,26,4,MLB,1,Signed,Normal,70,3,0,CIN,tier_5,,3.0,,
Matt,Waters,Matt Waters,MattWaters_3363256,1351,1349,2,23,63,CB,5,Signed,Normal,69,0,2,TB,tier_6,,-2.0,,
Josh,Parks,Josh Parks,JoshParks_3133,1352,1350,4,25,3,RT,14,Signed,Normal,74,5,0,SF,tier_5,,,5.0,
Gehrig,Hood-Teller,Gehrig Hood-Teller,GehrigHood-Teller_3363365,1353,1351,2,24,63,LOLB,10,Signed,Normal,62,3,0,DAL,tier_6,,3.0,,
Devin,Mullins,Devin Mullins,DevinMullins_3316,1354,1352,2,24,1,WR,25,Signed,Normal,80,0,3,WAS,tier_3,-3.0,,,
Victor,Peters,Victor Peters,,1355,1353,0,23,8,RE,32,Draft,Normal,59,0,0,FA,tier_6,,,,
Cam,Ballentine,Cam Ballentine,,1356,1354,0,23,3,CB,32,Draft,Normal,71,0,0,FA,tier_5,,,,
Lucas,Pollard,Lucas Pollard,LucasPollard_33129,1357,1355,2,23,1,LG,15,Signed,Normal,84,0,2,NYG,tier_3,,,-2.0,
Aidan,Hutchinson,Aidan Hutchinson,HutchinsonAidan_22145,1358,1356,13,35,1,RE,18,Signed,Star,70,0,3,DET,tier_5,,-3.0,,
Devon,Cloud,Devon Cloud,,1359,1357,0,21,1,LOLB,32,Draft,Star,70,0,0,FA,tier_5,,,,
Ja'Darius,Oliver,Ja'Darius Oliver,,1360,1358,0,21,2,RE,32,Draft,Star,68,0,0,FA,tier_6,,,,
Brayden,Platt,Brayden Platt,BraydenPlatt_311,1361,1359,7,30,3,MLB,8,Signed,Star,78,1,0,KC,tier_4,,1.0,,
Joel,Dugans,Joel Dugans,JoelDugans_32518,1362,1360,3,25,5,WR,22,Signed,XFactor,98,2,0,LV,tier_0,2.0,,,
Will,Hayden,Will Hayden,WillHayden_31119,1363,1361,5,26,1,WR,32,FreeAgent,Normal,65,0,0,FA,tier_6,,,,
Rahim,Callaway,Rahim Callaway,RahimCallaway_34625,1364,1362,1,24,6,LE,15,Signed,Normal,69,0,2,NYG,tier_6,,,,
Kyrie,Scott,Kyrie Scott,,1365,1363,0,21,8,QB,32,Draft,Normal,61,0,0,FA,tier_6,,,,
Davante,Walton,Davante Walton,DavanteWalton_32610,1366,1364,4,25,6,CB,32,FreeAgent,Normal,68,0,0,FA,tier_6,,,,
Chad,Maddox,Chad Maddox,ChadMaddox_35436,1367,1365,0,22,4,QB,20,Signed,Normal,64,0,0,CAR,tier_6,,,,
Braydon,Molden,Braydon Molden,,1368,1366,0,23,6,DT,32,Draft,Normal,66,0,0,FA,tier_6,,,,
Will,Heyward,Will Heyward,WillHeyward_32434,1369,1367,3,25,4,SS,10,Signed,Normal,64,0,2,DAL,tier_6,,,,
DaShaun,Goodson,DaShaun Goodson,DaShaunGoodson_34624,1370,1368,1,24,6,HB,3,Signed,Normal,70,0,1,DEN,tier_5,,,,
Melvin,Solomon,Melvin Solomon,,1371,1369,0,22,5,RE,32,Draft,Normal,67,0,0,FA,tier_6,,,,
Dillon,Clay,Dillon Clay,,1372,1370,0,22,8,LE,32,Draft,Normal,65,0,0,FA,tier_6,,,,
Antonio,McQueen,Antonio McQueen,AntonioMcQueen_3463291,1373,1371,1,24,63,CB,23,Signed,Normal,71,0,3,LAR,tier_5,,-3.0,,
J'Shawn,Gaffney Jr,J'Shawn Gaffney Jr,J'ShawnGaffney Jr_34232,1374,1372,1,22,2,HB,3,Signed,Normal,81,0,1,DEN,tier_3,-1.0,,,
Kaleb,Beasley,Kaleb Beasley,KalebBeasley_723,1375,1373,7,30,7,CB,0,Signed,Star,75,0,2,CHI,tier_4,,,,
Caleb,Williams,Caleb Williams,WilliamsCaleb_14500,1376,1374,11,33,1,QB,0,Signed,XFactor,90,0,0,CHI,tier_1,,,,
Benji,Huntington,Benji Huntington,BenjiHuntington_31217,1377,1375,4,27,2,LE,32,Retired,Normal,74,0,0,FA,tier_5,,,,
Junior,Carroll,Junior Carroll,JuniorCarroll_30119,1378,1376,6,29,1,LE,32,FreeAgent,Star,73,0,0,FA,tier_5,,,,
Aaron,Flowers,Aaron Flowers,AaronFlowers_319,1379,1377,7,28,3,FS,25,Signed,Star,82,0,1,WAS,tier_3,,-1.0,,
Denard,Love,Denard Love,,1380,1378,0,22,8,CB,32,Draft,Normal,68,0,0,FA,tier_6,,,,
Brandon,Truman,Brandon Truman,BrandonTruman_3363384,1381,1379,2,25,63,RT,32,Deleted,Normal,59,0,0,FA,tier_6,,,,
Chuck,Bullocks,Chuck Bullocks,,1382,1380,0,22,2,QB,32,Draft,Normal,68,0,0,FA,tier_6,,,,
Lane,Fitzpatrick,Lane Fitzpatrick,LaneFitzpatrick_33732,1383,1381,2,24,7,C,3,Signed,Normal,63,0,2,DEN,tier_6,,,,
Kobe,Easley,Kobe Easley,KobeEasley_3254,1384,1382,4,27,5,DT,32,FreeAgent,Normal,68,0,0,FA,tier_6,,,,
B.J.,Barnes,B.J. Barnes,,1385,1383,0,22,4,CB,32,Draft,Normal,70,0,0,FA,tier_5,,,,
Jarrick,Dennard,Jarrick Dennard,JarrickDennard_33410,1386,1384,2,24,4,RE,23,Signed,Normal,79,0,2,LAR,tier_4,,,,
Jordan,Campbell,Jordan Campbell,JordanCampbell_2928,1387,1385,6,27,2,MLB,23,Signed,Normal,72,0,1,LAR,tier_5,,-1.0,,
Alex,Orji,Alex Orji,,1388,1386,8,31,5,QB,32,Retired,Normal,65,0,0,FA,tier_6,,,,
Curt,Montague,Curt Montague,,1389,1387,0,23,8,C,32,Draft,Normal,55,0,0,FA,tier_6,,,,
Bryce,Winston,Bryce Winston,,1390,1388,0,22,5,CB,32,Draft,Normal,73,0,0,FA,tier_5,,,,
Derrick,Burrell,Derrick Burrell,DerrickBurrell_32435,1391,1389,3,25,4,TE,10,Signed,Normal,62,0,2,DAL,tier_6,,,,
Matt,Henson,Matt Henson,MattHenson_3163369,1392,1390,5,27,63,RE,32,FreeAgent,Normal,63,0,0,FA,tier_6,,,,
E.J.,Harris,E.J. Harris,E.J.Harris_416,1393,1391,8,31,4,RG,30,Signed,Star,75,2,0,MIN,tier_4,,,2.0,
Julian,Pittman,Julian Pittman,,1394,1392,0,22,8,CB,32,Draft,Normal,66,0,0,FA,tier_6,,,,
James,Amell,James Amell,,1395,1393,0,23,7,LE,32,Draft,Normal,66,0,0,FA,tier_6,,,,
Sam,Gentry,Sam Gentry,SamGentry_3255,1396,1394,3,26,5,RE,27,Signed,Normal,77,0,2,SEA,tier_4,,-2.0,,
Deyjhon,Pettaway,Deyjhon Pettaway,DeyjhonPettaway_413,1397,1395,7,29,4,SS,32,FreeAgent,Normal,63,0,0,FA,tier_6,,,,
Roshawn,Holt,Roshawn Holt,RoshawnHolt_32113,1398,1396,3,24,1,RT,28,Signed,Superstar,93,1,0,PIT,tier_1,,,1.0,
Darren,Stephenson,Darren Stephenson,DarrenStephenson_33110,1399,1397,2,25,1,RG,31,Signed,Normal,80,1,0,HOU,tier_3,,,1.0,
Andrew,Olesh,Andrew Olesh,AndrewOlesh_419,1400,1398,7,28,4,TE,32,FreeAgent,Normal,62,0,0,FA,tier_6,,,,
Justin,Dupree,Justin Dupree,,1401,1399,0,23,8,DT,32,Draft,Normal,66,0,0,FA,tier_6,,,,
Casey,MacDonald,Casey MacDonald,,1402,1400,0,22,8,RE,32,Draft,Star,69,0,0,FA,tier_6,,,,
K.C.,Stallworth,K.C. Stallworth,,1403,1401,0,23,8,CB,32,Draft,Normal,68,0,0,FA,tier_6,,,,
Demario,Shaw,Demario Shaw,,1404,1402,0,22,8,RE,32,Draft,Normal,59,0,0,FA,tier_6,,,,
Sam,Jackson,Sam Jackson,,1405,1403,0,23,8,LT,32,Draft,Normal,67,0,0,FA,tier_6,,,,
Lance,Heard,Lance Heard,LanceHeard_319,1406,1404,9,31,3,RG,7,Signed,Normal,69,0,2,LAC,tier_6,,,,
Ryan,Tiller,Ryan Tiller,RyanTiller_35414,1407,1405,0,23,4,TE,2,Signed,Normal,73,1,1,BUF,tier_5,0.0,,,
Dewayne,Ward,Dewayne Ward,DewayneWard_3163367,1408,1406,5,29,63,ROLB,32,FreeAgent,Normal,58,0,0,FA,tier_6,,,,
Jaren,Ridley,Jaren Ridley,,1409,1407,0,22,8,CB,32,Draft,Normal,63,0,0,FA,tier_6,,,,
Tyreem,Powell,Tyreem Powell,TyreemPowell_63256,1410,1408,10,32,63,MLB,18,Signed,Star,66,0,2,DET,tier_6,,,,
Jay,Talley,Jay Talley,,1411,1409,0,22,8,CB,32,Draft,Normal,63,0,0,FA,tier_6,,,,
Damion,Hobbs,Damion Hobbs,,1412,1410,0,23,8,LE,32,Draft,Normal,59,0,0,FA,tier_6,,,,
Ben,Scandrick,Ben Scandrick,BenScandrick_3363325,1413,1411,2,25,63,C,26,Signed,Normal,65,0,2,NO,tier_6,,,,
Seuseu,Alofaituli,Seuseu Alofaituli,SeuseuAlofaituli_211,1414,1412,6,28,2,LG,24,Signed,Normal,68,0,2,BAL,tier_6,,,,
Terrelle,Lucas,Terrelle Lucas,TerrelleLucas_3563266,1415,1413,0,22,63,HB,19,Signed,Normal,66,0,1,GB,tier_6,,,,
Ryder,Lucas,Ryder Lucas,RyderLucas_32432,1416,1414,3,25,4,LG,1,Signed,Normal,78,2,0,CIN,tier_4,,,2.0,
Delroy,Crocker III,Delroy Crocker III,DelroyCrocker III_31328,1417,1415,4,26,3,TE,0,Signed,Normal,69,1,4,CHI,tier_6,-3.0,,,
Cal,Haladay,Cal Haladay,CalHaladay_63259,1418,1416,11,34,63,ROLB,32,FreeAgent,Normal,62,0,0,FA,tier_6,,,,
Lander,Barton,Lander Barton,,1419,1417,10,32,3,MLB,32,Deleted,Normal,63,0,0,FA,tier_6,,,,
Blake,Bolden,Blake Bolden,BlakeBolden_31426,1420,1418,5,29,4,TE,32,FreeAgent,Normal,61,0,0,FA,tier_6,,,,
Byron,Burgess,Byron Burgess,ByronBurgess_32526,1421,1419,4,26,5,DT,32,FreeAgent,Normal,67,0,0,FA,tier_6,,,,
Daylon,McMichael,Daylon McMichael,DaylonMcMichael_33323,1422,1420,2,25,3,CB,26,Signed,Normal,72,4,0,NO,tier_5,,4.0,,
Matthew,McDougle,Matthew McDougle,MatthewMcDougle_31433,1423,1421,4,26,4,CB,5,Signed,Normal,76,1,0,TB,tier_4,,1.0,,
Reggie,Buckhalter,Reggie Buckhalter,,1424,1422,0,22,8,HB,32,Draft,Normal,57,0,0,FA,tier_6,,,,
Alvin,Henderson,Alvin Henderson,AlvinHenderson_312,1425,1423,7,28,3,HB,6,Signed,Superstar,84,0,3,ARI,tier_3,,,,
Parker,Caldwell,Parker Caldwell,ParkerCaldwell_32510,1426,1424,3,26,5,ROLB,16,Signed,Normal,69,0,2,JAX,tier_6,,-2.0,,
Nathan,Bright,Nathan Bright,NathanBright_3363432,1427,1425,2,24,63,WR,10,PracticeSquad,Normal,62,0,2,DAL,tier_6,,,,
Jarred,Andrews,Jarred Andrews,JarredAndrews_3331,1428,1426,2,23,3,DT,13,Signed,Star,79,0,0,ATL,tier_4,,0.0,,
Kareem,Burnett,Kareem Burnett,KareemBurnett_31518,1429,1427,4,27,5,DT,31,Signed,Normal,74,0,3,HOU,tier_5,,-3.0,,
Tremaine,Anderson,Tremaine Anderson,,1430,1428,0,21,8,RE,32,Draft,Normal,61,0,0,FA,tier_6,,,,
Xavier,Tiller,Xavier Tiller,XavierTiller_29217,1431,1429,7,28,2,TE,32,FreeAgent,Normal,61,0,0,FA,tier_6,,,,
Tyler,Atkinson,Tyler Atkinson,TylerAtkinson_29115,1432,1430,6,27,1,MLB,28,Signed,Star,78,4,0,PIT,tier_4,,4.0,,
Justin,Jefferson,Justin Jefferson,JeffersonJustin_20961,1433,1431,14,35,1,WR,32,Retired,Star,78,0,0,FA,tier_4,,,,
Jason,McNair,Jason McNair,JasonMcNair_3563282,1434,1432,1,23,63,MLB,32,FreeAgent,Normal,60,0,0,FA,tier_6,,,,
David,McCloud,David McCloud,DavidMcCloud_32523,1435,1433,3,24,63,WR,8,Signed,Normal,65,0,2,KC,tier_6,,,,
Shonn,Moss,Shonn Moss,ShonnMoss_34219,1436,1434,1,22,2,SS,17,Signed,Star,83,1,0,NYJ,tier_3,,1.0,,
Davion,Brown,Davion Brown,DavionBrown_34122,1437,1435,1,23,1,CB,31,Signed,Normal,74,0,3,HOU,tier_5,,-3.0,,
Avery,Van Lanen,Avery Van Lanen,AveryVan Lanen_3329,1438,1436,2,25,2,RE,22,Signed,Normal,77,1,0,LV,tier_4,,1.0,,
Mackey,Maillho,Mackey Maillho,MackeyMaillho_64,1439,1437,9,32,6,RT,5,Signed,Normal,69,1,0,TB,tier_6,,,1.0,
Nolan,Blythe,Nolan Blythe,,1440,1438,0,22,8,ROLB,32,Draft,Normal,62,0,0,FA,tier_6,,,,
Kevin,Page,Kevin Page,,1441,1439,0,23,6,MLB,32,Draft,Normal,64,0,0,FA,tier_6,,,,
Ahmad,Cyprien,Ahmad Cyprien,AhmadCyprien_34128,1442,1440,1,22,1,RG,29,Signed,Normal,69,0,2,TEN,tier_6,,,,
Tevarua,Fonseca,Tevarua Fonseca,TevaruaFonseca_3251,1443,1441,3,26,5,FS,9,Signed,Star,86,2,0,IND,tier_2,,2.0,,
Deion,Monroe,Deion Monroe,DeionMonroe_3252,1444,1442,3,26,5,LT,13,Signed,Normal,70,0,2,ATL,tier_5,,,,
Dante,McClellan,Dante McClellan,DanteMcClellan_2963422,1445,1443,6,29,63,MLB,6,Signed,Star,74,8,0,ARI,tier_5,,8.0,,
Christopher,Wall,Christopher Wall,,1446,1444,0,23,8,RE,32,Draft,Normal,60,0,0,FA,tier_6,,,,
Justice,Fitzpatrick,Justice Fitzpatrick,JusticeFitzpatrick_29216,1447,1445,6,27,2,CB,20,Signed,Star,73,0,2,CAR,tier_5,,,,
Cederian,Morgan,Cederian Morgan,CederianMorgan_29132,1448,1446,6,27,1,WR,13,Signed,Normal,70,0,2,ATL,tier_5,,,,
Corian,Gipson,Corian Gipson,CorianGipson_320,1449,1447,8,30,3,CB,32,FreeAgent,Normal,63,0,0,FA,tier_6,,,,
Paul,Montague,Paul Montague,,1450,1448,0,22,8,RE,32,Draft,Normal,58,0,0,FA,tier_6,,,,
Keanon,Hyde,Keanon Hyde,KeanonHyde_34228,1451,1449,1,23,2,RE,19,Signed,Normal,72,6,0,GB,tier_5,,6.0,,
Kyle,Carroll,Kyle Carroll,,1452,1450,0,22,5,SS,32,Draft,Normal,67,0,0,FA,tier_6,,,,
Trevor,Livingston,Trevor Livingston,,1453,1451,0,22,8,LG,32,Draft,Normal,61,0,0,FA,tier_6,,,,
Matthew,Warmack,Matthew Warmack,,1454,1452,0,22,8,DT,32,Draft,Normal,53,0,0,FA,tier_6,,,,
Malik,Brinkley,Malik Brinkley,,1455,1453,0,22,8,RG,32,Draft,Normal,58,0,0,FA,tier_6,,,,
Bryan,McDaniel,Bryan McDaniel,BryanMcDaniel_31218,1456,1454,4,26,2,LT,14,Signed,Normal,79,1,7,SF,tier_4,,,-6.0,
Corey,Spellman,Corey Spellman,,1457,1455,0,22,8,RE,32,Draft,Normal,59,0,0,FA,tier_6,,,,
Cayden,Sweatt,Cayden Sweatt,CaydenSweatt_213,1458,1456,7,29,2,C,7,Signed,Normal,81,1,0,LAC,tier_3,,,1.0,
Hakeem,Calhoun,Hakeem Calhoun,HakeemCalhoun_3161,1459,1457,4,26,6,RE,0,Signed,Normal,71,0,3,CHI,tier_5,,-3.0,,
Tyler,Wheeler,Tyler Wheeler,TylerWheeler_3563418,1460,1458,0,23,63,WR,15,PracticeSquad,Normal,63,0,1,NYG,tier_6,,,,
Michael,Washington,Michael Washington,MichaelWashington_3563306,1461,1459,0,23,63,RT,0,Signed,Normal,61,0,1,CHI,tier_6,,,,
Emmett,Harper,Emmett Harper,EmmettHarper_3253,1462,1460,3,26,5,RT,30,Signed,Normal,86,0,3,MIN,tier_2,,,-3.0,
Joe,Richards,Joe Richards,,1463,1461,0,22,6,DT,32,Draft,Normal,65,0,0,FA,tier_6,,,,
Greg,Groves,Greg Groves,,1464,1462,0,21,5,QB,32,Draft,Normal,67,0,0,FA,tier_6,,,,
Arik,Dunn,Arik Dunn,ArikDunn_3563288,1465,1463,0,22,63,LE,9,PracticeSquad,Normal,63,0,1,IND,tier_6,,,,
Terrance,Cadet,Terrance Cadet,TerranceCadet_3463281,1466,1464,1,24,63,DT,4,Signed,Normal,71,0,3,CLE,tier_5,,-3.0,,
Brock,Vandagriff,Brock Vandagriff,,1467,1465,9,32,6,QB,32,Deleted,Normal,60,0,0,FA,tier_6,,,,
Cedric,Fitzgerald III,Cedric Fitzgerald III,CedricFitzgerald III_34418,1468,1466,1,23,4,LE,2,Signed,Normal,67,1,0,BUF,tier_6,,1.0,,
Aiden,Mann,Aiden Mann,AidenMann_35223,1469,1467,0,21,2,RG,3,Signed,Normal,73,0,1,DEN,tier_5,,,,
Bryant,Wesco,Bryant Wesco,BryantWesco_121,1470,1468,8,30,1,WR,3,Signed,Star,82,2,0,DEN,tier_3,2.0,,,
Cole,Hammond,Cole Hammond,,1471,1469,0,23,8,RE,32,Draft,Normal,58,0,0,FA,tier_6,,,,
Keenan,Arnaud,Keenan Arnaud,KeenanArnaud_3256,1472,1470,3,25,5,FS,31,Signed,Normal,83,0,3,HOU,tier_3,,,,
John,Dowling,John Dowling,,1473,1471,0,22,8,ROLB,32,Draft,Normal,55,0,0,FA,tier_6,,,,
Brian,Hutchinson,Brian Hutchinson,,1474,1472,0,23,8,QB,32,Draft,Star,58,0,0,FA,tier_6,,,,
Justin,Evans-Jenkins,Justin Evans-Jenkins,JustinEvans-Jenkins_521,1475,1473,9,31,5,C,32,FreeAgent,Normal,62,0,0,FA,tier_6,,,,
Larry,Watkins,Larry Watkins,,1476,1474,0,22,2,RE,32,Draft,Superstar,71,0,0,FA,tier_5,,,,
DeMar,Selvie,DeMar Selvie,,1477,1475,0,23,8,C,32,Draft,Normal,60,0,0,FA,tier_6,,,,
Dorian,McDougle,Dorian McDougle,DorianMcDougle_33513,1478,1476,2,23,5,WR,17,Signed,Normal,67,0,2,NYJ,tier_6,,,,
Austin,Blakley,Austin Blakley,,1479,1477,0,22,2,LG,32,Draft,Star,71,0,0,FA,tier_5,,,,
Eddie,Ward,Eddie Ward,,1480,1478,0,22,7,HB,32,Draft,Normal,65,0,0,FA,tier_6,,,,
Darrelle,Staley,Darrelle Staley,DarrelleStaley_3463267,1481,1479,1,24,63,CB,2,Signed,Normal,65,0,0,BUF,tier_6,,0.0,,
Jayden,Durham,Jayden Durham,JaydenDurham_35422,1482,1480,0,22,4,FS,6,Signed,Normal,68,1,0,ARI,tier_6,,1.0,,
Hardy,Watts,Hardy Watts,HardyWatts_2963385,1483,1481,7,29,63,C,32,FreeAgent,Normal,61,0,0,FA,tier_6,,,,
Cassius,Tomlinson,Cassius Tomlinson,,1484,1482,0,21,8,HB,32,Draft,Normal,64,0,0,FA,tier_6,,,,
Nicholas,Carney,Nicholas Carney,,1485,1483,0,21,1,RE,32,Draft,Normal,71,0,0,FA,tier_5,,,,
Lane,Johnson,Lane Johnson,JohnsonLane_927,1486,1484,16,39,1,RT,32,Retired,Superstar,85,0,0,FA,tier_2,,,,
Kyndall,Young,Kyndall Young,KyndallYoung_3257,1487,1485,3,26,5,HB,14,Signed,Normal,67,0,1,SF,tier_6,,,,
Zavier,Mincey,Zavier Mincey,ZavierMincey_625,1488,1486,7,30,6,CB,18,Signed,Normal,71,0,2,DET,tier_5,,,,
Aaron,Nicholson,Aaron Nicholson,AaronNicholson_3258,1489,1487,4,27,5,RE,32,FreeAgent,Normal,65,0,0,FA,tier_6,,,,
Kirifi,Redmond,Kirifi Redmond,KirifiRedmond_32517,1490,1488,4,26,5,SS,32,FreeAgent,Normal,63,0,0,FA,tier_6,,,,
Bryce,Colbert,Bryce Colbert,BryceColbert_30214,1491,1489,5,26,2,HB,15,Signed,Normal,76,0,3,NYG,tier_4,-3.0,,,
Aleon,Rush,Aleon Rush,,1492,1490,0,22,8,RE,32,Draft,Normal,59,0,0,FA,tier_6,,,,
Andrew,Dodson,Andrew Dodson,,1493,1491,0,23,8,QB,32,Draft,Normal,57,0,0,FA,tier_6,,,,
Knahiji,Elee,Knahiji Elee,KnahijiElee_32532,1494,1492,4,28,63,WR,32,FreeAgent,Normal,67,0,0,FA,tier_6,,,,
Treyvon,Rayford,Treyvon Rayford,TreyvonRayford_3147,1495,1493,4,26,4,SS,6,Signed,Superstar,86,0,0,ARI,tier_2,,0.0,,
David,Lampman,David Lampman,DavidLampman_32513,1496,1494,3,25,5,DT,17,Signed,Normal,81,8,0,NYJ,tier_3,,8.0,,
Jamarcus,Archibald,Jamarcus Archibald,,1497,1495,0,23,8,DT,32,Draft,Normal,58,0,0,FA,tier_6,,,,
Jackson,Wells,Jackson Wells,JacksonWells_3259,1498,1496,3,26,5,C,11,Signed,Normal,66,0,2,MIA,tier_6,,,,
Preston,Calcutta,Preston Calcutta,,1499,1497,0,22,8,RE,32,Draft,Normal,59,0,0,FA,tier_6,,,,
Chris,Pope,Chris Pope,,1500,1498,0,22,2,SS,32,Draft,Normal,75,0,0,FA,tier_4,,,,
Joshua,Gibson,Joshua Gibson,JoshuaGibson_32523,1501,1499,3,26,5,CB,20,Signed,Normal,80,0,1,CAR,tier_3,,-1.0,,
Khadrel,Strickland,Khadrel Strickland,KhadrelStrickland_32520,1502,1500,3,25,5,SS,9,Signed,Normal,66,0,5,IND,tier_6,,-5.0,,
Alexander,Winters,Alexander Winters,AlexanderWinters_35441,1503,1501,0,23,4,MLB,15,Signed,Normal,66,0,1,NYG,tier_6,,,,
Trent,Montague,Trent Montague,,1504,1502,0,22,8,ROLB,32,Draft,Normal,66,0,0,FA,tier_6,,,,
Earl,Elling,Earl Elling,,1505,1503,0,22,8,QB,32,Draft,Star,56,0,0,FA,tier_6,,,,
Colton,Lang,Colton Lang,ColtonLang_32512,1506,1504,3,25,5,RT,16,Signed,Normal,76,2,0,JAX,tier_4,,,2.0,
Anthony,Gregory,Anthony Gregory,,1507,1505,0,23,6,RE,32,Draft,Normal,65,0,0,FA,tier_6,,,,
Dakota,Freeman,Dakota Freeman,DakotaFreeman_3111,1508,1506,4,25,1,QB,3,Signed,XFactor,94,0,0,DEN,tier_1,,,,
Harold,Downing,Harold Downing,HaroldDowning_31436,1509,1507,5,26,4,WR,32,FreeAgent,Normal,66,0,0,FA,tier_6,,,,
Uche,Iloh,Uche Iloh,UcheIloh_34222,1510,1508,1,22,2,LE,30,Signed,Normal,67,0,2,MIN,tier_6,,,,
Maverick,Herbert,Maverick Herbert,MaverickHerbert_35521,1511,1509,0,22,5,QB,1,Signed,Normal,64,0,0,CIN,tier_6,,,,
Caleb,Crossen,Caleb Crossen,,1512,1510,0,23,8,HB,32,Draft,Normal,62,0,0,FA,tier_6,,,,
Delvin,Marshall Jr,Delvin Marshall Jr,DelvinMarshall Jr_33124,1513,1511,2,24,1,CB,17,Signed,Normal,76,0,3,NYJ,tier_4,,-3.0,,
Trevante,Scruggs,Trevante Scruggs,TrevanteScruggs_3363357,1514,1512,2,24,63,ROLB,32,Deleted,Normal,56,0,0,FA,tier_6,,,,
Zahir,Smith,Zahir Smith,ZahirSmith_32614,1515,1513,3,26,6,LE,7,Signed,Normal,83,4,0,LAC,tier_3,,4.0,,
Kelon,Godwin,Kelon Godwin,KelonGodwin_32519,1516,1514,3,26,5,ROLB,9,Signed,Normal,76,7,0,IND,tier_4,,7.0,,
Dontae,Buckhalter,Dontae Buckhalter,DontaeBuckhalter_32738,1517,1515,4,27,7,WR,32,FreeAgent,Normal,67,0,0,FA,tier_6,,,,
J.D.,Bishop,J.D. Bishop,J.D.Bishop_31223,1518,1516,5,27,2,TE,32,FreeAgent,Normal,62,0,0,FA,tier_6,,,,
Broderick,Jones,Broderick Jones,JonesBroderick_22849,1519,1517,12,34,1,LT,30,Signed,Star,75,0,2,MIN,tier_4,,,,
Britton,Hicks,Britton Hicks,,1520,1518,0,23,3,WR,32,Draft,Star,69,0,0,FA,tier_6,,,,
Cole,Robinson,Cole Robinson,ColeRobinson_32516,1521,1519,3,25,5,FS,3,Signed,Normal,68,0,1,DEN,tier_6,,-1.0,,
Brandon,Duncan,Brandon Duncan,BrandonDuncan_32527,1522,1520,4,26,5,LE,32,FreeAgent,Normal,62,0,0,FA,tier_6,,,,
Malik,Wright,Malik Wright,MalikWright_3033,1523,1521,5,27,3,SS,13,Signed,Star,68,0,4,ATL,tier_6,,-4.0,,
Dru,Richards,Dru Richards,DruRichards_3356,1524,1522,2,25,5,WR,25,Signed,Normal,69,0,2,WAS,tier_6,,,,
Johnny,Robinson,Johnny Robinson,JohnnyRobinson_31321,1525,1523,4,25,3,RT,5,Signed,Normal,68,0,2,TB,tier_6,,,,
Jason,Carr,Jason Carr,JasonCarr_35717,1526,1524,0,21,7,SS,17,Signed,Normal,65,0,5,NYJ,tier_6,,-5.0,,
Calvin,Garrison,Calvin Garrison,CalvinGarrison_32541,1527,1525,4,26,5,TE,32,FreeAgent,Normal,64,0,0,FA,tier_6,,,,
LaMarion,Slater,LaMarion Slater,LaMarionSlater_31322,1528,1526,4,27,3,RE,12,Signed,Normal,81,0,4,PHI,tier_3,,-4.0,,
Kingtriton,Samuela,Kingtriton Samuela,KingtritonSamuela_34311,1529,1527,1,23,3,LG,16,PracticeSquad,Normal,65,0,2,JAX,tier_6,,,,
John,Keyes IV,John Keyes IV,JohnKeyes IV_3363315,1530,1528,2,24,63,MLB,19,PracticeSquad,Normal,61,0,2,GB,tier_6,,,,
Michael,Leyva,Michael Leyva,MichaelLeyva_32521,1531,1529,4,26,5,C,32,FreeAgent,Normal,61,0,0,FA,tier_6,,,,
Syeed,Ashmore,Syeed Ashmore,SyeedAshmore_35412,1532,1530,0,22,4,CB,26,Signed,Normal,71,0,6,NO,tier_5,,-6.0,,
Keelon,Russell,Keelon Russell,KeelonRussell_29116,1533,1531,6,28,1,QB,2,Signed,Normal,78,0,0,BUF,tier_4,,,,
Marquise,Northcutt,Marquise Northcutt,,1534,1532,0,23,8,LOLB,32,Draft,Normal,58,0,0,FA,tier_6,,,,
Stephen,McTavich,Stephen McTavich,StephenMcTavich_31522,1535,1533,5,27,5,LG,32,FreeAgent,Normal,62,0,0,FA,tier_6,,,,
Josh,Nestor,Josh Nestor,JoshNestor_414,1536,1534,8,30,4,SS,15,Signed,Star,80,0,3,NYG,tier_3,,-3.0,,
Jeremiah,Bailey,Jeremiah Bailey,JeremiahBailey_3531,1537,1535,0,22,3,SS,29,Signed,Normal,71,0,1,TEN,tier_5,,,,
James,Pettis,James Pettis,JamesPettis_30519,1538,1536,5,26,5,DT,5,Signed,Star,78,0,2,TB,tier_4,,,,
Brandon,Inniss,Brandon Inniss,BrandonInniss_119,1539,1537,8,30,1,WR,15,Signed,Normal,68,0,2,NYG,tier_6,,,,
Davon,Holloman,Davon Holloman,,1540,1538,0,22,5,CB,32,Draft,Normal,65,0,0,FA,tier_6,,,,
James,Winston,James Winston,JamesWinston_33717,1541,1539,2,23,7,LE,22,Signed,Normal,74,0,1,LV,tier_5,,-1.0,,
Addison,Love,Addison Love,AddisonLove_3063302,1542,1540,6,29,63,FB,32,FreeAgent,Normal,72,0,0,FA,tier_5,,,,
D.J.,Smith-Morris,D.J. Smith-Morris,D.J.Smith-Morris_32522,1543,1541,3,24,5,RT,6,Signed,Normal,67,0,2,ARI,tier_6,,,-2.0,
Logan,Wallace,Logan Wallace,LoganWallace_3563238,1544,1542,0,24,63,QB,32,Deleted,Normal,59,0,0,FA,tier_6,,,,
John,Fitzgerald Jr,John Fitzgerald Jr,JohnFitzgerald Jr_31132,1545,1543,4,25,1,HB,1,Signed,Normal,75,0,0,CIN,tier_4,0.0,,,
Vince,Jones,Vince Jones,VinceJones_34213,1546,1544,1,22,2,DT,14,Signed,Star,77,0,1,SF,tier_4,,-1.0,,
Quinnen,Winslow,Quinnen Winslow,QuinnenWinslow_30730,1547,1545,5,27,7,WR,31,Signed,Normal,75,0,4,HOU,tier_4,-4.0,,,
Jamie,Lucas,Jamie Lucas,JamieLucas_35720,1548,1546,0,22,7,CB,18,PracticeSquad,Normal,61,0,1,DET,tier_6,,,,
Andrew,Martin,Andrew Martin,AndrewMartin_34635,1549,1547,1,24,6,RE,17,Signed,Normal,69,0,3,NYJ,tier_6,,-3.0,,
Javien,Toviano,Javien Toviano,,1550,1548,8,30,1,CB,27,Signed,Star,76,1,0,SEA,tier_4,,1.0,,
Trumaine,Boothe,Trumaine Boothe,TrumaineBoothe_35127,1551,1549,0,21,1,WR,15,Signed,Normal,77,0,1,NYG,tier_4,,,,
Raheem,Easley,Raheem Easley,RaheemEasley_3563241,1552,1550,0,22,63,SS,14,PracticeSquad,Normal,63,0,1,SF,tier_6,,,,
Will,Johnson,Will Johnson,WillJohnson_116,1553,1551,10,32,1,CB,2,Signed,Star,81,0,0,BUF,tier_3,,0.0,,
Jayvon,Sears,Jayvon Sears,,1554,1552,0,22,1,RE,32,Draft,Star,75,0,0,FA,tier_4,,,,
Alec,Wynn,Alec Wynn,AlecWynn_3063291,1555,1553,6,29,63,DT,32,FreeAgent,Normal,61,0,0,FA,tier_6,,,,
Jacob,Boyd,Jacob Boyd,JacobBoyd_3163381,1556,1554,5,27,63,C,32,FreeAgent,Normal,65,0,0,FA,tier_6,,,,
Will,Newton,Will Newton,WillNewton_3364,1557,1555,2,23,6,RG,9,Signed,Normal,67,0,2,IND,tier_6,,,,
Lucas,Drescher,Lucas Drescher,LucasDrescher_35632,1558,1556,0,23,6,RG,8,Signed,Normal,65,0,1,KC,tier_6,,,,
Amari,Marsh,Amari Marsh,,1559,1557,0,21,2,LE,32,Draft,Normal,76,0,0,FA,tier_4,,,,
Na'eem,Offord,Na'eem Offord,Na'eemOfford_29111,1560,1558,6,28,1,CB,9,Signed,Star,71,1,0,IND,tier_5,,1.0,,
Parker,Jeffrey,Parker Jeffrey,ParkerJeffrey_3163386,1561,1559,4,26,63,RT,12,Signed,Normal,62,0,2,PHI,tier_6,,,,
Keilan,Roberts,Keilan Roberts,KeilanRoberts_32613,1562,1560,3,25,6,RE,3,Signed,Normal,72,4,0,DEN,tier_5,,4.0,,
Monte,Durham,Monte Durham,MonteDurham_31630,1563,1561,5,27,6,CB,32,FreeAgent,Normal,65,0,0,FA,tier_6,,,,
Sergio,Dent,Sergio Dent,,1564,1562,0,22,4,CB,32,Draft,Star,69,0,0,FA,tier_6,,,,
Bryce,McFerson,Bryce McFerson,BryceMcFerson_63239,1565,1563,9,31,63,P,32,FreeAgent,Normal,66,0,0,FA,tier_6,,,,
Dustin,Fasano,Dustin Fasano,DustinFasano_33715,1566,1564,2,26,7,QB,17,Signed,Normal,62,0,0,NYJ,tier_6,,,,
Brian,Jarrett,Brian Jarrett,BrianJarrett_30425,1567,1565,6,28,4,TE,32,FreeAgent,Normal,62,0,0,FA,tier_6,,,,
Damarr,Bush,Damarr Bush,,1568,1566,0,22,1,CB,32,Draft,Normal,79,0,0,FA,tier_4,,,,
Will,Weiner,Will Weiner,,1569,1567,0,22,8,P,32,Draft,Star,65,0,0,FA,tier_6,,,,
John,Murray,John Murray,JohnMurray_3571,1570,1568,0,22,7,C,29,Signed,Normal,62,0,1,TEN,tier_6,,,,
Deion,Myrick,Deion Myrick,DeionMyrick_31320,1571,1569,4,25,3,DT,0,Signed,Normal,74,0,3,CHI,tier_5,,-3.0,,
Brian,Bonner,Brian Bonner,BrianBonner_2936,1572,1570,6,27,3,HB,22,Signed,Star,70,2,0,LV,tier_5,2.0,,,
Glenn,Brownlee,Glenn Brownlee,,1573,1571,0,22,7,DT,32,Draft,Normal,64,0,0,FA,tier_6,,,,
Jaylen,Buckhalter,Jaylen Buckhalter,JaylenBuckhalter_3563404,1574,1572,0,22,63,CB,18,PracticeSquad,Normal,62,0,1,DET,tier_6,,,,
Wesley,Miller,Wesley Miller,WesleyMiller_33429,1575,1573,2,25,4,HB,29,Signed,Normal,77,0,5,TEN,tier_4,-5.0,,,
Harper,Stevenson,Harper Stevenson,HarperStevenson_3046,1576,1574,6,29,63,WR,32,FreeAgent,Normal,69,0,0,FA,tier_6,,,,
R.J.,Newberry,R.J. Newberry,,1577,1575,0,22,8,QB,32,Draft,Normal,57,0,0,FA,tier_6,,,,
J'ven,Williams,J'ven Williams,J'venWilliams_228,1578,1576,9,31,2,LT,2,Signed,Normal,65,1,5,BUF,tier_6,,,-4.0,
Travis,Svendsen,Travis Svendsen,TravisSvendsen_32635,1579,1577,3,24,6,P,27,Signed,Star,79,4,1,SEA,tier_4,,,,3.0
DaWann,McBride,DaWann McBride,,1580,1578,0,23,8,RG,32,Draft,Superstar,65,0,0,FA,tier_6,,,,
Josh,Thurmond,Josh Thurmond,JoshThurmond_32627,1581,1579,3,24,6,CB,29,Signed,Normal,70,0,5,TEN,tier_5,,-5.0,,
Otis,Milner,Otis Milner,OtisMilner_3163415,1582,1580,5,28,63,SS,32,FreeAgent,Normal,63,0,0,FA,tier_6,,,,
Olasunkanmi,Hollis,Olasunkanmi Hollis,OlasunkanmiHollis_32618,1583,1581,4,26,6,WR,32,FreeAgent,Normal,66,0,0,FA,tier_6,,,,
Jermaine,Harris,Jermaine Harris,JermaineHarris_32524,1584,1582,3,25,5,LOLB,12,Signed,Normal,66,0,5,PHI,tier_6,,-5.0,,
Calijah,Kancey,Calijah Kancey,KanceyCalijah_22924,1585,1583,12,34,1,DT,32,Deleted,Star,68,0,0,FA,tier_6,,,,
Justin,Burroughs,Justin Burroughs,JustinBurroughs_32528,1586,1584,3,25,5,QB,10,Signed,Normal,65,0,0,DAL,tier_6,,,,
Sharrif,Barnes,Sharrif Barnes,SharrifBarnes_3562,1587,1585,0,23,6,HB,24,Signed,Normal,68,1,0,BAL,tier_6,1.0,,,
Orlando,Flynn,Orlando Flynn,OrlandoFlynn_30530,1588,1586,5,27,5,WR,3,Signed,Normal,72,0,3,DEN,tier_5,-3.0,,,
Montell,Scott,Montell Scott,,1589,1587,0,23,5,LE,32,Draft,Normal,70,0,0,FA,tier_5,,,,
Antwaun,Lovelace,Antwaun Lovelace,AntwaunLovelace_3563270,1590,1588,0,22,63,WR,25,PracticeSquad,Normal,62,0,1,WAS,tier_6,,,,
Noah,Mikhail,Noah Mikhail,NoahMikhail_63374,1591,1589,7,30,63,MLB,32,FreeAgent,Normal,61,0,0,FA,tier_6,,,,
BJ,Allen Jr,BJ Allen Jr,BJAllen Jr_35334,1592,1590,0,22,3,LOLB,12,Signed,Normal,72,1,0,PHI,tier_5,,1.0,,
B.J.,Gallery,B.J. Gallery,B.J.Gallery_32529,1593,1591,4,27,5,ROLB,32,FreeAgent,Normal,63,0,0,FA,tier_6,,,,
Rueben,Bain Jr,Rueben Bain Jr,RuebenBain Jr_13,1594,1592,9,30,1,LE,21,Signed,XFactor,90,2,0,NE,tier_1,,2.0,,
Travis,Kelce,Travis Kelce,KelceTravis_890,1595,1593,14,37,3,TE,32,Retired,XFactor,89,0,0,FA,tier_2,,,,
Antonio,Poole,Antonio Poole,,1596,1594,0,23,8,LE,32,Draft,Normal,58,0,0,FA,tier_6,,,,
Jared,Fitzsimmons,Jared Fitzsimmons,JaredFitzsimmons_3271,1597,1595,4,27,7,CB,32,FreeAgent,Normal,65,0,0,FA,tier_6,,,,
Alton,Givens,Alton Givens,AltonGivens_33617,1598,1596,2,24,6,CB,0,Signed,Normal,68,0,2,CHI,tier_6,,,,
Devon,Kellum,Devon Kellum,,1599,1597,0,22,1,LE,32,Draft,Star,75,0,0,FA,tier_4,,,,
Andre,Westbrook,Andre Westbrook,AndreWestbrook_31335,1600,1598,4,26,3,RG,17,Signed,Normal,72,0,6,NYJ,tier_5,,,-6.0,
Josh,Crawford,Josh Crawford,JoshCrawford_30330,1601,1599,5,26,3,HB,13,Signed,Star,71,0,5,ATL,tier_5,-5.0,,,
Tyrique,Clayborn,Tyrique Clayborn,TyriqueClayborn_32531,1602,1600,4,26,5,SS,32,FreeAgent,Normal,64,0,0,FA,tier_6,,,,
Andres,Borregales,Andres Borregales,AndresBorregales_618,1603,1601,11,34,6,K,32,FreeAgent,Normal,68,0,0,FA,tier_6,,,,
Derion,Kendrick,Derion Kendrick,KendrickDerion_22207,1604,1602,14,36,6,CB,32,FreeAgent,Normal,65,0,0,FA,tier_6,,,,
Ashton,Herrien,Ashton Herrien,AshtonHerrien_30332,1605,1603,5,27,3,LE,9,Signed,Star,76,0,2,IND,tier_4,,,,
Garrett,Beach,Garrett Beach,,1606,1604,0,23,8,C,32,Draft,Normal,65,0,0,FA,tier_6,,,,
Cooper,Silver,Cooper Silver,CooperSilver_3262,1607,1605,3,25,6,LE,13,Signed,Normal,76,5,0,ATL,tier_4,,5.0,,
Tevin,Wilder,Tevin Wilder,TevinWilder_33132,1608,1606,2,24,1,CB,6,Signed,Normal,70,0,5,ARI,tier_5,,-5.0,,
Stephen,Elmore,Stephen Elmore,,1609,1607,0,22,5,WR,32,Draft,Normal,67,0,0,FA,tier_6,,,,
Duron,Borden,Duron Borden,DuronBorden_3034,1610,1608,6,28,3,LE,32,FreeAgent,Normal,71,0,0,FA,tier_5,,,,
Jalen,White,Jalen White,,1611,1609,0,22,8,CB,32,Draft,Normal,61,0,0,FA,tier_6,,,,
Kenny,Wimbley,Kenny Wimbley,KennyWimbley_3376,1612,1610,2,24,7,RE,7,Signed,Normal,68,0,3,LAC,tier_6,,-3.0,,
Ralph,McPherson,Ralph McPherson,,1613,1611,0,23,4,CB,32,Draft,Normal,73,0,0,FA,tier_5,,,,
Damarious,Williams III,Damarious Williams III,DamariousWilliams III_30310,1614,1612,6,28,3,FS,32,FreeAgent,Normal,63,0,0,FA,tier_6,,,,
Bakarius,Toone,Bakarius Toone,BakariusToone_34117,1615,1613,1,22,1,DT,2,Signed,Normal,73,0,2,BUF,tier_5,,-2.0,,
Terrence,Webster,Terrence Webster,TerrenceWebster_34621,1616,1614,1,23,6,DT,12,Signed,Normal,68,0,3,PHI,tier_6,,-3.0,,
Tremaine,Suttle,Tremaine Suttle,,1617,1615,0,22,8,QB,32,Draft,Normal,69,0,0,FA,tier_6,,,,
Marquez,Pearman,Marquez Pearman,MarquezPearman_30626,1618,1616,6,28,6,HB,32,FreeAgent,Normal,65,0,0,FA,tier_6,,,,
Chris,Howard,Chris Howard,,1619,1617,0,22,8,QB,32,Draft,Normal,57,0,0,FA,tier_6,,,,
Nick,Conley,Nick Conley,,1620,1618,0,22,8,LOLB,32,Draft,Normal,55,0,0,FA,tier_6,,,,
Chuck,Whitaker,Chuck Whitaker,,1621,1619,0,22,8,DT,32,Draft,Normal,57,0,0,FA,tier_6,,,,
DeMarcus,Gaffney,DeMarcus Gaffney,DeMarcusGaffney_33629,1622,1620,2,24,6,DT,29,Signed,Normal,68,12,0,TEN,tier_6,,12.0,,
Monte,Brinkley,Monte Brinkley,MonteBrinkley_3363446,1623,1621,3,25,63,WR,32,FreeAgent,Normal,63,0,0,FA,tier_6,,,,
Glenn,Madison,Glenn Madison,,1624,1622,0,23,8,C,32,Draft,Normal,64,0,0,FA,tier_6,,,,
Evan,Phelps,Evan Phelps,EvanPhelps_3363407,1625,1623,2,24,63,FS,16,PracticeSquad,Normal,63,0,2,JAX,tier_6,,,,
Malachi,Hood,Malachi Hood,MalachiHood_516,1626,1624,8,30,5,ROLB,3,Signed,Normal,74,5,0,DEN,tier_5,,5.0,,
Marcus,Woodson,Marcus Woodson,MarcusWoodson_32530,1627,1625,4,26,5,RG,32,FreeAgent,Normal,65,0,0,FA,tier_6,,,,
Keona,Woodyard,Keona Woodyard,KeonaWoodyard_3012,1628,1626,5,25,1,DT,21,Signed,Star,81,0,5,NE,tier_3,,-5.0,,
Dakari,Mudenda,Dakari Mudenda,DakariMudenda_3435,1629,1627,1,23,3,RE,4,Signed,Star,84,0,3,CLE,tier_3,,,,
Andrew,Portillo,Andrew Portillo,AndrewPortillo_3363420,1630,1628,2,24,63,TE,32,Deleted,Normal,57,0,0,FA,tier_6,,,,
Tyler,Urban,Tyler Urban,TylerUrban_3363395,1631,1629,3,26,63,RT,32,FreeAgent,Normal,60,0,0,FA,tier_6,,,,
Ray'lyn,Heyward,Ray'lyn Heyward,Ray'lynHeyward_35125,1632,1630,0,21,1,RE,11,Signed,Normal,72,0,3,MIA,tier_5,,-3.0,,
Duane,Fenderson,Duane Fenderson,DuaneFenderson_3015,1633,1631,5,26,1,RT,25,Signed,Superstar,83,1,0,WAS,tier_3,,,1.0,
Will,Warner,Will Warner,WillWarner_3263,1634,1632,3,25,6,HB,16,Signed,Normal,67,0,1,JAX,tier_6,,,,
Rashawn,Wake,Rashawn Wake,,1635,1633,0,21,3,WR,32,Draft,Normal,67,0,0,FA,tier_6,,,,
Max,Edwards,Max Edwards,MaxEdwards_31530,1636,1634,4,27,5,LE,3,Signed,Star,75,0,2,DEN,tier_4,,-2.0,,
Nakobe,Ojemudia,Nakobe Ojemudia,NakobeOjemudia_32534,1637,1635,3,25,5,HB,31,Signed,Normal,72,0,2,HOU,tier_5,-2.0,,,
Jah,Booker,Jah Booker,JahBooker_3029,1638,1636,6,28,2,FS,32,FreeAgent,Normal,63,0,0,FA,tier_6,,,,
Torren,Gresham,Torren Gresham,TorrenGresham_32628,1639,1637,3,27,63,WR,15,Signed,Normal,65,0,2,NYG,tier_6,,,,
Desmond,Ingram,Desmond Ingram,DesmondIngram_3163426,1640,1638,4,25,63,TE,30,Signed,Normal,64,0,2,MIN,tier_6,,,,
Jaden,Hicks,Jaden Hicks,JadenHicks_123,1641,1639,10,32,1,SS,14,Signed,Star,71,10,0,SF,tier_5,,10.0,,
Ja'Bauree,Baker,Ja'Bauree Baker,Ja'BaureeBaker_34220,1642,1640,1,22,2,WR,24,Signed,Normal,75,3,0,BAL,tier_4,3.0,,,
Brandon,Wilkerson,Brandon Wilkerson,,1643,1641,0,22,4,CB,32,Draft,Star,67,0,0,FA,tier_6,,,,
Matthew,Logan,Matthew Logan,MatthewLogan_35615,1644,1642,0,23,6,TE,31,PracticeSquad,Normal,64,0,1,HOU,tier_6,,,,
Keshaun,Murray,Keshaun Murray,,1645,1643,0,23,7,CB,32,Draft,XFactor,73,0,0,FA,tier_5,,,,
Earl,Dugans,Earl Dugans,,1646,1644,0,22,8,SS,32,Draft,Normal,68,0,0,FA,tier_6,,,,
Shamar,Hill,Shamar Hill,ShamarHill_3219,1647,1645,3,23,1,LE,11,Signed,Star,87,0,3,MIA,tier_2,,,,
Grant,Lewis,Grant Lewis,GrantLewis_3363392,1648,1646,2,24,63,LT,26,PracticeSquad,Normal,63,0,2,NO,tier_6,,,,
Quincy,Stanley,Quincy Stanley,QuincyStanley_3563371,1649,1647,1,23,63,LOLB,32,FreeAgent,Normal,60,0,0,FA,tier_6,,,,
Matt,Callahan,Matt Callahan,MattCallahan_34312,1650,1648,1,24,3,RE,12,Signed,Normal,68,3,0,PHI,tier_6,,3.0,,
Tevin,Harrison,Tevin Harrison,TevinHarrison_32539,1651,1649,4,27,5,LOLB,32,FreeAgent,Normal,62,0,0,FA,tier_6,,,,
Chester,Billingsley,Chester Billingsley,,1652,1650,0,22,8,LT,32,Draft,Normal,64,0,0,FA,tier_6,,,,
Henry,Steiner,Henry Steiner,HenrySteiner_35613,1653,1651,0,22,6,K,27,Signed,Normal,75,1,0,SEA,tier_4,,,,1.0
Abe,Willekes,Abe Willekes,AbeWillekes_3116,1654,1652,4,26,1,SS,27,Signed,XFactor,90,0,3,SEA,tier_1,,-3.0,,
Jamal,Thompkins,Jamal Thompkins,,1655,1653,0,23,5,LG,32,Draft,Normal,65,0,0,FA,tier_6,,,,
Ricardo,Rich,Ricardo Rich,,1656,1654,0,23,8,HB,32,Draft,Normal,70,0,0,FA,tier_5,,,,
Darius,Starks,Darius Starks,DariusStarks_32543,1657,1655,4,26,5,FS,32,FreeAgent,Normal,61,0,0,FA,tier_6,,,,
Jose,Thorne,Jose Thorne,JoseThorne_3563441,1658,1656,0,23,63,RE,31,PracticeSquad,Normal,64,0,1,HOU,tier_6,,,,
Danny,Blackmon,Danny Blackmon,,1659,1657,0,21,8,CB,32,Draft,Normal,61,0,0,FA,tier_6,,,,
CeeDee,Lamb,CeeDee Lamb,LambCeeDee_20932,1660,1658,14,35,1,WR,32,Retired,Star,74,0,0,FA,tier_5,,,,
Jermaine,Allen,Jermaine Allen,JermaineAllen_3473,1661,1659,1,23,7,LT,29,Signed,Normal,66,0,2,TEN,tier_6,,,,
JacQawn,McRoy,JacQawn McRoy,JacQawnMcRoy_217,1662,1660,7,29,2,RT,12,Signed,Normal,76,0,1,PHI,tier_4,,,-1.0,
Travis,Calloway,Travis Calloway,TravisCalloway_32533,1663,1661,3,25,5,RT,27,Signed,Normal,75,2,0,SEA,tier_4,,,2.0,
Patrick,White,Patrick White,PatrickWhite_3563237,1664,1662,0,22,63,QB,32,Deleted,Normal,54,0,0,FA,tier_6,,,,
Kelvin,Ricard,Kelvin Ricard,KelvinRicard_34210,1665,1663,1,23,2,HB,5,Signed,Normal,77,3,0,TB,tier_4,3.0,,,
Lamar,Hall,Lamar Hall,,1666,1664,0,22,8,HB,32,Draft,Normal,63,0,0,FA,tier_6,,,,
Arch,Manning,Arch Manning,ArchManning_11,1667,1665,8,30,1,QB,11,Signed,Superstar,82,0,0,MIA,tier_3,,,,
DeMontre,Sweat,DeMontre Sweat,DeMontreSweat_34711,1668,1666,1,24,7,DT,21,Signed,Normal,69,0,1,NE,tier_6,,-1.0,,
Alex,Vargas,Alex Vargas,AlexVargas_3563349,1669,1667,0,22,63,DT,27,PracticeSquad,Normal,64,0,1,SEA,tier_6,,,,
Trent,Prince,Trent Prince,TrentPrince_32622,1670,1668,3,26,6,DT,6,Signed,Star,76,4,0,ARI,tier_4,,4.0,,
C.J.,Clifford,C.J. Clifford,C.J.Clifford_32535,1671,1669,3,26,5,ROLB,23,Signed,Normal,70,3,0,LAR,tier_5,,3.0,,
Davante,Claiborne,Davante Claiborne,DavanteClaiborne_3432,1672,1670,1,22,3,MLB,24,Signed,Star,78,0,2,BAL,tier_4,,-2.0,,
Sam,LaPorta,Sam LaPorta,LaPortaSam_22826,1673,1671,12,34,2,TE,14,Signed,Superstar,77,1,0,SF,tier_4,1.0,,,
Ronald,Hardison,Ronald Hardison,,1674,1672,0,22,6,LE,32,Draft,Normal,63,0,0,FA,tier_6,,,,
Jerome,Blackmon,Jerome Blackmon,JeromeBlackmon_32536,1675,1673,3,25,5,HB,28,Signed,Normal,74,0,1,PIT,tier_5,,,,
Cameron,Goode,Cameron Goode,,1676,1674,0,23,8,DT,32,Draft,Normal,59,0,0,FA,tier_6,,,,
Dwayne,Lewis,Dwayne Lewis,DwayneLewis_3463248,1677,1675,2,24,63,ROLB,32,FreeAgent,Normal,58,0,0,FA,tier_6,,,,
Semaj,Egbule,Semaj Egbule,SemajEgbule_32633,1678,1676,3,25,6,CB,28,Signed,Normal,73,0,0,PIT,tier_5,,0.0,,
Alex,Bradley,Alex Bradley,AlexBradley_32537,1679,1677,4,26,5,DT,32,FreeAgent,Normal,68,0,0,FA,tier_6,,,,
Nate,Bishop,Nate Bishop,NateBishop_3563412,1680,1678,1,24,63,DT,32,FreeAgent,Normal,61,0,0,FA,tier_6,,,,
Owen,Williams,Owen Williams,OwenWilliams_3563230,1681,1679,0,22,63,P,10,PracticeSquad,Normal,68,0,0,DAL,tier_6,,,,
Devin,Williams,Devin Williams,DevinWilliams_29615,1682,1680,6,28,6,CB,17,Signed,Normal,77,4,0,NYJ,tier_4,,4.0,,
Trevor,Lawrence,Trevor Lawrence,LawrenceTrevor_21553,1683,1681,14,35,1,QB,29,Signed,Star,67,0,0,TEN,tier_6,,,,
Josh,Tshibuabua,Josh Tshibuabua,JoshTshibuabua_3563352,1684,1682,0,22,63,DT,12,PracticeSquad,Normal,62,0,1,PHI,tier_6,,,,
Nate,Brooks,Nate Brooks,NateBrooks_3463236,1685,1683,1,23,63,TE,23,Signed,Normal,65,0,2,LAR,tier_6,,,,
Raphael,Jacobs III,Raphael Jacobs III,RaphaelJacobs III_32619,1686,1684,3,25,6,LOLB,2,Signed,Normal,60,0,2,BUF,tier_6,,-2.0,,
James,Hernandez,James Hernandez,JamesHernandez_31535,1687,1685,5,27,5,RT,32,FreeAgent,Normal,61,0,0,FA,tier_6,,,,
LaShawn,Boley,LaShawn Boley,,1688,1686,0,22,2,DT,32,Draft,Normal,72,0,0,FA,tier_5,,,,
Di'Mari,Malone,Di'Mari Malone,Di'MariMalone_2963419,1689,1687,7,29,63,LOLB,32,FreeAgent,Normal,64,0,0,FA,tier_6,,,,
Danny,Brown,Danny Brown,DannyBrown_35428,1690,1688,0,23,4,DT,15,Signed,Normal,68,0,5,NYG,tier_6,,-5.0,,
Trent,Collins,Trent Collins,TrentCollins_3363333,1691,1689,3,25,63,ROLB,32,FreeAgent,Normal,57,0,0,FA,tier_6,,,,
Damian,Colbert,Damian Colbert,DamianColbert_32631,1692,1690,3,25,6,TE,29,Signed,Normal,63,0,2,TEN,tier_6,,,,
Antwon,Staley,Antwon Staley,AntwonStaley_33119,1693,1691,2,24,1,MLB,14,Signed,Star,81,0,4,SF,tier_3,,-4.0,,
Terrelle,Pleasant,Terrelle Pleasant,,1694,1692,0,21,8,RE,32,Draft,Normal,56,0,0,FA,tier_6,,,,
Jake,Bowman,Jake Bowman,JakeBowman_32624,1695,1693,3,26,6,QB,11,Signed,Normal,60,0,0,MIA,tier_6,,,,
Grant,Webster,Grant Webster,,1696,1694,0,22,8,RG,32,Draft,Normal,68,0,0,FA,tier_6,,,,
Jarius,Wall,Jarius Wall,,1697,1695,0,23,5,HB,32,Draft,Normal,64,0,0,FA,tier_6,,,,
David,Onuoha,David Onuoha,DavidOnuoha_3559,1698,1696,0,23,5,RE,2,Signed,Normal,67,0,0,BUF,tier_6,,0.0,,
Sheridan,Lewis,Sheridan Lewis,SheridanLewis_3019,1699,1697,5,27,1,CB,2,Signed,Normal,71,3,0,BUF,tier_5,,3.0,,
Enrique,Estrada,Enrique Estrada,EnriqueEstrada_3563434,1700,1698,0,22,63,LE,27,PracticeSquad,Normal,62,0,1,SEA,tier_6,,,,
Dylan,Weston,Dylan Weston,,1701,1699,0,21,4,TE,32,Draft,Normal,64,0,0,FA,tier_6,,,,
Gabriel,Robinson,Gabriel Robinson,GabrielRobinson_32538,1702,1700,4,26,5,C,32,FreeAgent,Normal,61,0,0,FA,tier_6,,,,
TJ,Moore,TJ Moore,,1703,1701,3,25,7,WR,32,Deleted,Normal,65,0,0,FA,tier_6,,,,
George,Stevenson,George Stevenson,GeorgeStevenson_32540,1704,1702,3,25,5,RT,17,Signed,Normal,63,4,0,NYJ,tier_6,,,4.0,
Neil,Peters,Neil Peters,,1705,1703,0,23,8,LOLB,32,Draft,Normal,54,0,0,FA,tier_6,,,,
Joey,Odrick,Joey Odrick,JoeyOdrick_3063303,1706,1704,6,28,63,FB,32,FreeAgent,Normal,67,0,0,FA,tier_6,,,,
Ciante,Poe,Ciante Poe,CiantePoe_32626,1707,1705,4,27,6,LT,32,FreeAgent,Normal,61,0,0,FA,tier_6,,,,
Tyson,Fredrickson,Tyson Fredrickson,TysonFredrickson_3163314,1708,1706,5,26,63,K,32,FreeAgent,Normal,68,0,0,FA,tier_6,,,,
Phillip,Kelley,Phillip Kelley,,1709,1707,0,22,8,QB,32,Draft,Normal,55,0,0,FA,tier_6,,,,
Ezekiel,Yancey,Ezekiel Yancey,EzekielYancey_34421,1710,1708,1,23,4,ROLB,25,Signed,Normal,70,0,4,WAS,tier_5,,-4.0,,
Matt,Brown III,Matt Brown III,MattBrown III_33722,1711,1709,3,25,7,MLB,32,FreeAgent,Normal,60,0,0,FA,tier_6,,,,
Joe,Johnson,Joe Johnson,,1712,1710,0,23,8,RE,32,Draft,Normal,58,0,0,FA,tier_6,,,,
Ethan,McCoy,Ethan McCoy,EthanMcCoy_3536,1713,1711,0,22,3,RT,19,Signed,Normal,68,0,5,GB,tier_6,,,-5.0,
Ryan,Goddard,Ryan Goddard,RyanGoddard_34126,1714,1712,1,23,1,MLB,20,Signed,Normal,74,0,4,CAR,tier_5,,-4.0,,
Roman,Kirkland,Roman Kirkland,,1715,1713,0,21,7,RE,32,Draft,Normal,69,0,0,FA,tier_6,,,,
Bear,Alexander,Bear Alexander,BearAlexander_22,1716,1714,10,32,2,DT,6,Signed,Star,73,0,2,ARI,tier_5,,-2.0,,
Joe,Duckworth,Joe Duckworth,JoeDuckworth_3131,1717,1715,5,26,3,LOLB,32,FreeAgent,Normal,65,0,0,FA,tier_6,,,,
Dominic,Rulli,Dominic Rulli,DominicRulli_538,1718,1716,9,32,5,C,32,FreeAgent,Normal,63,0,0,FA,tier_6,,,,
Cody,McManis,Cody McManis,CodyMcManis_32621,1719,1717,3,26,6,LT,3,Signed,Normal,64,0,2,DEN,tier_6,,,,
Husan,Longstreet,Husan Longstreet,HusanLongstreet_29417,1720,1718,6,29,4,QB,32,Deleted,Normal,59,0,0,FA,tier_6,,,,
Jabari,Brady,Jabari Brady,JabariBrady_29110,1721,1719,6,27,1,WR,12,Signed,Star,72,0,2,PHI,tier_5,,,,
Ezra,Dotson-Oyetade,Ezra Dotson-Oyetade,EzraDotson-Oyetade_220,1722,1720,9,32,2,C,8,Signed,Star,71,0,2,KC,tier_5,,,,
Angelo,Stockton,Angelo Stockton,AngeloStockton_32630,1723,1721,4,28,6,DT,32,FreeAgent,Normal,65,0,0,FA,tier_6,,,,
Derrick,Sloan,Derrick Sloan,DerrickSloan_3463277,1724,1722,1,23,63,C,11,PracticeSquad,Normal,63,0,2,MIA,tier_6,,,,
Tevin,Holliday,Tevin Holliday,TevinHolliday_3163298,1725,1723,4,26,63,HB,21,Signed,Normal,74,0,1,NE,tier_5,,,,
Andrew,Cowan,Andrew Cowan,AndrewCowan_3163448,1726,1724,5,27,63,WR,32,FreeAgent,Normal,64,0,0,FA,tier_6,,,,
Marshall,Michaels,Marshall Michaels,MarshallMichaels_3363412,1727,1725,2,26,63,SS,32,Deleted,Normal,59,0,0,FA,tier_6,,,,
Maurice,Burgess,Maurice Burgess,MauriceBurgess_34114,1728,1726,1,22,1,RE,6,Signed,Star,75,0,4,ARI,tier_4,,-4.0,,
Tyler,Linderbaum,Tyler Linderbaum,LinderbaumTyler_22274,1729,1727,13,35,1,C,32,Deleted,Normal,68,0,0,FA,tier_6,,,,
Harold,Whitaker,Harold Whitaker,HaroldWhitaker_3563407,1730,1728,0,22,63,RT,24,PracticeSquad,Normal,63,0,1,BAL,tier_6,,,,
Li'dre,Jenkins,Li'dre Jenkins,Li'dreJenkins_34223,1731,1729,1,23,2,WR,31,Signed,Star,77,2,0,HOU,tier_4,2.0,,,
Natron,Conners,Natron Conners,NatronConners_34120,1732,1730,1,23,1,WR,5,Signed,Normal,75,0,6,TB,tier_4,-6.0,,,
Austin,Way,Austin Way,,1733,1731,0,22,7,WR,32,Draft,Normal,64,0,0,FA,tier_6,,,,
Vince,McNeal,Vince McNeal,VinceMcNeal_3265,1734,1732,3,25,6,MLB,3,Signed,Normal,66,0,2,DEN,tier_6,,,,
Jesse,Hendricks,Jesse Hendricks,JesseHendricks_32542,1735,1733,4,26,5,RE,32,FreeAgent,Normal,65,0,0,FA,tier_6,,,,
Jahlil,Smart,Jahlil Smart,JahlilSmart_35733,1736,1734,0,23,7,LOLB,8,Signed,Normal,65,0,4,KC,tier_6,,-4.0,,
Ron,Bryan,Ron Bryan,,1737,1735,0,22,1,ROLB,32,Draft,Star,69,0,0,FA,tier_6,,,,
DeAndre,Bradshaw,DeAndre Bradshaw,DeAndreBradshaw_30311,1738,1736,6,28,3,LG,32,FreeAgent,Normal,65,0,0,FA,tier_6,,,,
J.D.,Montgomery,J.D. Montgomery,J.D.Montgomery_3563280,1739,1737,0,22,63,QB,32,Deleted,Normal,55,0,0,FA,tier_6,,,,
Jordan,Tonga,Jordan Tonga,JordanTonga_2963427,1740,1738,6,28,63,RG,20,Signed,Star,82,0,2,CAR,tier_3,,,-2.0,
Divine,Eddins,Divine Eddins,DivineEddins_35724,1741,1739,0,22,7,ROLB,3,Signed,Normal,66,0,2,DEN,tier_6,,-2.0,,
Manny,Watkins,Manny Watkins,MannyWatkins_2963284,1742,1740,7,29,63,FS,32,FreeAgent,Normal,61,0,0,FA,tier_6,,,,
Jaye,Bynes,Jaye Bynes,,1743,1741,0,23,8,WR,32,Draft,Normal,65,0,0,FA,tier_6,,,,
Jahlil,Shipp,Jahlil Shipp,JahlilShipp_35431,1744,1742,0,22,4,DT,7,Signed,Normal,67,0,1,LAC,tier_6,,,,
Emory,Allen,Emory Allen,EmoryAllen_32715,1745,1743,4,26,63,CB,32,FreeAgent,Normal,67,0,0,FA,tier_6,,,,
Cordell,Boston,Cordell Boston,CordellBoston_3463259,1746,1744,1,24,63,ROLB,10,Signed,Normal,63,0,1,DAL,tier_6,,-1.0,,
Michael,Carmichael,Michael Carmichael,MichaelCarmichael_30528,1747,1745,6,29,5,TE,32,FreeAgent,Normal,61,0,0,FA,tier_6,,,,
Dennis,Hunter,Dennis Hunter,,1748,1746,0,21,8,CB,32,Draft,Normal,66,0,0,FA,tier_6,,,,
Kamryn,Watson,Kamryn Watson,,1749,1747,0,21,5,LE,32,Draft,Normal,67,0,0,FA,tier_6,,,,
Jared,Peterson,Jared Peterson,JaredPeterson_34221,1750,1748,1,23,2,RT,18,Signed,Normal,75,2,0,DET,tier_4,,,2.0,
Cam'Ron,Johnson,Cam'Ron Johnson,Cam'RonJohnson_219,1751,1749,10,32,2,LG,6,Signed,Star,75,0,1,ARI,tier_4,,,-1.0,
Sawyer,Whitworth,Sawyer Whitworth,SawyerWhitworth_32634,1752,1750,4,26,6,QB,32,FreeAgent,Normal,62,0,0,FA,tier_6,,,,
Jordan,Love,Jordan Love,LoveJordan_20915,1753,1751,15,36,1,QB,19,Signed,Normal,70,0,0,GB,tier_5,,,,
Michael,Slate,Michael Slate,MichaelSlate_3261,1754,1752,3,26,6,FB,9,Signed,Normal,77,0,0,IND,tier_4,,,,
Floyd,Phillips,Floyd Phillips,,1755,1753,0,23,4,MLB,32,Draft,Normal,66,0,0,FA,tier_6,,,,
Boogie,Boothe,Boogie Boothe,BoogieBoothe_35528,1756,1754,0,22,5,DT,4,Signed,Normal,69,0,1,CLE,tier_6,,,,
Javier,Carruthers,Javier Carruthers,,1757,1755,0,21,2,CB,32,Draft,Normal,74,0,0,FA,tier_5,,,,
Justin,Fisher,Justin Fisher,JustinFisher_517,1758,1756,9,32,5,FB,32,FreeAgent,Star,71,0,0,FA,tier_5,,,,
Damion,Ball,Damion Ball,DamionBall_32637,1759,1757,3,26,6,QB,5,Signed,Normal,61,0,0,TB,tier_6,,,,
Dasan,Brown,Dasan Brown,DasanBrown_30642,1760,1758,5,28,6,RE,29,Signed,Normal,71,0,2,TEN,tier_5,,,,
Kordell,Montgomery,Kordell Montgomery,,1761,1759,0,22,8,QB,32,Draft,Normal,56,0,0,FA,tier_6,,,,
Dre,Ballard,Dre Ballard,,1762,1760,0,22,8,DT,32,Draft,Normal,60,0,0,FA,tier_6,,,,
Derek,Grubbs,Derek Grubbs,DerekGrubbs_3264,1763,1761,3,26,6,LOLB,23,Signed,Normal,66,5,0,LAR,tier_6,,5.0,,
Steve,Weaver,Steve Weaver,SteveWeaver_3363367,1764,1762,3,25,63,ROLB,32,FreeAgent,Normal,58,0,0,FA,tier_6,,,,
Keelyan,Kendricks,Keelyan Kendricks,,1765,1763,0,24,7,RE,32,Draft,Normal,69,0,0,FA,tier_6,,,,
Travis,Barnett,Travis Barnett,TravisBarnett_31511,1766,1764,5,27,5,ROLB,32,FreeAgent,Normal,62,0,0,FA,tier_6,,,,
Chauncey,Tolbert,Chauncey Tolbert,ChaunceyTolbert_31326,1767,1765,4,26,3,CB,13,Signed,Normal,75,0,1,ATL,tier_4,,-1.0,,
Damarious,Langford,Damarious Langford,DamariousLangford_31537,1768,1766,5,27,5,DT,32,FreeAgent,Normal,65,0,0,FA,tier_6,,,,
Elhadj,Fall,Elhadj Fall,ElhadjFall_34331,1769,1767,1,22,3,TE,19,Signed,Normal,74,0,2,GB,tier_5,,,,
Joshua,Abraham,Joshua Abraham,JoshuaAbraham_3276,1770,1768,3,25,7,WR,23,PracticeSquad,Normal,63,0,2,LAR,tier_6,,,,
Edjon,Nash,Edjon Nash,EdjonNash_34335,1771,1769,1,24,3,WR,16,Signed,Normal,66,0,2,JAX,tier_6,,,,
Marcelis,Foster,Marcelis Foster,MarcelisFoster_3274,1772,1770,3,25,7,LE,25,Signed,Normal,71,2,0,WAS,tier_5,,2.0,,
Glenn,Thompson,Glenn Thompson,,1773,1771,0,22,4,LE,32,Draft,Normal,63,0,0,FA,tier_6,,,,
Travis,Dupree,Travis Dupree,,1774,1772,0,22,3,LOLB,32,Draft,Normal,61,0,0,FA,tier_6,,,,
Caleb,Tuck,Caleb Tuck,CalebTuck_3363334,1775,1773,2,25,63,LG,29,Signed,Normal,65,0,2,TEN,tier_6,,,,
Brayden,Winslow,Brayden Winslow,BraydenWinslow_30312,1776,1774,5,27,3,TE,12,Signed,Star,77,1,3,PHI,tier_4,-2.0,,,
William,Norton,William Norton,WilliamNorton_3363389,1777,1775,2,25,63,RT,28,Signed,Normal,67,0,2,PIT,tier_6,,,,
Preston,Howard,Preston Howard,PrestonHoward_625,1778,1776,9,32,6,TE,32,FreeAgent,Normal,60,0,0,FA,tier_6,,,,
Braxton,Thomas,Braxton Thomas,,1779,1777,0,22,8,LE,32,Draft,Normal,54,0,0,FA,tier_6,,,,
Terraine,Reed,Terraine Reed,TerraineReed_3363302,1780,1778,2,24,63,HB,8,Signed,Normal,62,0,1,KC,tier_6,,,,
Khalil,Mack,Khalil Mack,MackKhalil_12344,1781,1779,13,36,1,LE,32,Retired,Star,74,0,0,FA,tier_5,,,,
Kingston,Goodman,Kingston Goodman,KingstonGoodman_32722,1782,1780,3,24,63,WR,28,Signed,Normal,67,0,2,PIT,tier_6,,,,
Shawn,Barton,Shawn Barton,,1783,1781,0,22,4,WR,32,Draft,Normal,69,0,0,FA,tier_6,,,,
Nick,Ringer,Nick Ringer,NickRinger_3563419,1784,1782,0,22,63,DT,28,PracticeSquad,Normal,61,0,1,PIT,tier_6,,,,
Dante,Carr,Dante Carr,DanteCarr_32628,1785,1783,3,25,6,LG,10,Signed,Normal,61,0,2,DAL,tier_6,,,,
Gio,Chatman,Gio Chatman,,1786,1784,0,23,8,WR,32,Draft,Star,63,0,0,FA,tier_6,,,,
Brandon,Wright,Brandon Wright,BrandonWright_31717,1787,1785,4,26,7,MLB,16,Signed,Normal,66,0,4,JAX,tier_6,,-4.0,,
Ben,Busch,Ben Busch,,1788,1786,0,21,1,DT,32,Draft,Star,72,0,0,FA,tier_5,,,,
Anthony,Keenan III,Anthony Keenan III,AnthonyKeenan III_33328,1789,1787,2,24,3,HB,4,Signed,Normal,73,0,1,CLE,tier_5,,,,
Patrick,Mahomes,Patrick Mahomes,MahomesIIPatrick_12635,1790,1788,18,39,1,QB,10,Signed,XFactor,86,0,0,DAL,tier_2,,,,
Tarquin,Sheppard,Tarquin Sheppard,TarquinSheppard_34110,1791,1789,1,22,1,HB,16,Signed,XFactor,89,0,3,JAX,tier_2,,,,
Tre,Simmons,Tre Simmons,TreSimmons_3313,1792,1790,2,24,1,QB,5,Signed,Normal,74,0,0,TB,tier_5,,,,
Joel,Barnett,Joel Barnett,,1793,1791,0,23,8,LE,32,Draft,Normal,60,0,0,FA,tier_6,,,,
Paul,Cash,Paul Cash,,1794,1792,0,22,8,WR,32,Draft,Normal,67,0,0,FA,tier_6,,,,
Travis,Landry,Travis Landry,TravisLandry_3436,1795,1793,1,22,3,DT,26,Signed,Normal,71,0,5,NO,tier_5,,-5.0,,
Walter,Nolen,Walter Nolen,WalterNolen_15,1796,1794,10,32,1,DT,10,Signed,XFactor,85,1,0,DAL,tier_2,,1.0,,
Montell,Hitchens,Montell Hitchens,MontellHitchens_33437,1797,1795,2,25,4,WR,31,Signed,Normal,65,0,2,HOU,tier_6,,,,
Rashad,Malone,Rashad Malone,RashadMalone_3563364,1798,1796,1,23,63,LG,32,FreeAgent,Normal,60,0,0,FA,tier_6,,,,
Trevor,Bradford,Trevor Bradford,,1799,1797,0,22,2,LE,32,Draft,Normal,73,0,0,FA,tier_5,,,,
Blaine,Bradford,Blaine Bradford,BlaineBradford_29119,1800,1798,7,28,1,SS,32,FreeAgent,Normal,61,0,0,FA,tier_6,,,,
Steven,Warner,Steven Warner,,1801,1799,0,22,4,RE,32,Draft,Normal,67,0,0,FA,tier_6,,,,
Daniel,Colvin,Daniel Colvin,DanielColvin_32724,1802,1800,3,25,63,K,15,Signed,Normal,71,0,0,NYG,tier_5,,,,
Desmond,Ali,Desmond Ali,DesmondAli_3563425,1803,1801,1,23,63,MLB,32,FreeAgent,Normal,59,0,0,FA,tier_6,,,,
Graham,Holt,Graham Holt,GrahamHolt_35225,1804,1802,0,22,2,LG,11,Signed,Normal,75,0,1,MIA,tier_4,,,-1.0,
Sam,Berry,Sam Berry,,1805,1803,0,21,4,C,32,Draft,Star,74,0,0,FA,tier_5,,,,
Kasey,Gibson,Kasey Gibson,KaseyGibson_33421,1806,1804,2,24,4,LOLB,24,Signed,Normal,70,4,0,BAL,tier_5,,4.0,,
Morgan,Clemons,Morgan Clemons,MorganClemons_3163329,1807,1805,4,27,63,C,21,Signed,Normal,66,0,2,NE,tier_6,,,,
Jerrian,Adams,Jerrian Adams,JerrianAdams_3363431,1808,1806,2,24,63,WR,19,PracticeSquad,Normal,62,0,2,GB,tier_6,,,,
Jeremy,Mboup,Jeremy Mboup,JeremyMboup_34437,1809,1807,1,23,4,DT,28,Signed,Normal,79,0,1,PIT,tier_4,,-1.0,,
Will,Elam,Will Elam,WillElam_34416,1810,1808,1,22,4,LT,25,Signed,Normal,67,0,2,WAS,tier_6,,,,
Demarcus,Riddick,Demarcus Riddick,DemarcusRiddick_128,1811,1809,7,29,1,LOLB,16,Signed,Star,75,8,0,JAX,tier_4,,8.0,,
Zack,Martin,Zack Martin,MartinZack_12348,1812,1810,16,39,1,RG,32,Retired,Star,73,0,0,FA,tier_5,,,,
Cole,Meeks,Cole Meeks,,1813,1811,0,23,8,SS,32,Draft,Normal,63,0,0,FA,tier_6,,,,
CJ,May,CJ May,CJMay_29327,1814,1812,7,29,3,RE,32,FreeAgent,Star,71,0,0,FA,tier_5,,,,
Zach,Clayton,Zach Clayton,ZachClayton_30422,1815,1813,5,28,4,WR,28,Signed,Normal,76,0,2,PIT,tier_4,,,,
Kendre,Harrison,Kendre Harrison,KendreHarrison_2923,1816,1814,6,28,2,TE,14,Signed,Normal,73,3,0,SF,tier_5,3.0,,,
Nate,Cameron,Nate Cameron,NateCameron_3323,1817,1815,2,25,2,LT,14,Signed,Normal,67,0,2,SF,tier_6,,,,
Tyrann,Mathieu,Tyrann Mathieu,MathieuTyrann_11892,1818,1816,14,35,3,FS,32,Retired,Star,82,0,0,FA,tier_3,,,,
Roosevelt,Fletcher,Roosevelt Fletcher,,1819,1817,0,23,7,HB,32,Draft,Normal,66,0,0,FA,tier_6,,,,
Tim,Miller,Tim Miller,,1820,1818,0,22,8,CB,32,Draft,Normal,66,0,0,FA,tier_6,,,,
Glen,Clark,Glen Clark,GlenClark_3563382,1821,1819,0,23,63,DT,1,PracticeSquad,Normal,64,0,1,CIN,tier_6,,,,
James,Skillin,James Skillin,JamesSkillin_427,1822,1820,4,26,4,C,26,Signed,Normal,68,4,0,NO,tier_6,,,4.0,
Kamron,Mikell,Kamron Mikell,KamronMikell_533,1823,1821,7,29,5,WR,23,Signed,Normal,76,1,0,LAR,tier_4,1.0,,,
Randy,Sutton,Randy Sutton,RandySutton_33639,1824,1822,2,24,6,SS,24,Signed,Normal,75,0,2,BAL,tier_4,,-2.0,,
Brayln,Sheldon,Brayln Sheldon,BraylnSheldon_3047,1825,1823,5,27,4,SS,13,Signed,Normal,80,0,2,ATL,tier_3,,-2.0,,
Carter,Lowe,Carter Lowe,CarterLowe_29214,1826,1824,6,29,2,RT,8,Signed,Normal,65,0,2,KC,tier_6,,,,
Marcus,Felder,Marcus Felder,,1827,1825,0,22,2,LE,32,Draft,Star,74,0,0,FA,tier_5,,,,
Anderson,Kopp,Anderson Kopp,AndersonKopp_2961,1828,1826,7,29,6,LG,32,FreeAgent,Normal,64,0,0,FA,tier_6,,,,
Pete,Moore,Pete Moore,PeteMoore_31228,1829,1827,4,25,2,DT,0,Signed,Normal,86,0,5,CHI,tier_2,,-5.0,,
Jeremy,Washington,Jeremy Washington,JeremyWashington_3363336,1830,1828,2,24,63,RG,13,Signed,Normal,75,0,2,ATL,tier_4,,,,
Akylin,Dear,Akylin Dear,AkylinDear_29222,1831,1829,6,28,2,HB,27,Signed,Star,79,0,1,SEA,tier_4,,,,
Parker,Livingstone,Parker Livingstone,ParkerLivingstone_45,1832,1830,7,29,4,WR,5,Signed,Star,69,0,2,TB,tier_6,,,,
Tyeler,Blaylock,Tyeler Blaylock,TyelerBlaylock_3266,1833,1831,3,25,6,FS,31,Signed,Normal,65,1,0,HOU,tier_6,,1.0,,
Rashad,Ward,Rashad Ward,RashadWard_3267,1834,1832,3,25,6,FS,14,Signed,Normal,68,0,2,SF,tier_6,,,,
Johnathan,Greene,Johnathan Greene,,1835,1833,0,21,1,QB,32,Draft,Normal,73,0,0,FA,tier_5,,,,
DeAndre,Martin,DeAndre Martin,DeAndreMartin_3363345,1836,1834,2,24,63,RG,16,Signed,Normal,69,0,2,JAX,tier_6,,,,
Larry,Silverman,Larry Silverman,,1837,1835,0,22,8,RG,32,Draft,Normal,62,0,0,FA,tier_6,,,,
Sergio,Burns,Sergio Burns,,1838,1836,0,22,8,ROLB,32,Draft,Normal,61,0,0,FA,tier_6,,,,
Dominick,Fitzgerald,Dominick Fitzgerald,DominickFitzgerald_31633,1839,1837,4,25,6,CB,3,Signed,Normal,73,1,0,DEN,tier_5,,1.0,,
Dontae,Burrough,Dontae Burrough,,1840,1838,0,23,8,WR,32,Draft,Normal,68,0,0,FA,tier_6,,,,
Tavon,Clifton,Tavon Clifton,TavonClifton_32611,1841,1839,3,26,6,HB,11,Signed,Normal,67,0,1,MIA,tier_6,,,,
Malaki,Starks,Malaki Starks,MalakiStarks_127,1842,1840,10,31,1,FS,19,Signed,Star,70,0,3,GB,tier_5,,-3.0,,
Glenn,Simmons,Glenn Simmons,GlennSimmons_3363341,1843,1841,2,24,63,LG,12,Signed,Normal,65,0,2,PHI,tier_6,,,,
Tree,Babalade,Tree Babalade,TreeBabalade_37,1844,1842,10,31,3,LT,32,FreeAgent,Normal,61,0,0,FA,tier_6,,,,
Kasey,Fitzpatrick,Kasey Fitzpatrick,,1845,1843,0,21,8,ROLB,32,Draft,Normal,66,0,0,FA,tier_6,,,,
Sharif,Denson,Sharif Denson,SharifDenson_219,1846,1844,8,31,2,CB,20,Signed,Star,78,3,0,CAR,tier_4,,3.0,,
Tyleik,Bradley,Tyleik Bradley,TyleikBradley_32612,1847,1845,4,27,6,FS,32,FreeAgent,Normal,64,0,0,FA,tier_6,,,,
Trae,Ballard-Payne,Trae Ballard-Payne,TraeBallard-Payne_3268,1848,1846,4,26,6,ROLB,32,FreeAgent,Normal,61,0,0,FA,tier_6,,,,
Trey,McNutt,Trey McNutt,TreyMcNutt_29315,1849,1847,7,29,3,SS,32,FreeAgent,Normal,63,0,0,FA,tier_6,,,,
Mitch,Carrington,Mitch Carrington,MitchCarrington_32615,1850,1848,3,25,6,RG,23,Signed,Normal,75,0,7,LAR,tier_4,,,-7.0,
Tradarian,Ball,Tradarian Ball,TradarianBall_29218,1851,1849,6,27,2,HB,27,Signed,Normal,72,0,1,SEA,tier_5,,,,
Tony,Cumberland,Tony Cumberland,TonyCumberland_2935,1852,1850,7,28,3,DT,32,FreeAgent,Normal,62,0,0,FA,tier_6,,,,
Jeff,Beal,Jeff Beal,JeffBeal_31418,1853,1851,4,26,4,TE,6,Signed,Normal,64,0,2,ARI,tier_6,,,,
Dennis,Weaver,Dennis Weaver,,1854,1852,0,22,8,RE,32,Draft,Normal,59,0,0,FA,tier_6,,,,
Ken,Farley,Ken Farley,,1855,1853,0,22,8,FB,32,Draft,Star,72,0,0,FA,tier_5,,,,
Payton,Peters,Payton Peters,PaytonPeters_3463279,1856,1854,1,24,63,LT,1,PracticeSquad,Normal,62,0,2,CIN,tier_6,,,,
Terrance,Tigner,Terrance Tigner,,1857,1855,0,22,2,SS,32,Draft,Star,75,0,0,FA,tier_4,,,,
Mike,Knight,Mike Knight,MikeKnight_3363433,1858,1856,2,24,63,WR,10,PracticeSquad,Normal,63,0,2,DAL,tier_6,,,,
Bishop,Webb,Bishop Webb,BishopWebb_3563330,1859,1857,1,22,63,SS,32,FreeAgent,Normal,61,0,0,FA,tier_6,,,,
Grant,Harrington,Grant Harrington,,1860,1858,0,22,4,DT,32,Draft,Normal,61,0,0,FA,tier_6,,,,
Josh,Morgan,Josh Morgan,JoshMorgan_3475,1861,1859,1,23,7,CB,13,Signed,Normal,74,3,0,ATL,tier_5,,3.0,,
K'Lavon,Stanley,K'Lavon Stanley,K'LavonStanley_3269,1862,1860,3,26,6,HB,13,Signed,Normal,67,0,1,ATL,tier_6,,,,
Dwight,Walker,Dwight Walker,DwightWalker_3363398,1863,1861,2,25,63,P,11,Signed,Normal,71,4,1,MIA,tier_5,,,,3.0
Damien,Cheeks,Damien Cheeks,DamienCheeks_3363312,1864,1862,2,23,63,MLB,0,Signed,Normal,68,3,0,CHI,tier_6,,3.0,,
Matt,Davis,Matt Davis,MattDavis_3178,1865,1863,4,26,7,DT,32,Deleted,Normal,58,0,0,FA,tier_6,,,,
Andrew,Haynes,Andrew Haynes,,1866,1864,0,21,8,LG,32,Draft,Normal,59,0,0,FA,tier_6,,,,
Nick,Villa,Nick Villa,,1867,1865,0,24,8,RT,32,Draft,Normal,60,0,0,FA,tier_6,,,,
Pierre,Flowers,Pierre Flowers,PierreFlowers_31325,1868,1866,4,25,3,LOLB,30,Signed,Normal,76,0,2,MIN,tier_4,,,,
Zach,Blackwell,Zach Blackwell,ZachBlackwell_32616,1869,1867,3,25,6,C,12,Signed,Normal,65,0,2,PHI,tier_6,,,,
Thad,Sprinkle,Thad Sprinkle,ThadSprinkle_3263224,1870,1868,3,25,63,QB,32,Retired,Normal,56,0,0,FA,tier_6,,,,
Amari,Fells,Amari Fells,AmariFells_3335,1871,1869,2,24,3,LE,29,Signed,Normal,72,1,0,TEN,tier_5,,1.0,,
De'Veon,Leslie,De'Veon Leslie,De'VeonLeslie_3163366,1872,1870,4,25,63,ROLB,6,Signed,Normal,70,1,0,ARI,tier_5,,1.0,,
Sione,Auva'a,Sione Auva'a,SioneAuva'a_18,1873,1871,5,26,1,LG,21,Signed,Normal,72,3,0,NE,tier_5,,,3.0,
Michael,Wheeler,Michael Wheeler,MichaelWheeler_3363259,1874,1872,2,24,63,RE,32,Deleted,Normal,61,0,0,FA,tier_6,,,,
Mason,Alexander,Mason Alexander,MasonAlexander_3514,1875,1873,0,22,1,LT,19,Signed,Star,84,5,0,GB,tier_3,,,5.0,
Brandon,McCune,Brandon McCune,BrandonMcCune_35217,1876,1874,0,22,2,WR,28,Signed,Normal,73,2,0,PIT,tier_5,2.0,,,
Tyler,Brooks,Tyler Brooks,TylerBrooks_33125,1877,1875,2,23,1,WR,19,Signed,Normal,79,0,1,GB,tier_4,-1.0,,,
Josh,Kreutz,Josh Kreutz,,1878,1876,9,32,2,C,32,Deleted,Normal,61,0,0,FA,tier_6,,,,
Glen,Childress,Glen Childress,GlenChildress_3163357,1879,1877,4,25,63,RG,4,Signed,Normal,72,0,2,CLE,tier_5,,,,
Delonte,Callahan,Delonte Callahan,DelonteCallahan_33730,1880,1878,2,24,7,MLB,19,Signed,Normal,71,0,7,GB,tier_5,,-7.0,,
Michael,Kern,Michael Kern,MichaelKern_29713,1881,1879,6,29,7,P,10,Signed,Normal,73,0,1,DAL,tier_5,,,,-1.0
Everette,Patterson,Everette Patterson,,1882,1880,0,22,7,RE,32,Draft,Normal,66,0,0,FA,tier_6,,,,
Khalil,Barnes,Khalil Barnes,KhalilBarnes_27,1883,1881,8,31,2,SS,32,FreeAgent,Normal,62,0,0,FA,tier_6,,,,
Dontrell,Kitchens Jr,Dontrell Kitchens Jr,DontrellKitchens Jr_3513,1884,1882,0,22,1,WR,25,Signed,Normal,80,2,0,WAS,tier_3,2.0,,,
Taylor,Gilmour,Taylor Gilmour,,1885,1883,0,23,6,ROLB,32,Draft,Normal,61,0,0,FA,tier_6,,,,
Will,Rutledge,Will Rutledge,,1886,1884,0,23,8,CB,32,Draft,Normal,61,0,0,FA,tier_6,,,,
Tyson,Walters,Tyson Walters,TysonWalters_3362,1887,1885,2,24,6,LOLB,30,Signed,Normal,64,3,0,MIN,tier_6,,3.0,,
Angelo,Jones,Angelo Jones,AngeloJones_3463275,1888,1886,1,22,63,DT,20,Signed,Normal,66,0,2,CAR,tier_6,,,,
Kurtis,Stoutmire,Kurtis Stoutmire,KurtisStoutmire_31127,1889,1887,4,26,1,FS,22,Signed,Normal,75,0,3,LV,tier_4,,-3.0,,
Noah,Hopkins,Noah Hopkins,NoahHopkins_3162,1890,1888,4,26,4,QB,16,Signed,Normal,78,0,0,JAX,tier_4,,,,
Josh,Pope,Josh Pope,,1891,1889,0,22,1,CB,32,Draft,Star,75,0,0,FA,tier_4,,,,
Tee,Bodden,Tee Bodden,TeeBodden_33131,1892,1890,2,24,1,FS,1,Signed,Star,78,0,1,CIN,tier_4,,-1.0,,
Conor,Talty,Conor Talty,ConorTalty_72,1893,1891,7,30,7,K,23,Signed,Superstar,80,1,4,LAR,tier_3,,,,-3.0
Stephen,Brewer,Stephen Brewer,,1894,1892,0,21,6,RG,32,Draft,Superstar,65,0,0,FA,tier_6,,,,
Cameron,Hayes,Cameron Hayes,CameronHayes_30232,1895,1893,5,26,2,WR,3,Signed,Normal,76,0,6,DEN,tier_4,-6.0,,,
Makari,Keenan,Makari Keenan,MakariKeenan_33127,1896,1894,2,24,1,LOLB,0,Signed,Normal,83,6,0,CHI,tier_3,,6.0,,
Brett,McCollum,Brett McCollum,BrettMcCollum_33126,1897,1895,2,24,1,CB,3,Signed,Star,85,0,1,DEN,tier_2,,-1.0,,
Jacquez,Wilson,Jacquez Wilson,JacquezWilson_3557,1898,1896,0,23,5,HB,10,Signed,Normal,71,5,0,DAL,tier_5,5.0,,,
Collin,Walker,Collin Walker,CollinWalker_3563281,1899,1897,0,23,63,LE,10,PracticeSquad,Normal,62,0,1,DAL,tier_6,,,,
Hendon,Villa,Hendon Villa,HendonVilla_33130,1900,1898,2,23,1,TE,29,Signed,Normal,80,1,4,TEN,tier_3,-3.0,,,
Nyck,Harbor,Nyck Harbor,NyckHarbor_14,1901,1899,9,30,1,WR,6,Signed,Star,71,0,2,ARI,tier_5,,,,
Alex,Wilber,Alex Wilber,AlexWilber_30524,1902,1900,5,27,5,HB,31,Signed,Normal,65,0,1,HOU,tier_6,,,,
Curt,Kroft,Curt Kroft,,1903,1901,0,22,8,K,32,Draft,Normal,68,0,0,FA,tier_6,,,,
Chrystyile,Blaylock,Chrystyile Blaylock,ChrystyileBlaylock_33536,1904,1902,2,25,5,LE,4,Signed,Normal,70,7,0,CLE,tier_5,,7.0,,
Josiah,Sharma,Josiah Sharma,JosiahSharma_131,1905,1903,6,28,1,DT,28,Signed,Normal,78,0,2,PIT,tier_4,,,,
Wayne,Coker,Wayne Coker,WayneCoker_3563295,1906,1904,0,22,63,QB,24,Signed,Normal,65,0,0,BAL,tier_6,,,,
Quincy,Hickman,Quincy Hickman,QuincyHickman_35423,1907,1905,0,22,4,CB,14,Signed,Normal,71,0,1,SF,tier_5,,,,
Elton,Cunningham,Elton Cunningham,EltonCunningham_32712,1908,1906,3,28,7,QB,3,Signed,Normal,64,0,0,DEN,tier_6,,,,
Domani,Jackson,Domani Jackson,DomaniJackson_114,1909,1907,9,31,1,CB,8,Signed,Star,73,1,0,KC,tier_5,,1.0,,
Gaines,Wood,Gaines Wood,GainesWood_34634,1910,1908,1,22,6,FS,27,Signed,Normal,65,0,2,SEA,tier_6,,,,
George,Elston,George Elston,,1911,1909,0,22,2,SS,32,Draft,Star,73,0,0,FA,tier_5,,,,
Jack,Wimbley,Jack Wimbley,JackWimbley_3563377,1912,1910,0,23,63,FB,12,PracticeSquad,Normal,68,0,0,PHI,tier_6,,,,
Duvon,Harris,Duvon Harris,,1913,1911,0,23,4,DT,32,Draft,Normal,61,0,0,FA,tier_6,,,,
Dwayne,Willis,Dwayne Willis,,1914,1912,0,23,1,WR,32,Draft,Superstar,77,0,0,FA,tier_4,,,,
Anthony,Kennedy Jr,Anthony Kennedy Jr,AnthonyKennedy Jr_29316,1915,1913,6,27,3,DT,2,Signed,Star,74,0,2,BUF,tier_5,,-2.0,,
Matthew,Grant,Matthew Grant,,1916,1914,0,22,5,RE,32,Draft,Normal,62,0,0,FA,tier_6,,,,
Jamie,Crockett,Jamie Crockett,JamieCrockett_33724,1917,1915,2,24,7,LT,29,PracticeSquad,Normal,62,0,2,TEN,tier_6,,,,
J'Vari,Cunningham,J'Vari Cunningham,J'VariCunningham_3324,1918,1916,2,24,2,LE,9,Signed,Normal,67,0,3,IND,tier_6,,-3.0,,
Roman,Boatwright,Roman Boatwright,,1919,1917,0,22,8,LE,32,Draft,Normal,57,0,0,FA,tier_6,,,,
Wendell,Robertson,Wendell Robertson,WendellRobertson_35128,1920,1918,0,22,1,RT,5,Signed,Normal,71,0,3,TB,tier_5,,,-3.0,
Joey,Truman,Joey Truman,JoeyTruman_3363282,1921,1919,2,24,63,DT,1,Signed,Normal,65,0,2,CIN,tier_6,,,,
Dashaun,Carter Jr,Dashaun Carter Jr,DashaunCarter Jr_33123,1922,1920,2,23,1,HB,15,Signed,Star,82,0,5,NYG,tier_3,-5.0,,,
Wayne,Riddick,Wayne Riddick,WayneRiddick_3174,1923,1921,4,25,7,CB,29,Signed,Normal,70,0,5,TEN,tier_5,,-5.0,,
Deacon,Dillard,Deacon Dillard,,1924,1922,0,22,1,DT,32,Draft,Superstar,71,0,0,FA,tier_5,,,,
Alfonso,Sullivan,Alfonso Sullivan,,1925,1923,0,21,3,CB,32,Draft,Superstar,74,0,0,FA,tier_5,,,,
DeAndre,Howard,DeAndre Howard,DeAndreHoward_3363447,1926,1924,3,26,63,WR,32,FreeAgent,Normal,63,0,0,FA,tier_6,,,,
Chris,Feliz,Chris Feliz,ChrisFeliz_35316,1927,1925,0,22,3,ROLB,1,Signed,Normal,76,0,3,CIN,tier_4,,-3.0,,
Kris,Rodgers Jr,Kris Rodgers Jr,KrisRodgers Jr_32723,1928,1926,3,24,7,FS,32,Deleted,Normal,60,0,0,FA,tier_6,,,,
Bishop,Wallace Jr,Bishop Wallace Jr,BishopWallace Jr_33116,1929,1927,2,24,1,WR,16,Signed,Star,89,2,0,JAX,tier_2,2.0,,,
Trevor,Lawrence,Trevor Lawrence,TrevorLawrence_31738,1930,1928,4,27,7,P,8,Signed,Normal,79,1,1,KC,tier_4,,,,0.0
Brandon,Brewer,Brandon Brewer,BrandonBrewer_3263236,1931,1929,3,25,63,QB,17,Signed,Normal,65,0,0,NYJ,tier_6,,,,
Jose,Williams,Jose Williams,JoseWilliams_30714,1932,1930,5,28,7,DT,18,Signed,Normal,81,2,0,DET,tier_3,,2.0,,
Nicholas,Groves,Nicholas Groves,NicholasGroves_3563276,1933,1931,1,24,63,MLB,32,FreeAgent,Normal,58,0,0,FA,tier_6,,,,
Ahmad,Brownlee,Ahmad Brownlee,,1934,1932,0,23,5,CB,32,Draft,Normal,69,0,0,FA,tier_6,,,,
Shaun,Harrison,Shaun Harrison,ShaunHarrison_3263237,1935,1933,3,25,63,QB,32,Deleted,Normal,58,0,0,FA,tier_6,,,,
Jauan,Harrell,Jauan Harrell,JauanHarrell_35518,1936,1934,0,23,5,RT,21,Signed,Normal,66,0,1,NE,tier_6,,,,
D'Andre,Billups Jr,D'Andre Billups Jr,D'AndreBillups Jr_35629,1937,1935,0,21,6,FS,18,PracticeSquad,Normal,63,0,1,DET,tier_6,,,,
Andrew,Beyer,Andrew Beyer,AndrewBeyer_3533,1938,1936,0,22,3,RG,25,Signed,Normal,72,0,6,WAS,tier_5,,,-6.0,
Von,Miller,Von Miller,MillerVon_10737,1939,1937,14,36,1,RE,32,Retired,Normal,76,0,0,FA,tier_4,,,,
Keshawn,Yarborough,Keshawn Yarborough,KeshawnYarborough_63249,1940,1938,5,27,63,CB,32,FreeAgent,Normal,66,0,0,FA,tier_6,,,,
Kevin,Huff,Kevin Huff,KevinHuff_33122,1941,1939,2,24,1,RE,8,Signed,Normal,77,1,0,KC,tier_4,,1.0,,
Jermaine,Greenwood,Jermaine Greenwood,,1942,1940,0,22,1,CB,32,Draft,Normal,74,0,0,FA,tier_5,,,,
Jalen,Harris,Jalen Harris,,1943,1941,0,22,8,DT,32,Draft,Normal,55,0,0,FA,tier_6,,,,
Pono,Mahi'ai,Pono Mahi'ai,PonoMahi'ai_34433,1944,1942,1,22,4,FS,15,Signed,Normal,68,7,0,NYG,tier_6,,7.0,,
Damien,Bushrod,Damien Bushrod,DamienBushrod_3463276,1945,1943,1,24,63,HB,3,Signed,Normal,68,0,1,DEN,tier_6,,,,
Cordell,Kemp,Cordell Kemp,CordellKemp_3363397,1946,1944,2,24,63,WR,7,Signed,Normal,65,0,2,LAC,tier_6,,,,
Devin,Riley,Devin Riley,DevinRiley_3463245,1947,1945,1,24,63,C,7,Signed,Normal,71,0,2,LAC,tier_5,,,,
James,Orton,James Orton,JamesOrton_31536,1948,1946,4,26,5,ROLB,25,Signed,Star,82,0,0,WAS,tier_3,,0.0,,
Jonah,Wise,Jonah Wise,JonahWise_3263238,1949,1947,4,26,63,QB,32,FreeAgent,Normal,60,0,0,FA,tier_6,,,,
Randy,Brackett,Randy Brackett,,1950,1948,0,22,7,RG,32,Draft,Normal,63,0,0,FA,tier_6,,,,
Chastyn,Bennett,Chastyn Bennett,ChastynBennett_35120,1951,1949,0,22,1,TE,16,Signed,Normal,76,1,3,JAX,tier_4,-2.0,,,
Ryan,Thomson,Ryan Thomson,,1952,1950,0,22,8,RE,32,Draft,Normal,59,0,0,FA,tier_6,,,,
Trumaine,Harris,Trumaine Harris,TrumaineHarris_32729,1953,1951,4,28,7,CB,32,FreeAgent,Normal,63,0,0,FA,tier_6,,,,
Quincey,Carmichael,Quincey Carmichael,QuinceyCarmichael_30632,1954,1952,5,28,6,LT,1,Signed,Normal,82,1,5,CIN,tier_3,,,-4.0,
Tyronne,McCloud,Tyronne McCloud,TyronneMcCloud_3263240,1955,1953,3,26,63,CB,18,Signed,Normal,70,0,2,DET,tier_5,,,,
Joe,Coffee,Joe Coffee,JoeCoffee_32714,1956,1954,4,26,7,CB,32,FreeAgent,Normal,63,0,0,FA,tier_6,,,,
Koi,Perich,Koi Perich,KoiPerich_322,1957,1955,7,29,3,SS,7,Signed,Superstar,89,0,0,LAC,tier_2,,0.0,,
Kyren,Condoll,Kyren Condoll,KyrenCondoll_512,1958,1956,7,29,5,CB,28,Signed,Star,81,0,1,PIT,tier_3,,-1.0,,
Trent,Levine,Trent Levine,TrentLevine_3263242,1959,1957,4,27,63,CB,32,FreeAgent,Normal,63,0,0,FA,tier_6,,,,
Dasan,McCullough,Dasan McCullough,DasanMcCullough_131,1960,1958,11,33,1,ROLB,32,FreeAgent,Normal,58,0,0,FA,tier_6,,,,
Gerad,Walker III,Gerad Walker III,GeradWalker III_31121,1961,1959,5,27,1,RE,32,FreeAgent,Normal,63,0,0,FA,tier_6,,,,
DeSean,Cooper,DeSean Cooper,DeSeanCooper_30614,1962,1960,5,26,6,MLB,17,Signed,Star,72,4,0,NYJ,tier_5,,4.0,,
Zayden,Walker,Zayden Walker,ZaydenWalker_25,1963,1961,7,28,2,MLB,16,Signed,Star,77,6,0,JAX,tier_4,,6.0,,
Enzo,DePaola,Enzo DePaola,EnzoDePaola_33121,1964,1962,2,23,1,RT,26,Signed,Star,85,0,3,NO,tier_2,,,,
Kevin,Fowler,Kevin Fowler,KevinFowler_32722,1965,1963,4,26,7,CB,32,FreeAgent,Normal,65,0,0,FA,tier_6,,,,
A.J.,Tulloch,A.J. Tulloch,A.J.Tulloch_33128,1966,1964,2,24,1,SS,4,Signed,Star,78,0,1,CLE,tier_4,,-1.0,,
Suntarine,Perkins,Suntarine Perkins,SuntarinePerkins_115,1967,1965,9,30,1,LE,28,Signed,XFactor,91,3,0,PIT,tier_1,,3.0,,
Riley,Mahlman,Riley Mahlman,,1968,1966,9,32,3,RT,32,Deleted,Normal,59,0,0,FA,tier_6,,,,
Kirk,Stiles,Kirk Stiles,KirkStiles_34719,1969,1967,1,23,7,QB,27,Signed,Normal,63,0,0,SEA,tier_6,,,,
Josh,McMullen,Josh McMullen,JoshMcMullen_3563229,1970,1968,0,22,63,CB,26,PracticeSquad,Normal,64,0,1,NO,tier_6,,,,
Warren,Fairley,Warren Fairley,WarrenFairley_31229,1971,1969,4,25,2,SS,18,Signed,Normal,66,0,4,DET,tier_6,,-4.0,,
Reed,Dunn,Reed Dunn,ReedDunn_3363406,1972,1970,2,26,63,FS,32,Deleted,Normal,57,0,0,FA,tier_6,,,,
Julius,Taylor Jr,Julius Taylor Jr,JuliusTaylor Jr_3023,1973,1971,5,26,2,MLB,18,Signed,Normal,74,1,0,DET,tier_5,,1.0,,
Darrius,Bridges,Darrius Bridges,DarriusBridges_3163281,1974,1972,4,26,63,DT,0,Signed,Normal,75,6,0,CHI,tier_4,,6.0,,
Theo,Carruthers,Theo Carruthers,TheoCarruthers_3263244,1975,1973,3,26,63,CB,32,Deleted,Normal,60,0,0,FA,tier_6,,,,
Parker,Wesevich,Parker Wesevich,ParkerWesevich_3016,1976,1974,5,27,1,RG,13,Signed,Star,86,2,0,ATL,tier_2,,,2.0,
NiTareon,Tuggle,NiTareon Tuggle,NiTareonTuggle_632,1977,1975,7,29,6,WR,20,Signed,Superstar,86,4,0,CAR,tier_2,4.0,,,
Sean,McCord,Sean McCord,SeanMcCord_33430,1978,1976,2,24,4,TE,1,Signed,Normal,65,0,2,CIN,tier_6,,,,
Freddie,Randolph,Freddie Randolph,FreddieRandolph_3263245,1979,1977,3,27,63,CB,32,Deleted,Normal,61,0,0,FA,tier_6,,,,
Donovan,Henderson,Donovan Henderson,DonovanHenderson_32726,1980,1978,4,26,7,CB,32,FreeAgent,Normal,65,0,0,FA,tier_6,,,,
Brendan,Pryce,Brendan Pryce,BrendanPryce_3263247,1981,1979,3,24,63,LE,18,Signed,Normal,64,0,2,DET,tier_6,,,,
Jarvis,Lockwood,Jarvis Lockwood,JarvisLockwood_3035,1982,1980,6,29,3,LT,32,FreeAgent,Normal,62,0,0,FA,tier_6,,,,
Pofele,Ashlock,Pofele Ashlock,PofeleAshlock_63295,1983,1981,8,30,63,WR,2,Signed,Normal,73,0,5,BUF,tier_5,-5.0,,,
Gerald,Riddick-Parrish,Gerald Riddick-Parrish,GeraldRiddick-Parrish_3363339,1984,1982,3,26,63,FS,32,FreeAgent,Normal,64,0,0,FA,tier_6,,,,
Joseph,Payne,Joseph Payne,,1985,1983,0,22,3,RG,32,Draft,Star,74,0,0,FA,tier_5,,,,
Joey,Johnson,Joey Johnson,JoeyJohnson_3063434,1986,1984,5,29,63,WR,32,Deleted,Normal,58,0,0,FA,tier_6,,,,
Tremaine,Sears,Tremaine Sears,TremaineSears_3163444,1987,1985,4,27,63,WR,29,Signed,Normal,69,0,2,TEN,tier_6,,,,
Vonn,Conner,Vonn Conner,VonnConner_3363434,1988,1986,2,24,63,WR,32,Deleted,Normal,58,0,0,FA,tier_6,,,,
Josh,Cuevas,Josh Cuevas,JoshCuevas_520,1989,1987,10,32,5,TE,32,FreeAgent,Normal,60,0,0,FA,tier_6,,,,
Tre,Burns,Tre Burns,TreBurns_3263249,1990,1988,4,27,63,CB,32,FreeAgent,Normal,65,0,0,FA,tier_6,,,,
Cameron,Callahan,Cameron Callahan,CameronCallahan_3263250,1991,1989,4,27,63,CB,32,FreeAgent,Normal,64,0,0,FA,tier_6,,,,
Andrew,Vogel,Andrew Vogel,AndrewVogel_30725,1992,1990,5,27,7,TE,32,Deleted,Normal,59,0,0,FA,tier_6,,,,
Channing,Day,Channing Day,ChanningDay_30529,1993,1991,6,28,5,RG,32,FreeAgent,Normal,62,0,0,FA,tier_6,,,,
Doug,Lowell,Doug Lowell,DougLowell_3363408,1994,1992,2,24,63,SS,4,Signed,Normal,66,0,1,CLE,tier_6,,-1.0,,
Jayden,Woods,Jayden Woods,,1995,1993,0,22,1,LT,32,Draft,Star,72,0,0,FA,tier_5,,,,
James,Bost,James Bost,,1996,1994,0,21,5,ROLB,32,Draft,Normal,59,0,0,FA,tier_6,,,,
Antwuan,Pierson,Antwuan Pierson,AntwuanPierson_32732,1997,1995,3,24,7,CB,32,Deleted,Normal,59,0,0,FA,tier_6,,,,
Gio,Priester,Gio Priester,,1998,1996,0,23,5,CB,32,Draft,Normal,67,0,0,FA,tier_6,,,,
Darin,Goode,Darin Goode,DarinGoode_3263252,1999,1997,4,27,63,CB,32,FreeAgent,Normal,68,0,0,FA,tier_6,,,,
Addison,Harold,Addison Harold,,2000,1998,0,21,4,LG,32,Draft,Normal,65,0,0,FA,tier_6,,,,
Carson,Hinzman,Carson Hinzman,CarsonHinzman_316,2001,1999,8,31,3,C,24,Signed,Normal,66,1,0,BAL,tier_6,,,1.0,
Tyler,Davis,Tyler Davis,TylerDavis_35525,2002,2000,0,23,5,MLB,11,Signed,Normal,70,0,7,MIA,tier_5,,-7.0,,
Holdon,Crayton,Holdon Crayton,HoldonCrayton_34726,2003,2001,1,24,7,LOLB,20,Signed,Normal,64,0,4,CAR,tier_6,,-4.0,,
LaMichael,Bryant,LaMichael Bryant,,2004,2002,0,23,1,LE,32,Draft,Star,74,0,0,FA,tier_5,,,,
Simione,Pale,Simione Pale,SimionePale_224,2005,2003,7,29,2,LG,6,Signed,Normal,69,0,2,ARI,tier_6,,,,
Miles,Kahler,Miles Kahler,,2006,2004,0,21,1,RE,32,Draft,Normal,72,0,0,FA,tier_5,,,,
Allen,Finney,Allen Finney,AllenFinney_35228,2007,2005,0,22,2,CB,15,Signed,Normal,79,0,1,NYG,tier_4,,-1.0,,
Jaelen,Waters,Jaelen Waters,JaelenWaters_2938,2008,2006,7,28,3,CB,32,FreeAgent,Normal,64,0,0,FA,tier_6,,,,
Josh,Sherman,Josh Sherman,JoshSherman_30224,2009,2007,6,29,2,DT,32,FreeAgent,Normal,63,0,0,FA,tier_6,,,,
Bravion,Rogers,Bravion Rogers,BravionRogers_120,2010,2008,9,30,1,CB,32,FreeAgent,Normal,68,0,0,FA,tier_6,,,,
Alexander,Bagley,Alexander Bagley,,2011,2009,0,22,8,DT,32,Draft,Normal,58,0,0,FA,tier_6,,,,
Tyrell,Lockley Jr,Tyrell Lockley Jr,TyrellLockley Jr_33427,2012,2010,2,24,4,LE,0,Signed,Star,77,0,2,CHI,tier_4,,-2.0,,
Bradley,Bonner,Bradley Bonner,BradleyBonner_3363331,2013,2011,3,26,63,LG,32,FreeAgent,Normal,61,0,0,FA,tier_6,,,,
Drew,Durant,Drew Durant,DrewDurant_3465,2014,2012,1,22,6,MLB,13,Signed,Normal,68,0,4,ATL,tier_6,,-4.0,,
Darren,Manning,Darren Manning,,2015,2013,0,23,8,CB,32,Draft,Normal,60,0,0,FA,tier_6,,,,
Brett,Thorson,Brett Thorson,BrettThorson_720,2016,2014,9,31,7,P,16,Signed,Normal,79,0,1,JAX,tier_4,,,,-1.0
Calvin,Clements,Calvin Clements,CalvinClements_110,2017,2015,8,31,1,LT,21,Signed,Star,74,1,6,NE,tier_5,,,-5.0,
Brayden,Trent,Brayden Trent,BraydenTrent_3563309,2018,2016,0,22,63,MLB,27,Signed,Normal,64,0,2,SEA,tier_6,,-2.0,,
Larry,Bates,Larry Bates,LarryBates_32727,2019,2017,4,27,7,CB,32,FreeAgent,Normal,64,0,0,FA,tier_6,,,,
Peter,Dickinson,Peter Dickinson,PeterDickinson_3163387,2020,2018,5,27,63,RT,32,FreeAgent,Normal,62,0,0,FA,tier_6,,,,
Kalen,Peck,Kalen Peck,KalenPeck_3263254,2021,2019,3,25,63,CB,32,Deleted,Normal,61,0,0,FA,tier_6,,,,
Taj,Franklin,Taj Franklin,TajFranklin_3363252,2022,2020,2,23,63,CB,15,Signed,Normal,63,0,2,NYG,tier_6,,,,
Nick,Bowles,Nick Bowles,NickBowles_3154,2023,2021,5,28,5,TE,32,FreeAgent,Normal,61,0,0,FA,tier_6,,,,
Asante,Nalbone,Asante Nalbone,AsanteNalbone_33431,2024,2022,2,24,4,LT,1,Signed,Normal,77,1,7,CIN,tier_4,,,-6.0,
Anthony,Lynch,Anthony Lynch,AnthonyLynch_3155,2025,2023,4,25,5,WR,9,Signed,Normal,71,4,0,IND,tier_5,4.0,,,
Manny,Pleasant,Manny Pleasant,,2026,2024,0,23,8,ROLB,32,Draft,Normal,55,0,0,FA,tier_6,,,,
Riley,Norton,Riley Norton,RileyNorton_30530,2027,2025,5,31,63,P,21,Signed,Superstar,85,1,1,NE,tier_2,,,,0.0
Johnnie,Davis Jr,Johnnie Davis Jr,JohnnieDavis Jr_34121,2028,2026,1,23,1,WR,0,Signed,Star,86,3,0,CHI,tier_2,3.0,,,
Palmer,Williams,Palmer Williams,PalmerWilliams_728,2029,2027,8,31,7,P,30,Signed,Normal,74,0,2,MIN,tier_5,,,,-2.0
Kevynn,Woods,Kevynn Woods,KevynnWoods_33527,2030,2028,2,25,5,LE,11,PracticeSquad,Normal,68,0,2,MIA,tier_6,,,,
Justin,Wilcox,Justin Wilcox,JustinWilcox_3363280,2031,2029,2,24,63,DT,32,Deleted,Normal,56,0,0,FA,tier_6,,,,
Chris,Henry Jr,Chris Henry Jr,ChrisHenry Jr_2915,2032,2030,6,27,1,WR,17,Signed,Superstar,88,2,0,NYJ,tier_2,2.0,,,
Jonathan,Carey,Jonathan Carey,,2033,2031,0,23,8,LT,32,Draft,Normal,63,0,0,FA,tier_6,,,,
Alex,Stephenson,Alex Stephenson,AlexStephenson_31221,2034,2032,4,26,2,HB,8,Signed,Normal,75,0,5,KC,tier_4,-5.0,,,
Will,Selvie,Will Selvie,WillSelvie_3263255,2035,2033,4,26,63,CB,32,FreeAgent,Normal,67,0,0,FA,tier_6,,,,
Will,Stein,Will Stein,WillStein_3163397,2036,2034,5,26,63,P,32,FreeAgent,Normal,66,0,0,FA,tier_6,,,,
Dom,Harvin,Dom Harvin,,2037,2035,0,22,8,RE,32,Draft,Normal,60,0,0,FA,tier_6,,,,
Kevin,Upshaw,Kevin Upshaw,,2038,2036,0,21,8,RE,32,Draft,Normal,63,0,0,FA,tier_6,,,,
Ben,Donnell,Ben Donnell,BenDonnell_3263256,2039,2037,3,26,63,CB,25,Signed,Normal,71,0,2,WAS,tier_5,,,,
Cecil,Price,Cecil Price,CecilPrice_3043,2040,2038,5,28,4,TE,14,Signed,Normal,68,0,2,SF,tier_6,,,,
Josh,Myers,Josh Myers,MyersJosh_21654,2041,2039,14,37,2,C,16,Signed,Normal,71,0,2,JAX,tier_5,,,,
DaVonte,Colbert,DaVonte Colbert,DaVonteColbert_3128,2042,2040,5,28,2,RE,32,FreeAgent,Normal,68,0,0,FA,tier_6,,,,
Carlos,Knight,Carlos Knight,CarlosKnight_32724,2043,2041,3,25,7,CB,27,Signed,Normal,71,0,2,SEA,tier_5,,-2.0,,
Mazi,Lawson,Mazi Lawson,MaziLawson_3563360,2044,2042,0,21,63,CB,7,PracticeSquad,Normal,63,0,1,LAC,tier_6,,,,
Evan,Hairston,Evan Hairston,EvanHairston_3263258,2045,2043,4,27,63,CB,32,FreeAgent,Normal,63,0,0,FA,tier_6,,,,
Patrick,Godwin,Patrick Godwin,PatrickGodwin_33614,2046,2044,2,24,6,LE,21,Signed,Normal,69,0,1,NE,tier_6,,-1.0,,
Thomas,Stephenson,Thomas Stephenson,,2047,2045,0,21,8,MLB,32,Draft,Normal,63,0,0,FA,tier_6,,,,
Jeremy,Bryson,Jeremy Bryson,JeremyBryson_3113,2048,2046,4,26,1,QB,7,Signed,XFactor,91,0,0,LAC,tier_1,,,,
Tavon,Winslow,Tavon Winslow,TavonWinslow_3263259,2049,2047,4,27,63,CB,32,FreeAgent,Normal,64,0,0,FA,tier_6,,,,
Isaiah,Gibson,Isaiah Gibson,IsaiahGibson_216,2050,2048,8,29,2,LE,32,FreeAgent,Star,68,0,0,FA,tier_6,,,,
Emmett,Kay,Emmett Kay,,2051,2049,0,22,8,RG,32,Draft,Normal,61,0,0,FA,tier_6,,,,
Brenton,German,Brenton German,,2052,2050,0,22,5,CB,32,Draft,Normal,69,0,0,FA,tier_6,,,,
J.P.,Sharp,J.P. Sharp,J.P.Sharp_3463254,2053,2051,1,23,63,TE,21,Signed,Normal,67,1,1,NE,tier_6,0.0,,,
Douglas,Downing,Douglas Downing,,2054,2052,0,23,8,HB,32,Draft,Normal,64,0,0,FA,tier_6,,,,
Seth,Roper,Seth Roper,,2055,2053,0,21,1,QB,32,Draft,Star,71,0,0,FA,tier_5,,,,
Leo,Wilkins,Leo Wilkins,,2056,2054,0,21,3,CB,32,Draft,Normal,69,0,0,FA,tier_6,,,,
Jeremiah,Doherty,Jeremiah Doherty,JeremiahDoherty_35123,2057,2055,0,22,1,RG,28,Signed,Star,77,0,2,PIT,tier_4,,,-2.0,
John,Colvin,John Colvin,JohnColvin_3263261,2058,2056,3,24,63,CB,10,Signed,Normal,65,8,0,DAL,tier_6,,8.0,,
Pierre,Dean,Pierre Dean,PierreDean_29127,2059,2057,6,27,1,C,31,Signed,Superstar,91,0,2,HOU,tier_1,,,-2.0,
Anfernee,Collins,Anfernee Collins,AnferneeCollins_3363426,2060,2058,2,25,63,TE,32,Deleted,Normal,58,0,0,FA,tier_6,,,,
Deacon,Telfer,Deacon Telfer,DeaconTelfer_34513,2061,2059,1,24,5,WR,6,Signed,Normal,70,1,0,ARI,tier_5,1.0,,,
LaMichael,Langford,LaMichael Langford,LaMichaelLangford_3463260,2062,2060,1,23,63,DT,14,Signed,Normal,77,0,2,SF,tier_4,,,,
Marco,Arnaud,Marco Arnaud,,2063,2061,0,21,8,LE,32,Draft,Normal,59,0,0,FA,tier_6,,,,
Josh,Keyes,Josh Keyes,JoshKeyes_3548,2064,2062,0,22,4,CB,12,Signed,Normal,71,0,1,PHI,tier_5,,-1.0,,
Michael,McDonough,Michael McDonough,MichaelMcDonough_2963316,2065,2063,6,29,63,RG,15,Signed,Normal,65,0,2,NYG,tier_6,,,,
Earl,Rhodes,Earl Rhodes,,2066,2064,0,22,1,MLB,32,Draft,Star,72,0,0,FA,tier_5,,,,
Craig,Brown,Craig Brown,,2067,2065,0,23,8,C,32,Draft,Normal,58,0,0,FA,tier_6,,,,
Dontrell,Beckum,Dontrell Beckum,,2068,2066,0,22,6,RE,32,Draft,Normal,68,0,0,FA,tier_6,,,,
Desmond,Kelly,Desmond Kelly,DesmondKelly_3517,2069,2067,0,23,1,FS,17,Signed,Star,87,0,5,NYJ,tier_2,,-5.0,,
DaShawn,Newkirk,DaShawn Newkirk,DaShawnNewkirk_3555,2070,2068,0,22,5,CB,7,Signed,Normal,69,0,1,LAC,tier_6,,,,
Traylon,Wilhite,Traylon Wilhite,,2071,2069,0,23,8,TE,32,Draft,Normal,56,0,0,FA,tier_6,,,,
Dilante,Patterson,Dilante Patterson,DilantePatterson_3073,2072,2070,6,28,7,RE,32,FreeAgent,Normal,68,0,0,FA,tier_6,,,,
Von,Walls,Von Walls,,2073,2071,0,23,8,HB,32,Draft,Star,60,0,0,FA,tier_6,,,,
Shaq,Harold,Shaq Harold,,2074,2072,0,23,7,HB,32,Draft,Normal,63,0,0,FA,tier_6,,,,
Kamarion,Franklin,Kamarion Franklin,KamarionFranklin_426,2075,2073,8,29,4,DT,25,Signed,Normal,75,0,6,WAS,tier_4,,-6.0,,
Trey,Zuhn III,Trey Zuhn III,TreyZuhn III_310,2076,2074,10,33,3,LG,32,FreeAgent,Normal,61,0,0,FA,tier_6,,,,
Brayden,Phillips,Brayden Phillips,BraydenPhillips_33523,2077,2075,2,24,5,C,15,Signed,Normal,74,0,3,NYG,tier_5,,,-3.0,
Zion,Davis,Zion Davis,ZionDavis_3022,2078,2076,5,26,2,HB,21,Signed,Normal,68,0,1,NE,tier_6,,,,
Jeremiah,Elliott,Jeremiah Elliott,,2079,2077,0,22,1,LT,32,Draft,Star,71,0,0,FA,tier_5,,,,
Jayshawn,Ross,Jayshawn Ross,JayshawnRoss_210,2080,2078,8,30,2,RE,32,FreeAgent,Normal,64,0,0,FA,tier_6,,,,
Taylor,Guerrero,Taylor Guerrero,,2081,2079,0,22,4,DT,32,Draft,Normal,67,0,0,FA,tier_6,,,,
Immanuel,Iheanacho,Immanuel Iheanacho,ImmanuelIheanacho_113,2082,2080,6,27,1,RT,23,Signed,Normal,84,1,0,LAR,tier_3,,,1.0,
Eddie,Jackson,Eddie Jackson,,2083,2081,0,22,8,DT,32,Draft,Normal,56,0,0,FA,tier_6,,,,
Marco,Hernandez,Marco Hernandez,,2084,2082,0,22,8,DT,32,Draft,Normal,59,0,0,FA,tier_6,,,,
Aidan,Chiles,Aidan Chiles,AidanChiles_15,2085,2083,9,30,1,QB,12,Signed,XFactor,88,0,0,PHI,tier_2,,,,
Kenny,Cody,Kenny Cody,,2086,2084,0,21,8,QB,32,Draft,Star,62,0,0,FA,tier_6,,,,
Ovie,Dubre,Ovie Dubre,OvieDubre_63318,2087,2085,8,30,63,RG,32,FreeAgent,Normal,62,0,0,FA,tier_6,,,,
Nick,Emmanwori,Nick Emmanwori,NickEmmanwori_31,2088,2086,11,32,3,SS,32,FreeAgent,Normal,66,0,0,FA,tier_6,,,,
Tyreke,Beard,Tyreke Beard,TyrekeBeard_3263263,2089,2087,4,26,63,RE,32,FreeAgent,Normal,68,0,0,FA,tier_6,,,,
Caleb,Hail,Caleb Hail,CalebHail_3263264,2090,2088,4,25,63,LE,32,FreeAgent,Normal,63,0,0,FA,tier_6,,,,
Clyde,Hackett,Clyde Hackett,ClydeHackett_3368,2091,2089,2,24,6,RG,18,Signed,Normal,70,0,0,DET,tier_5,,,0.0,
Doriyan,Mills,Doriyan Mills,DoriyanMills_3215,2092,2090,3,24,1,QB,27,Signed,Star,79,0,0,SEA,tier_4,,,,
Marcus,Samuel,Marcus Samuel,MarcusSamuel_35734,2093,2091,0,22,7,QB,10,PracticeSquad,Normal,61,0,0,DAL,tier_6,,,,
Will,Green-Kell,Will Green-Kell,WillGreen-Kell_33734,2094,2092,2,25,7,RE,19,PracticeSquad,Normal,63,0,2,GB,tier_6,,,,
Carson,Andrews,Carson Andrews,CarsonAndrews_3363235,2095,2093,2,25,63,QB,6,Signed,Normal,60,0,0,ARI,tier_6,,,,
Ben,McDougle,Ben McDougle,BenMcDougle_33515,2096,2094,2,25,5,DT,15,Signed,Normal,66,0,2,NYG,tier_6,,,,
Xavier,Scarborough,Xavier Scarborough,XavierScarborough_3363288,2097,2095,2,25,63,FB,25,Signed,Normal,72,0,0,WAS,tier_5,,,,
John,Cohen,John Cohen,,2098,2096,0,24,8,DT,32,Draft,Normal,65,0,0,FA,tier_6,,,,
Steven,Odom,Steven Odom,,2099,2097,0,23,8,CB,32,Draft,Normal,61,0,0,FA,tier_6,,,,
Alfonso,Charles,Alfonso Charles,AlfonsoCharles_35625,2100,2098,0,22,6,RT,11,Signed,Normal,69,4,0,MIA,tier_6,,,4.0,
Rashard,Sheldon,Rashard Sheldon,RashardSheldon_3363352,2101,2099,2,24,63,RG,13,Signed,Normal,66,0,2,ATL,tier_6,,,,
Matthew,Sander,Matthew Sander,MatthewSander_3563289,2102,2100,0,23,63,SS,6,PracticeSquad,Normal,65,0,1,ARI,tier_6,,,,
Fluff,Thomas,Fluff Thomas,FluffThomas_33517,2103,2101,2,24,5,HB,31,Signed,Normal,74,0,1,HOU,tier_5,,,,
Perry,Witherspoon,Perry Witherspoon,PerryWitherspoon_3463231,2104,2102,1,23,63,WR,3,PracticeSquad,Normal,66,0,2,DEN,tier_6,,,,
Sheldon,Beasley,Sheldon Beasley,,2105,2103,0,22,8,RE,32,Draft,Normal,61,0,0,FA,tier_6,,,,
DeVonte,Boley,DeVonte Boley,DeVonteBoley_3263265,2106,2104,3,26,63,LE,32,Deleted,Normal,59,0,0,FA,tier_6,,,,
Kaleb,Edwards,Kaleb Edwards,KalebEdwards_29530,2107,2105,6,28,5,TE,2,Signed,Normal,72,1,4,BUF,tier_5,-3.0,,,
Jackson,Schultz,Jackson Schultz,JacksonSchultz_3263266,2108,2106,3,26,63,LE,7,Signed,Normal,75,0,2,LAC,tier_4,,-2.0,,
Brian,Crawford,Brian Crawford,BrianCrawford_3063448,2109,2107,6,28,63,WR,32,FreeAgent,Normal,63,0,0,FA,tier_6,,,,
Brandon,Baker,Brandon Baker,BrandonBaker_14,2110,2108,8,30,1,LT,21,Signed,Star,68,5,0,NE,tier_6,,,5.0,
Jason,Terry,Jason Terry,,2111,2109,0,22,8,HB,32,Draft,Star,58,0,0,FA,tier_6,,,,
Davis,Stark,Davis Stark,DavisStark_3363233,2112,2110,2,24,63,QB,7,Signed,Normal,58,0,0,LAC,tier_6,,,,
Jeremy,Foster,Jeremy Foster,JeremyFoster_3063328,2113,2111,5,30,63,MLB,32,Retired,Normal,53,0,0,FA,tier_6,,,,
Bobby,Okereke,Bobby Okereke,OkerekeBobby_20425,2114,2112,12,35,3,MLB,32,Retired,Star,79,0,0,FA,tier_4,,,,
Greg,Venable,Greg Venable,,2115,2113,0,23,8,HB,32,Draft,Normal,68,0,0,FA,tier_6,,,,
Greg,Murray,Greg Murray,GregMurray_30637,2116,2114,6,30,6,LT,32,FreeAgent,Normal,64,0,0,FA,tier_6,,,,
Thomas,Kyle,Thomas Kyle,ThomasKyle_3563312,2117,2115,0,22,63,QB,23,Signed,Normal,61,0,0,LAR,tier_6,,,,
Jake,Dorris,Jake Dorris,JakeDorris_3363399,2118,2116,2,25,63,P,17,PracticeSquad,Normal,68,0,0,NYJ,tier_6,,,,
Shaun,Hickman,Shaun Hickman,,2119,2117,0,22,6,DT,32,Draft,Normal,64,0,0,FA,tier_6,,,,
Demetrius,Coates,Demetrius Coates,,2120,2118,0,23,6,LE,32,Draft,Normal,65,0,0,FA,tier_6,,,,
Paul,Donnelly,Paul Donnelly,,2121,2119,0,22,4,TE,32,Draft,Star,68,0,0,FA,tier_6,,,,
Brock,Taylor,Brock Taylor,BrockTaylor_75,2122,2120,7,30,7,K,17,Signed,Star,75,1,2,NYJ,tier_4,,,,-1.0
Cormani,McClain,Cormani McClain,,2123,2121,9,30,2,CB,32,Retired,Star,78,0,0,FA,tier_4,,,,
Jason,Gatewood,Jason Gatewood,JasonGatewood_34111,2124,2122,1,23,1,CB,21,Signed,Star,79,0,2,NE,tier_4,,-2.0,,
Bryan,Rainey,Bryan Rainey,BryanRainey_3563299,2125,2123,0,22,63,DT,25,PracticeSquad,Normal,62,0,1,WAS,tier_6,,,,
Brian,Burris,Brian Burris,,2126,2124,0,22,7,HB,32,Draft,Normal,67,0,0,FA,tier_6,,,,
Nicholas,Brock,Nicholas Brock,,2127,2125,0,23,8,DT,32,Draft,Normal,58,0,0,FA,tier_6,,,,
Calvin,Coleman,Calvin Coleman,CalvinColeman_3263270,2128,2126,4,27,63,LE,32,FreeAgent,Normal,65,0,0,FA,tier_6,,,,
Bryce,McDonald,Bryce McDonald,,2129,2127,0,22,5,ROLB,32,Draft,Normal,61,0,0,FA,tier_6,,,,
Foyesade,Oluokun,Foyesade Oluokun,OluokunFoyesade_13468,2130,2128,14,37,6,MLB,32,Retired,Normal,73,0,0,FA,tier_5,,,,
Calvin,Taylor,Calvin Taylor,CalvinTaylor_3055,2131,2129,6,29,5,WR,32,FreeAgent,Normal,64,0,0,FA,tier_6,,,,
Tyler,Meekins,Tyler Meekins,TylerMeekins_3563356,2132,2130,0,23,63,TE,28,PracticeSquad,Normal,62,0,1,PIT,tier_6,,,,
Cedric,Brown,Cedric Brown,CedricBrown_3463249,2133,2131,1,24,63,FS,0,Signed,Normal,63,0,1,CHI,tier_6,,-1.0,,
Marlan,Hayes,Marlan Hayes,MarlanHayes_35623,2134,2132,0,22,6,WR,28,Signed,Normal,65,0,1,PIT,tier_6,,,,
Mike,Onwenu,Mike Onwenu,OnwenuMichael_21205,2135,2133,15,37,6,RG,32,Deleted,Normal,59,0,0,FA,tier_6,,,,
Mario,Nash Jr,Mario Nash Jr,MarioNash Jr_29431,2136,2134,6,29,4,LG,13,Signed,Normal,76,5,0,ATL,tier_4,,,5.0,
Julius,Stoudemire,Julius Stoudemire,JuliusStoudemire_31425,2137,2135,4,27,4,SS,28,Signed,Normal,67,0,4,PIT,tier_6,,-4.0,,
Corey,Amos,Corey Amos,CoreyAmos_2963401,2138,2136,7,29,63,MLB,32,FreeAgent,Normal,59,0,0,FA,tier_6,,,,
Ben,Christman,Ben Christman,BenChristman_232,2139,2137,9,32,2,LG,28,Signed,Superstar,91,0,10,PIT,tier_1,,,-10.0,
David,Blackmon,David Blackmon,,2140,2138,0,22,8,RT,32,Draft,Normal,56,0,0,FA,tier_6,,,,
Antwane,Newsome,Antwane Newsome,AntwaneNewsome_3031,2141,2139,5,27,3,LE,31,Signed,Normal,76,3,0,HOU,tier_4,,3.0,,
Tommy,Doman,Tommy Doman,TommyDoman_63374,2142,2140,10,33,63,P,0,Signed,Normal,78,1,1,CHI,tier_4,,,,0.0
Daniel,Flynn,Daniel Flynn,DanielFlynn_3263272,2143,2141,3,24,63,RE,24,Signed,Normal,64,0,3,BAL,tier_6,,-3.0,,
Doug,Ramsey,Doug Ramsey,,2144,2142,0,22,5,HB,32,Draft,Normal,64,0,0,FA,tier_6,,,,
Dalton,Aldridge,Dalton Aldridge,,2145,2143,0,23,8,C,32,Draft,Normal,67,0,0,FA,tier_6,,,,
Bryan,Cannon,Bryan Cannon,BryanCannon_3163317,2146,2144,5,27,63,DT,32,FreeAgent,Normal,64,0,0,FA,tier_6,,,,
Jacolby,Chancellor,Jacolby Chancellor,,2147,2145,0,22,8,WR,32,Draft,Normal,64,0,0,FA,tier_6,,,,
Jalen,Williams,Jalen Williams,JalenWilliams_3344,2148,2146,2,25,4,MLB,30,Signed,Star,67,0,2,MIN,tier_6,,,,
J.D.,Brewer,J.D. Brewer,J.D.Brewer_3163398,2149,2147,5,27,63,P,32,FreeAgent,Normal,67,0,0,FA,tier_6,,,,
Dakota,Prysock,Dakota Prysock,DakotaPrysock_35435,2150,2148,0,22,4,WR,8,Signed,Normal,71,0,6,KC,tier_5,-6.0,,,
Mike,Jones,Mike Jones,,2151,2149,0,22,2,LG,32,Draft,Star,73,0,0,FA,tier_5,,,,
Michael,Gaffney,Michael Gaffney,MichaelGaffney_32716,2152,2150,3,25,7,RE,24,Signed,Normal,72,0,0,BAL,tier_5,,0.0,,
C.J.,Hicks,C.J. Hicks,C.J.Hicks_24,2153,2151,9,31,2,LOLB,13,Signed,Star,74,4,0,ATL,tier_5,,4.0,,
Derek,Boothe,Derek Boothe,,2154,2152,0,21,1,CB,32,Draft,XFactor,82,0,0,FA,tier_3,,,,
Princeton,Miller,Princeton Miller,,2155,2153,0,22,5,LE,32,Draft,Star,68,0,0,FA,tier_6,,,,
Byron,Flynn,Byron Flynn,ByronFlynn_35631,2156,2154,0,23,6,WR,7,Signed,Normal,66,0,1,LAC,tier_6,,,,
Ty,Holliday,Ty Holliday,,2157,2155,0,23,8,TE,32,Draft,Star,69,0,0,FA,tier_6,,,,
Travis,Bonner,Travis Bonner,TravisBonner_35714,2158,2156,0,23,7,LT,31,Signed,Normal,61,1,5,HOU,tier_6,,,-4.0,
Deacon,Commings,Deacon Commings,DeaconCommings_3263274,2159,2157,3,25,63,RE,11,Signed,Normal,72,1,0,MIA,tier_5,,1.0,,
Cooper,Patterson,Cooper Patterson,CooperPatterson_34226,2160,2158,1,22,2,RG,20,Signed,Normal,76,2,0,CAR,tier_4,,,2.0,
George,Younger,George Younger,,2161,2159,0,22,2,HB,32,Draft,Normal,74,0,0,FA,tier_5,,,,
John,Meekins Jr,John Meekins Jr,JohnMeekins Jr_3563257,2162,2160,0,22,63,HB,4,Signed,Normal,68,0,1,CLE,tier_6,,,,
Andrew,Williamson,Andrew Williamson,AndrewWilliamson_33531,2163,2161,2,24,5,HB,1,Signed,Normal,72,0,0,CIN,tier_5,0.0,,,
Randy,Bennett,Randy Bennett,RandyBennett_3463266,2164,2162,2,25,63,RT,32,FreeAgent,Normal,60,0,0,FA,tier_6,,,,
Jojo,Forbes,Jojo Forbes,JojoForbes_33735,2165,2163,2,24,7,TE,20,PracticeSquad,Normal,60,0,2,CAR,tier_6,,,,
George,Leary,George Leary,,2166,2164,0,21,8,HB,32,Draft,Star,59,0,0,FA,tier_6,,,,
Macrus,Mullins,Macrus Mullins,MacrusMullins_33737,2167,2165,2,24,7,HB,1,Signed,Normal,69,0,1,CIN,tier_6,,,,
Jared,Smith,Jared Smith,JaredSmith_223,2168,2166,7,28,2,LE,24,Signed,Star,85,1,0,BAL,tier_2,,1.0,,
Carl,Patton,Carl Patton,,2169,2167,0,23,8,LG,32,Draft,Normal,66,0,0,FA,tier_6,,,,
Shamar,McBride,Shamar McBride,ShamarMcBride_33720,2170,2168,2,24,7,CB,19,Signed,Normal,64,0,2,GB,tier_6,,,,
Zay,Gentry,Zay Gentry,ZayGentry_29635,2171,2169,6,28,6,CB,19,Signed,Normal,82,0,1,GB,tier_3,,-1.0,,
Mykel,Williams,Mykel Williams,MykelWilliams_11,2172,2170,11,32,1,LE,32,FreeAgent,Normal,62,0,0,FA,tier_6,,,,
Nate,Burns,Nate Burns,NateBurns_3263275,2173,2171,3,25,63,RE,32,Deleted,Normal,60,0,0,FA,tier_6,,,,
Greg,Arnette,Greg Arnette,,2174,2172,0,22,8,DT,32,Draft,Normal,57,0,0,FA,tier_6,,,,
Vontavious,Calhoun,Vontavious Calhoun,VontaviousCalhoun_30412,2175,2173,5,27,4,WR,12,Signed,Normal,73,4,0,PHI,tier_5,4.0,,,
Noah,Stafford,Noah Stafford,NoahStafford_3263276,2176,2174,4,27,63,RE,32,FreeAgent,Normal,62,0,0,FA,tier_6,,,,
Trae,Farr,Trae Farr,TraeFarr_3573,2177,2175,0,22,7,C,25,PracticeSquad,Normal,61,0,1,WAS,tier_6,,,,
Chris,Leonard,Chris Leonard,,2178,2176,0,21,3,CB,32,Draft,Superstar,72,0,0,FA,tier_5,,,,
Micah,Parsons,Micah Parsons,ParsonsMicah_21476,2179,2177,13,35,1,RE,32,Retired,Star,80,0,0,FA,tier_3,,,,
Deuce,Knight,Deuce Knight,DeuceKnight_29536,2180,2178,7,29,5,QB,32,FreeAgent,Normal,63,0,0,FA,tier_6,,,,
James,Allen,James Allen,,2181,2179,0,23,8,FB,32,Draft,Normal,66,0,0,FA,tier_6,,,,
Michael,Copeland,Michael Copeland,MichaelCopeland_3263278,2182,2180,3,26,63,RE,14,Signed,Normal,72,1,0,SF,tier_5,,1.0,,
Andrew,Chamblee,Andrew Chamblee,AndrewChamblee_29,2183,2181,8,31,2,LT,10,Signed,Normal,86,1,1,DAL,tier_2,,,0.0,
A.J.,Ashmore,A.J. Ashmore,A.J.Ashmore_3163382,2184,2182,5,28,63,LT,32,FreeAgent,Normal,64,0,0,FA,tier_6,,,,
Darryl,Ellis,Darryl Ellis,,2185,2183,0,22,5,ROLB,32,Draft,Normal,65,0,0,FA,tier_6,,,,
Clifton,Hamilton,Clifton Hamilton,CliftonHamilton_35725,2186,2184,0,23,7,DT,11,Signed,Normal,70,10,0,MIA,tier_5,,10.0,,
Damarious,Whittington,Damarious Whittington,,2187,2185,0,22,8,CB,32,Draft,Star,66,0,0,FA,tier_6,,,,
Raekwon,Redd,Raekwon Redd,,2188,2186,0,22,5,SS,32,Draft,Normal,67,0,0,FA,tier_6,,,,
Trey,Owens,Trey Owens,TreyOwens_35126,2189,2187,0,21,1,WR,12,Signed,Normal,75,0,4,PHI,tier_4,-4.0,,,
Jalen,Francis,Jalen Francis,JalenFrancis_3411,2190,2188,1,22,1,QB,25,Signed,Normal,74,0,0,WAS,tier_5,,,,
DeSean,Claxton,DeSean Claxton,,2191,2189,0,21,8,RE,32,Draft,Normal,61,0,0,FA,tier_6,,,,
Bo,Winters,Bo Winters,BoWinters_3263280,2192,2190,3,25,63,RE,8,Signed,Normal,73,0,3,KC,tier_5,,-3.0,,
Charlie,Randolph,Charlie Randolph,CharlieRandolph_3143,2193,2191,4,25,4,LG,20,Signed,Star,74,0,2,CAR,tier_5,,,,
Josh,McLean,Josh McLean,,2194,2192,0,22,8,ROLB,32,Draft,Normal,52,0,0,FA,tier_6,,,,
Jacoby,Ellington,Jacoby Ellington,JacobyEllington_3263281,2195,2193,3,25,63,RE,32,Deleted,Normal,59,0,0,FA,tier_6,,,,
Erik,Clements,Erik Clements,ErikClements_3263282,2196,2194,4,26,63,RE,32,FreeAgent,Normal,63,0,0,FA,tier_6,,,,
Quay,Stanford,Quay Stanford,QuayStanford_33714,2197,2195,2,26,7,DT,19,PracticeSquad,Normal,67,0,2,GB,tier_6,,,,
Abdul,Clement,Abdul Clement,AbdulClement_33118,2198,2196,2,24,1,LT,24,Signed,Star,75,0,2,BAL,tier_4,,,,
Dean,Garfield,Dean Garfield,,2199,2197,0,23,8,RG,32,Draft,Normal,60,0,0,FA,tier_6,,,,
Bryce,Briscoe,Bryce Briscoe,BryceBriscoe_3136,2200,2198,5,27,3,FS,32,FreeAgent,Normal,64,0,0,FA,tier_6,,,,
Jeff,Griffin,Jeff Griffin,,2201,2199,0,22,2,LG,32,Draft,Normal,73,0,0,FA,tier_5,,,,
Donnell,Howard,Donnell Howard,DonnellHoward_33510,2202,2200,2,24,5,TE,7,Signed,Normal,65,0,2,LAC,tier_6,,,,
Kaden,Clifford,Kaden Clifford,KadenClifford_35535,2203,2201,0,23,5,SS,15,Signed,Normal,71,0,1,NYG,tier_5,,,,
De'Joshua,Donaldson,De'Joshua Donaldson,,2204,2202,0,21,2,LE,32,Draft,Star,71,0,0,FA,tier_5,,,,
Junior,Hines,Junior Hines,JuniorHines_31129,2205,2203,4,26,1,LG,29,Signed,Normal,79,0,1,TEN,tier_4,,,-1.0,
Matthew,Gay,Matthew Gay,,2206,2204,0,21,2,CB,32,Draft,Normal,76,0,0,FA,tier_4,,,,
Calvin,McDonald,Calvin McDonald,,2207,2205,0,22,8,C,32,Draft,Normal,65,0,0,FA,tier_6,,,,
Jeremy,Dawson,Jeremy Dawson,,2208,2206,0,22,7,RG,32,Draft,Normal,67,0,0,FA,tier_6,,,,
Rishard,Coleman,Rishard Coleman,RishardColeman_3263285,2209,2207,4,25,63,DT,32,FreeAgent,Normal,65,0,0,FA,tier_6,,,,
Vondree,Parker,Vondree Parker,,2210,2208,0,23,8,WR,32,Draft,Normal,62,0,0,FA,tier_6,,,,
Cole,Wimbley,Cole Wimbley,ColeWimbley_35533,2211,2209,0,22,5,QB,31,Signed,Normal,65,0,0,HOU,tier_6,,,,
Marcus,Hill,Marcus Hill,MarcusHill_3563227,2212,2210,0,22,63,WR,28,PracticeSquad,Normal,62,0,1,PIT,tier_6,,,,
Noah,Magalei,Noah Magalei,NoahMagalei_3312,2213,2211,2,24,1,QB,18,Signed,Star,80,0,0,DET,tier_3,,,,
Jared,Meloche,Jared Meloche,JaredMeloche_3563285,2214,2212,1,25,63,C,32,FreeAgent,Normal,60,0,0,FA,tier_6,,,,
Keith,Fiore,Keith Fiore,KeithFiore_3463250,2215,2213,1,23,63,LOLB,17,Signed,Normal,69,0,2,NYJ,tier_6,,-2.0,,
Hykeem,Williams,Hykeem Williams,HykeemWilliams_121,2216,2214,10,31,1,WR,32,FreeAgent,Normal,64,0,0,FA,tier_6,,,,
Antwan,Rushing Jr,Antwan Rushing Jr,AntwanRushing Jr_34618,2217,2215,1,24,6,WR,23,Signed,Normal,73,0,6,LAR,tier_5,-6.0,,,
George,Cunningham,George Cunningham,GeorgeCunningham_3563298,2218,2216,0,22,63,HB,15,Signed,Normal,69,0,1,NYG,tier_6,,,,
D.J.,Rushing,D.J. Rushing,D.J.Rushing_3263287,2219,2217,3,26,63,DT,4,Signed,Star,85,0,3,CLE,tier_2,,,,
Jason,Peters,Jason Peters,PetersJason_27021,2220,2218,20,42,63,LT,32,Retired,Normal,68,0,0,FA,tier_6,,,,
JaMichael,Adkins,JaMichael Adkins,JaMichaelAdkins_3563303,2221,2219,0,22,63,DT,9,Signed,Normal,65,0,1,IND,tier_6,,,,
Patrick,Peterson,Patrick Peterson,PetersonPatrick_10743,2222,2220,16,37,1,CB,32,Retired,Normal,65,0,0,FA,tier_6,,,,
Derrick,Faulk,Derrick Faulk,DerrickFaulk_3163287,2223,2221,5,28,63,LE,32,FreeAgent,Normal,68,0,0,FA,tier_6,,,,
Braxton,Holmes,Braxton Holmes,,2224,2222,0,21,3,LOLB,32,Draft,Normal,62,0,0,FA,tier_6,,,,
Tyrone,Still,Tyrone Still,TyroneStill_32715,2225,2223,3,26,7,RE,23,Signed,Normal,63,3,0,LAR,tier_6,,3.0,,
Philip,Shaughnessy,Philip Shaughnessy,PhilipShaughnessy_30523,2226,2224,6,30,5,QB,32,FreeAgent,Normal,64,0,0,FA,tier_6,,,,
Lance,Charlton,Lance Charlton,,2227,2225,0,23,8,C,32,Draft,Normal,67,0,0,FA,tier_6,,,,
DeAndre,Clayborn,DeAndre Clayborn,DeAndreClayborn_33539,2228,2226,2,25,5,MLB,25,Signed,Normal,66,0,3,WAS,tier_6,,-3.0,,
Matt,Mackey,Matt Mackey,MattMackey_3563290,2229,2227,0,22,63,QB,32,Deleted,Normal,57,0,0,FA,tier_6,,,,
Junior,Clayborn,Junior Clayborn,JuniorClayborn_3072,2230,2228,5,27,63,WR,22,Signed,Normal,69,0,2,LV,tier_6,,,,
JonAnthony,Hall,JonAnthony Hall,JonAnthonyHall_29225,2231,2229,6,28,2,WR,19,Signed,XFactor,86,2,0,GB,tier_2,2.0,,,
Ryner,Anae,Ryner Anae,RynerAnae_31120,2232,2230,4,27,1,LOLB,2,Signed,Star,84,4,0,BUF,tier_3,,4.0,,
Greg,Nowak,Greg Nowak,,2233,2231,0,23,8,LT,32,Draft,Normal,66,0,0,FA,tier_6,,,,
Craig,Kennedy,Craig Kennedy,,2234,2232,0,23,8,C,32,Draft,Normal,55,0,0,FA,tier_6,,,,
Dave,Lincoln,Dave Lincoln,DaveLincoln_3263291,2235,2233,3,25,63,DT,3,Signed,Normal,72,0,2,DEN,tier_5,,,,
S'qon,Polk,S'qon Polk,S'qonPolk_30613,2236,2234,5,27,6,CB,6,Signed,Star,82,0,1,ARI,tier_3,,-1.0,,
Matt,Bishop,Matt Bishop,MattBishop_3424,2237,2235,1,22,2,TE,1,Signed,Normal,76,6,0,CIN,tier_4,6.0,,,
Matthew,Weaver,Matthew Weaver,MatthewWeaver_33716,2238,2236,2,24,7,P,7,Signed,Normal,71,1,1,LAC,tier_5,,,,0.0
Keone,Hao'a,Keone Hao'a,KeoneHao'a_3167,2239,2237,5,27,6,RT,32,FreeAgent,Normal,62,0,0,FA,tier_6,,,,
Jonathan,Rushing,Jonathan Rushing,,2240,2238,0,23,8,C,32,Draft,Normal,65,0,0,FA,tier_6,,,,
Fred,Gaskin III,Fred Gaskin III,FredGaskin III_63386,2241,2239,7,30,63,SS,24,Signed,Normal,70,2,0,BAL,tier_5,,2.0,,
LaMarcus,Boothe,LaMarcus Boothe,,2242,2240,0,23,8,LG,32,Draft,Normal,64,0,0,FA,tier_6,,,,
Bradley,Bryant,Bradley Bryant,BradleyBryant_3563283,2243,2241,0,22,63,WR,5,PracticeSquad,Normal,62,0,1,TB,tier_6,,,,
Brandon,Odom,Brandon Odom,BrandonOdom_35130,2244,2242,0,22,1,MLB,26,Signed,Normal,76,4,0,NO,tier_4,,4.0,,
Cody,Connor,Cody Connor,CodyConnor_3263293,2245,2243,3,25,63,DT,32,Deleted,Normal,60,0,0,FA,tier_6,,,,
William,Echoles,William Echoles,WilliamEcholes_126,2246,2244,7,29,1,DT,21,Signed,Normal,73,3,0,NE,tier_5,,3.0,,
D.J.,Davidson,D.J. Davidson,D.J.Davidson_34127,2247,2245,1,24,1,LE,19,Signed,Normal,76,1,0,GB,tier_4,,1.0,,
Matt,Wilkins,Matt Wilkins,MattWilkins_34332,2248,2246,1,24,3,SS,3,Signed,Normal,77,5,0,DEN,tier_4,,5.0,,
Stacey,Mackey,Stacey Mackey,StaceyMackey_3063248,2249,2247,6,28,63,CB,32,FreeAgent,Normal,65,0,0,FA,tier_6,,,,
Johnathan,Griggs,Johnathan Griggs,,2250,2248,0,23,8,C,32,Draft,Normal,65,0,0,FA,tier_6,,,,
Hudson,Perroni,Hudson Perroni,HudsonPerroni_428,2251,2249,7,29,4,RG,8,Signed,Normal,73,0,0,KC,tier_5,,,0.0,
Kenya,Butler,Kenya Butler,KenyaButler_31538,2252,2250,5,27,5,FS,32,FreeAgent,Normal,61,0,0,FA,tier_6,,,,
James,Richardson,James Richardson,,2253,2251,0,23,8,WR,32,Draft,Normal,64,0,0,FA,tier_6,,,,
Rian,Fender,Rian Fender,,2254,2252,0,24,8,LT,32,Draft,Normal,66,0,0,FA,tier_6,,,,
Tracey,Clayton,Tracey Clayton,TraceyClayton_33415,2255,2253,2,23,4,TE,11,Signed,Normal,71,1,5,MIA,tier_5,-4.0,,,
Johnny,McCord,Johnny McCord,,2256,2254,0,22,8,CB,32,Draft,Normal,62,0,0,FA,tier_6,,,,
Henry,Bird,Henry Bird,HenryBird_32740,2257,2255,3,26,7,DT,6,Signed,Normal,72,0,2,ARI,tier_5,,,,
Racey,Morrison,Racey Morrison,RaceyMorrison_3463262,2258,2256,1,23,63,WR,7,PracticeSquad,Normal,61,0,2,LAC,tier_6,,,,
Amari,Wallace,Amari Wallace,AmariWallace_2965,2259,2257,7,29,6,FS,32,FreeAgent,Normal,63,0,0,FA,tier_6,,,,
Rudy,Clemens,Rudy Clemens,,2260,2258,0,22,8,C,32,Draft,Normal,65,0,0,FA,tier_6,,,,
Nicholas,Blaylock,Nicholas Blaylock,,2261,2259,0,22,1,CB,32,Draft,Normal,75,0,0,FA,tier_4,,,,
Nolan,Alexander,Nolan Alexander,NolanAlexander_31636,2262,2260,5,27,6,WR,32,FreeAgent,Normal,64,0,0,FA,tier_6,,,,
Tyrell,Stamper,Tyrell Stamper,TyrellStamper_34224,2263,2261,1,23,2,FS,14,Signed,Star,80,0,1,SF,tier_3,,-1.0,,
Lucas,Ellefson,Lucas Ellefson,LucasEllefson_3534,2264,2262,0,22,3,C,17,Signed,Normal,73,0,0,NYJ,tier_5,,,0.0,
Henry,Southward,Henry Southward,HenrySouthward_3563397,2265,2263,0,23,63,DT,3,PracticeSquad,Normal,64,0,1,DEN,tier_6,,,,
Tyquan,Langford,Tyquan Langford,,2266,2264,0,22,8,CB,32,Draft,Normal,66,0,0,FA,tier_6,,,,
Rodd,Tomlinson,Rodd Tomlinson,RoddTomlinson_3263297,2267,2265,3,25,63,FB,1,Signed,Normal,74,0,0,CIN,tier_5,,,,
Joshua,Campbell,Joshua Campbell,JoshuaCampbell_33718,2268,2266,2,25,7,DT,18,PracticeSquad,Normal,62,0,2,DET,tier_6,,,,
Jack,Hebert,Jack Hebert,,2269,2267,0,21,1,DT,32,Draft,Star,74,0,0,FA,tier_5,,,,
Tyrone,Knighton,Tyrone Knighton,,2270,2268,0,22,6,QB,32,Draft,Normal,68,0,0,FA,tier_6,,,,
Sheldon,Felder,Sheldon Felder,SheldonFelder_3363413,2271,2269,2,25,63,SS,16,PracticeSquad,Normal,66,0,2,JAX,tier_6,,,,
Jake,McGhee,Jake McGhee,JakeMcGhee_3263298,2272,2270,3,26,63,ROLB,27,Signed,Normal,70,0,7,SEA,tier_5,,-7.0,,
Max,Buchanan,Max Buchanan,MaxBuchanan_29513,2273,2271,7,30,5,RG,32,FreeAgent,Normal,61,0,0,FA,tier_6,,,,
Dak,Prescott,Dak Prescott,PrescottDak_17567,2274,2272,15,38,4,QB,32,Retired,Star,72,0,0,FA,tier_5,,,,
Ryan,Brubaker,Ryan Brubaker,RyanBrubaker_328,2275,2273,8,31,3,C,10,Signed,Normal,80,0,3,DAL,tier_3,,,,
Harvey,Sullivan,Harvey Sullivan,,2276,2274,0,22,3,LE,32,Draft,Normal,70,0,0,FA,tier_5,,,,
Jackson,Cantwell,Jackson Cantwell,JacksonCantwell_2917,2277,2275,6,27,1,LT,16,Signed,Superstar,90,0,3,JAX,tier_1,,,,
Deon,Mathis,Deon Mathis,,2278,2276,0,21,8,HB,32,Draft,Normal,62,0,0,FA,tier_6,,,,
Isacc,Pope,Isacc Pope,IsaccPope_3263299,2279,2277,3,26,63,FB,14,Signed,Normal,68,0,0,SF,tier_6,,,,
Kendall,Sharpton,Kendall Sharpton,KendallSharpton_3363227,2280,2278,3,26,63,QB,32,FreeAgent,Normal,62,0,0,FA,tier_6,,,,
Corri,Bayless,Corri Bayless,CorriBayless_35116,2281,2279,0,22,1,WR,21,Signed,Superstar,86,9,0,NE,tier_2,9.0,,,
Dru,McPherson,Dru McPherson,DruMcPherson_3563450,2282,2280,0,23,63,CB,29,PracticeSquad,Normal,64,0,1,TEN,tier_6,,,,
George,Howard,George Howard,,2283,2281,0,22,3,TE,32,Draft,Normal,62,0,0,FA,tier_6,,,,
Amari,O'Neal,Amari O'Neal,AmariO'Neal_3263300,2284,2282,3,25,63,FB,0,Signed,Normal,80,0,0,CHI,tier_3,,,,
Reggie,Bond,Reggie Bond,ReggieBond_3363335,2285,2283,2,24,63,LG,27,Signed,Normal,68,0,2,SEA,tier_6,,,,
Delmar,Glaze,Delmar Glaze,DelmarGlaze_130,2286,2284,10,32,1,RT,7,Signed,Normal,81,0,3,LAC,tier_3,,,,
C.J.,Boston,C.J. Boston,,2287,2285,0,22,8,TE,32,Draft,Normal,60,0,0,FA,tier_6,,,,
James,Rose,James Rose,,2288,2286,0,22,8,HB,32,Draft,Normal,62,0,0,FA,tier_6,,,,
Ashton,Becker,Ashton Becker,AshtonBecker_35610,2289,2287,0,22,6,P,15,Signed,Normal,73,4,1,NYG,tier_5,,,,3.0
Cube,McNeal,Cube McNeal,CubeMcNeal_33540,2290,2288,2,25,5,DT,21,PracticeSquad,Normal,64,0,2,NE,tier_6,,,,
George,Durham,George Durham,,2291,2289,0,23,3,WR,32,Draft,Superstar,71,0,0,FA,tier_5,,,,
Dasan,Taylor,Dasan Taylor,DasanTaylor_35117,2292,2290,0,21,1,RE,31,Signed,Normal,75,0,1,HOU,tier_4,,,,
Terrelle,Ringer,Terrelle Ringer,TerrelleRinger_3263302,2293,2291,4,26,63,HB,32,FreeAgent,Normal,62,0,0,FA,tier_6,,,,
Louis,Kerr,Louis Kerr,,2294,2292,0,22,5,CB,32,Draft,Normal,67,0,0,FA,tier_6,,,,
Marquee,Goodrich,Marquee Goodrich,MarqueeGoodrich_3263303,2295,2293,3,25,63,HB,31,Signed,Normal,69,0,1,HOU,tier_6,,,,
Selman,Bridges,Selman Bridges,SelmanBridges_231,2296,2294,9,30,2,CB,32,FreeAgent,Normal,64,0,0,FA,tier_6,,,,
Enrique,Overstreet,Enrique Overstreet,,2297,2295,0,22,8,DT,32,Draft,Normal,55,0,0,FA,tier_6,,,,
Nyeir,Jefferson,Nyeir Jefferson,NyeirJefferson_35410,2298,2296,0,23,4,FB,20,Signed,Normal,71,0,0,CAR,tier_5,,,,
Marcus,Washington,Marcus Washington,MarcusWashington_313,2299,2297,8,31,3,CB,24,Signed,Star,75,0,1,BAL,tier_4,,-1.0,,
Ramon,Loud,Ramon Loud,,2300,2298,0,23,5,CB,32,Draft,Normal,72,0,0,FA,tier_5,,,,
Mike,Carson,Mike Carson,,2301,2299,0,22,7,QB,32,Draft,Normal,65,0,0,FA,tier_6,,,,
Justen,Donaldson,Justen Donaldson,,2302,2300,0,22,8,CB,32,Draft,Normal,60,0,0,FA,tier_6,,,,
Jackson,Wilber,Jackson Wilber,JacksonWilber_33320,2303,2301,2,25,3,ROLB,13,Signed,Superstar,88,0,3,ATL,tier_2,,-3.0,,
Von,Sherrod,Von Sherrod,VonSherrod_35722,2304,2302,0,22,7,CB,28,Signed,Normal,65,0,1,PIT,tier_6,,,,
Malachi,McMichael,Malachi McMichael,,2305,2303,0,22,7,ROLB,32,Draft,Star,64,0,0,FA,tier_6,,,,
Markelle,Rodgers,Markelle Rodgers,MarkelleRodgers_34319,2306,2304,1,24,3,FS,0,Signed,Normal,73,0,2,CHI,tier_5,,,,
Greg,McCutcheon,Greg McCutcheon,,2307,2305,0,22,8,LOLB,32,Draft,Normal,54,0,0,FA,tier_6,,,,
LeVar,Waynes Jr,LeVar Waynes Jr,LeVarWaynes Jr_35122,2308,2306,0,21,1,CB,23,Signed,Normal,75,0,1,LAR,tier_4,,-1.0,,
Larry,Bryson,Larry Bryson,,2309,2307,0,23,8,LT,32,Draft,Normal,58,0,0,FA,tier_6,,,,
Zach,Tillman,Zach Tillman,ZachTillman_3511,2310,2308,0,22,1,QB,29,Signed,Normal,71,0,0,TEN,tier_5,,,,
Amari,Taylor,Amari Taylor,AmariTaylor_35312,2311,2309,0,23,3,LE,12,Signed,Normal,67,0,1,PHI,tier_6,,,,
Christopher,Spence,Christopher Spence,ChristopherSpence_29220,2312,2310,6,28,2,CB,29,Signed,Star,75,0,1,TEN,tier_4,,-1.0,,
Drayton,Kerr,Drayton Kerr,DraytonKerr_3563409,2313,2311,0,22,63,QB,12,Signed,Normal,61,0,0,PHI,tier_6,,,,
Michael,Yates,Michael Yates,MichaelYates_30226,2314,2312,6,27,2,LT,32,FreeAgent,Normal,67,0,0,FA,tier_6,,,,
Karlos,Sandridge,Karlos Sandridge,,2315,2313,0,23,7,HB,32,Draft,Normal,69,0,0,FA,tier_6,,,,
Elijah,Carruthers,Elijah Carruthers,ElijahCarruthers_3263304,2316,2314,3,25,63,HB,24,Signed,Normal,69,0,1,BAL,tier_6,,,,
Brennan,Rivers,Brennan Rivers,BrennanRivers_33334,2317,2315,2,25,3,RG,15,Signed,Normal,67,0,2,NYG,tier_6,,,,
Kadyn,Proctor,Kadyn Proctor,KadynProctor_111,2318,2316,9,30,1,LT,12,Signed,Superstar,88,1,1,PHI,tier_2,,,0.0,
Jeremy,Jones,Jeremy Jones,JeremyJones_34229,2319,2317,1,24,2,C,4,Signed,Normal,73,0,8,CLE,tier_5,,,-8.0,
Tad,Hudson,Tad Hudson,TadHudson_630,2320,2318,7,30,6,QB,7,Signed,Normal,63,0,0,LAC,tier_6,,,,
Carson,Tobin,Carson Tobin,CarsonTobin_3363320,2321,2319,2,24,63,C,2,Signed,Normal,66,0,2,BUF,tier_6,,,,
Harris,Sewell,Harris Sewell,HarrisSewell_114,2322,2320,8,30,1,LG,7,Signed,Star,77,2,0,LAC,tier_4,,,2.0,
Shuntori,Beal,Shuntori Beal,ShuntoriBeal_3413,2323,2321,1,22,1,RE,14,Signed,XFactor,90,0,4,SF,tier_1,,-4.0,,
John,Cabrera,John Cabrera,,2324,2322,0,24,8,LG,32,Draft,Normal,58,0,0,FA,tier_6,,,,
Chase,Watkins,Chase Watkins,,2325,2323,0,21,8,LOLB,32,Draft,Normal,65,0,0,FA,tier_6,,,,
Sergio,Toler,Sergio Toler,,2326,2324,0,22,8,CB,32,Draft,Star,59,0,0,FA,tier_6,,,,
Matt,Marek,Matt Marek,MattMarek_2963417,2327,2325,7,29,63,C,32,FreeAgent,Normal,61,0,0,FA,tier_6,,,,
Cody,Lynch,Cody Lynch,,2328,2326,0,22,8,MLB,32,Draft,Normal,63,0,0,FA,tier_6,,,,
Kenya,Lippett,Kenya Lippett,KenyaLippett_32725,2329,2327,3,26,7,HB,23,Signed,Normal,72,0,1,LAR,tier_5,,,,
Max,Madden,Max Madden,MaxMadden_3563242,2330,2328,1,24,63,HB,32,FreeAgent,Normal,61,0,0,FA,tier_6,,,,
Luke,Malone,Luke Malone,,2331,2329,0,21,8,RE,32,Draft,Normal,61,0,0,FA,tier_6,,,,
Anfernee,Flowers ,Anfernee Flowers ,AnferneeFlowers _3363405,2332,2330,2,25,63,FS,32,Deleted,Normal,60,0,0,FA,tier_6,,,,
Pearce,Spurlin III,Pearce Spurlin III,PearceSpurlin III_115,2333,2331,8,29,1,TE,29,Signed,Superstar,86,1,1,TEN,tier_2,0.0,,,
Oscar,Hayes,Oscar Hayes,OscarHayes_35630,2334,2332,0,22,6,MLB,9,Signed,Normal,65,0,1,IND,tier_6,,,,
Malik,Autry,Malik Autry,MalikAutry_130,2335,2333,7,28,1,DT,9,Signed,Normal,72,5,0,IND,tier_5,,5.0,,
Timmy,Rutledge,Timmy Rutledge,,2336,2334,0,23,8,DT,32,Draft,Normal,66,0,0,FA,tier_6,,,,
Shawn,Burse,Shawn Burse,,2337,2335,0,22,3,CB,32,Draft,Normal,69,0,0,FA,tier_6,,,,
LeBron,James,LeBron James,LeBronJames_3464,2338,2336,1,24,6,LE,14,Signed,Normal,66,7,0,SF,tier_6,,7.0,,
Ben,Pryor,Ben Pryor,,2339,2337,0,22,8,K,32,Draft,Star,68,0,0,FA,tier_6,,,,
Sam,Wilson,Sam Wilson,,2340,2338,0,22,8,RE,32,Draft,Normal,62,0,0,FA,tier_6,,,,
Lorenzo,Hurst,Lorenzo Hurst,,2341,2339,0,21,8,CB,32,Draft,Normal,63,0,0,FA,tier_6,,,,
Derrick,Atkinson,Derrick Atkinson,,2342,2340,0,21,5,HB,32,Draft,Star,75,0,0,FA,tier_4,,,,
Treyvon,Williams,Treyvon Williams,TreyvonWilliams_35519,2343,2341,0,22,5,ROLB,5,Signed,Normal,66,0,1,TB,tier_6,,,,
Joseph,Dalton,Joseph Dalton,,2344,2342,0,22,5,HB,32,Draft,Normal,68,0,0,FA,tier_6,,,,
Trumaine,Dockery,Trumaine Dockery,,2345,2343,0,23,4,HB,32,Draft,Star,73,0,0,FA,tier_5,,,,
Elijah,Pritchett,Elijah Pritchett,ElijahPritchett_42,2346,2344,8,31,4,LT,15,Signed,Superstar,93,5,0,NYG,tier_1,,,5.0,
Nathan,Edwards,Nathan Edwards,,2347,2345,0,21,7,WR,32,Draft,Normal,69,0,0,FA,tier_6,,,,
Elija,Boyce,Elija Boyce,ElijaBoyce_34620,2348,2346,1,24,6,C,27,Signed,Normal,68,0,2,SEA,tier_6,,,-2.0,
Khari,Keenan,Khari Keenan,,2349,2347,0,23,8,CB,32,Draft,Normal,65,0,0,FA,tier_6,,,,
Mason,Weber,Mason Weber,MasonWeber_3363264,2350,2348,2,24,63,RE,32,Deleted,Normal,61,0,0,FA,tier_6,,,,
Martin,Ritchie,Martin Ritchie,,2351,2349,0,21,1,RE,32,Draft,Normal,75,0,0,FA,tier_4,,,,
Mitch,Watkins,Mitch Watkins,,2352,2350,0,23,8,CB,32,Draft,Normal,60,0,0,FA,tier_6,,,,
Matthew,Wheeler,Matthew Wheeler,,2353,2351,0,23,8,QB,32,Draft,Normal,59,0,0,FA,tier_6,,,,
Adrian,Stewart,Adrian Stewart,,2354,2352,0,21,8,SS,32,Draft,Normal,60,0,0,FA,tier_6,,,,
Nick,St. Louis,Nick St. Louis,NickSt. Louis_3363361,2355,2353,2,24,63,LOLB,32,Deleted,Normal,57,0,0,FA,tier_6,,,,
Jamison,Walton,Jamison Walton,JamisonWalton_35711,2356,2354,0,22,7,DT,26,Signed,Normal,65,0,1,NO,tier_6,,,,
Quinton,Baxter,Quinton Baxter,,2357,2355,0,22,8,CB,32,Draft,Normal,64,0,0,FA,tier_6,,,,
Darrius,Searcy,Darrius Searcy,DarriusSearcy_30231,2358,2356,6,28,2,RE,32,FreeAgent,Normal,63,0,0,FA,tier_6,,,,
Jeff,Meeks,Jeff Meeks,,2359,2357,0,22,8,DT,32,Draft,Normal,62,0,0,FA,tier_6,,,,
George,Griffen,George Griffen,,2360,2358,0,22,8,ROLB,32,Draft,Normal,54,0,0,FA,tier_6,,,,
Jalen,Holliday,Jalen Holliday,JalenHolliday_32717,2361,2359,3,26,7,SS,26,Signed,Normal,80,0,0,NO,tier_3,,0.0,,
Shane,Coyle,Shane Coyle,ShaneCoyle_3563453,2362,2360,0,23,63,P,4,Signed,Normal,72,0,1,CLE,tier_5,,,,-1.0
Darrell,Cartwright,Darrell Cartwright,,2363,2361,0,22,8,LOLB,32,Draft,Normal,56,0,0,FA,tier_6,,,,
Isaac,Johnston,Isaac Johnston,IsaacJohnston_33115,2364,2362,2,25,1,DT,21,Signed,Normal,75,2,0,NE,tier_4,,2.0,,
Steven,Langford,Steven Langford,,2365,2363,0,23,4,ROLB,32,Draft,Star,65,0,0,FA,tier_6,,,,
James,Graham,James Graham,JamesGraham_34329,2366,2364,1,22,3,CB,13,Signed,Normal,77,0,1,ATL,tier_4,,-1.0,,
Tevaughn,Rush,Tevaughn Rush,TevaughnRush_3163447,2367,2365,5,26,63,WR,32,FreeAgent,Normal,64,0,0,FA,tier_6,,,,
Andrew,Moon,Andrew Moon,AndrewMoon_3363353,2368,2366,2,24,63,LG,0,Signed,Normal,66,0,2,CHI,tier_6,,,,
Bobby,Crisp,Bobby Crisp,,2369,2367,0,23,5,RE,32,Draft,Normal,67,0,0,FA,tier_6,,,,
De'Andre,Keaton,De'Andre Keaton,De'AndreKeaton_34735,2370,2368,1,21,7,WR,26,Signed,Normal,64,0,2,NO,tier_6,,,,
Maurice,Ford Jr,Maurice Ford Jr,MauriceFord Jr_3563226,2371,2369,0,23,63,HB,10,Signed,Normal,65,0,1,DAL,tier_6,,,,
Kendrick,James,Kendrick James,KendrickJames_3563323,2372,2370,0,24,63,RE,21,PracticeSquad,Normal,64,0,1,NE,tier_6,,,,
William,Matthews,William Matthews,WilliamMatthews_3263310,2373,2371,3,26,63,HB,31,Signed,Normal,68,9,0,HOU,tier_6,9.0,,,
Darrelle,Spidell,Darrelle Spidell,DarrelleSpidell_3263311,2374,2372,4,27,63,HB,32,FreeAgent,Normal,62,0,0,FA,tier_6,,,,
Maalik,Murphy,Maalik Murphy,MaalikMurphy_342,2375,2373,9,32,3,QB,32,FreeAgent,Normal,61,0,0,FA,tier_6,,,,
Manuel,Villa,Manuel Villa,,2376,2374,0,21,2,RG,32,Draft,Star,73,0,0,FA,tier_5,,,,
Darien,Williams,Darien Williams,DarienWilliams_2963296,2377,2375,6,29,63,WR,11,Signed,Normal,76,2,0,MIA,tier_4,2.0,,,
Sammy,Claxton,Sammy Claxton,SammyClaxton_3263313,2378,2376,4,27,63,HB,32,FreeAgent,Normal,63,0,0,FA,tier_6,,,,
Zach,Weston,Zach Weston,ZachWeston_31727,2379,2377,5,27,7,C,32,FreeAgent,Normal,63,0,0,FA,tier_6,,,,
Demetrious,Reed,Demetrious Reed,DemetriousReed_35719,2380,2378,0,22,7,LE,24,PracticeSquad,Normal,61,0,1,BAL,tier_6,,,,
Dante,Snead,Dante Snead,DanteSnead_30722,2381,2379,6,28,7,ROLB,32,FreeAgent,Normal,59,0,0,FA,tier_6,,,,
Luke,Bullocks,Luke Bullocks,,2382,2380,0,21,8,WR,32,Draft,Normal,62,0,0,FA,tier_6,,,,
Gordon,Campbell,Gordon Campbell,GordonCampbell_30514,2383,2381,6,28,5,LT,32,FreeAgent,Normal,62,0,0,FA,tier_6,,,,
Billy,Schrauth,Billy Schrauth,BillySchrauth_36,2384,2382,8,31,3,LG,27,Signed,Normal,81,0,5,SEA,tier_3,,,-5.0,
Treyton,Sheldon,Treyton Sheldon,TarquinSheldon_3263315,2385,2383,3,26,63,HB,0,Signed,Normal,77,0,2,CHI,tier_4,-2.0,,,
David,Florence,David Florence,,2386,2384,0,22,8,MLB,32,Draft,Normal,62,0,0,FA,tier_6,,,,
Javier,Allen,Javier Allen,JavierAllen_3263316,2387,2385,3,25,63,HB,27,Signed,Normal,74,0,3,SEA,tier_5,-3.0,,,
J.D.,Robinson,J.D. Robinson,,2388,2386,0,21,8,QB,32,Draft,Normal,55,0,0,FA,tier_6,,,,
Jakon,Warmack,Jakon Warmack,JakonWarmack_35619,2389,2387,0,21,6,LE,2,Signed,Normal,66,0,1,BUF,tier_6,,-1.0,,
Juan,Gaston,Juan Gaston,JuanGaston_2949,2390,2388,7,29,4,RT,32,FreeAgent,Normal,64,0,0,FA,tier_6,,,,
Angelo,Boon,Angelo Boon,,2391,2389,0,22,3,RG,32,Draft,Normal,74,0,0,FA,tier_5,,,,
Peter,Zahn,Peter Zahn,PeterZahn_3575,2392,2390,0,22,7,RE,8,PracticeSquad,Normal,60,0,1,KC,tier_6,,,,
Deion,Brock,Deion Brock,DeionBrock_35417,2393,2391,0,22,4,LT,6,Signed,Normal,68,1,5,ARI,tier_6,,,-4.0,
Brandon,Gettis,Brandon Gettis,BrandonGettis_34712,2394,2392,1,23,7,FS,19,Signed,Normal,63,0,2,GB,tier_6,,,,
Jimmie,Atkinson,Jimmie Atkinson,,2395,2393,0,22,8,C,32,Draft,Normal,63,0,0,FA,tier_6,,,,
Ryan,Matthews,Ryan Matthews,RyanMatthews_3563264,2396,2394,1,22,63,C,32,FreeAgent,Normal,60,0,0,FA,tier_6,,,,
Brian,Jones,Brian Jones,,2397,2395,0,22,8,LOLB,32,Draft,Star,53,0,0,FA,tier_6,,,,
Alonzo,McGowan,Alonzo McGowan,AlonzoMcGowan_3563251,2398,2396,0,23,63,HB,23,Signed,Normal,65,0,4,LAR,tier_6,-4.0,,,
Greg,Feeny,Greg Feeny,GregFeeny_33719,2399,2397,2,25,7,LT,20,Signed,Normal,73,4,0,CAR,tier_5,,,4.0,
Connor,Lew,Connor Lew,ConnorLew_118,2400,2398,8,30,1,C,15,Signed,Normal,82,5,0,NYG,tier_3,,,5.0,
Brian,Ford,Brian Ford,BrianFord_3263318,2401,2399,3,25,63,HB,6,Signed,Normal,67,0,1,ARI,tier_6,,,,
Matt,Buckner,Matt Buckner,,2402,2400,0,23,8,FS,32,Draft,Normal,61,0,0,FA,tier_6,,,,
A.J.,Hobbs,A.J. Hobbs,,2403,2401,0,22,1,CB,32,Draft,Star,76,0,0,FA,tier_4,,,,
Shawn,Holcomb,Shawn Holcomb,ShawnHolcomb_30621,2404,2402,5,27,6,C,30,Signed,Normal,74,9,0,MIN,tier_5,,,9.0,
Damarious,Weston,Damarious Weston,DamariousWeston_30319,2405,2403,6,29,3,MLB,32,FreeAgent,Normal,64,0,0,FA,tier_6,,,,
Kevin,Haynes,Kevin Haynes,KevinHaynes_3437,2406,2404,1,23,3,FS,11,Signed,Superstar,88,6,0,MIA,tier_2,,6.0,,
Dexter,Bates,Dexter Bates,,2407,2405,0,22,8,RG,32,Draft,Normal,61,0,0,FA,tier_6,,,,
Bobby,Warner,Bobby Warner,,2408,2406,0,21,4,CB,32,Draft,Normal,69,0,0,FA,tier_6,,,,
Aaron,Rodgers,Aaron Rodgers,RodgersAaron_26668,2409,2407,21,42,1,QB,32,Retired,Star,81,0,0,FA,tier_3,,,,
Donte,Gregory,Donte Gregory,DonteGregory_3263319,2410,2408,4,27,63,HB,32,FreeAgent,Normal,62,0,0,FA,tier_6,,,,
George,Crocker,George Crocker,,2411,2409,0,22,6,DT,32,Draft,Normal,67,0,0,FA,tier_6,,,,
L'Dell,Hambrick,L'Dell Hambrick,L'DellHambrick_31310,2412,2410,4,27,3,SS,27,Signed,Normal,73,0,4,SEA,tier_5,,-4.0,,
Marco,Jacobs,Marco Jacobs,MarcoJacobs_3163358,2413,2411,5,28,63,RG,32,FreeAgent,Normal,65,0,0,FA,tier_6,,,,
Kionte,Short,Kionte Short,,2414,2412,0,22,8,HB,32,Draft,Normal,68,0,0,FA,tier_6,,,,
Jayson,Newby,Jayson Newby,,2415,2413,0,22,8,LT,32,Draft,Normal,66,0,0,FA,tier_6,,,,
Chad,Lawrence,Chad Lawrence,,2416,2414,0,21,7,RG,32,Draft,Normal,65,0,0,FA,tier_6,,,,
Noah,Martin,Noah Martin,NoahMartin_3366,2417,2415,2,25,6,RT,25,Signed,Normal,65,0,2,WAS,tier_6,,,,
Brayden,Larsen,Brayden Larsen,BraydenLarsen_3263320,2418,2416,3,25,63,HB,15,Signed,Normal,65,0,1,NYG,tier_6,,,,
Klay,Michaels,Klay Michaels,KlayMichaels_35628,2419,2417,0,23,6,C,14,Signed,Normal,65,0,2,SF,tier_6,,,-2.0,
Linvel,Allen,Linvel Allen,LinvelAllen_3163292,2420,2418,5,26,63,FB,32,FreeAgent,Normal,73,0,0,FA,tier_5,,,,
Byron,Sweeting,Byron Sweeting,,2421,2419,0,22,8,LE,32,Draft,Normal,63,0,0,FA,tier_6,,,,
Juan,Thomas,Juan Thomas,,2422,2420,0,23,8,FB,32,Draft,Normal,67,0,0,FA,tier_6,,,,
Kevin,Robertson,Kevin Robertson,KevinRobertson_3263321,2423,2421,3,25,63,CB,4,Signed,Normal,67,0,2,CLE,tier_6,,-2.0,,
Greg,Bodden,Greg Bodden,,2424,2422,0,23,5,HB,32,Draft,Normal,68,0,0,FA,tier_6,,,,
Dishawn,Misa,Dishawn Misa,DishawnMisa_61,2425,2423,8,30,6,MLB,15,Signed,Superstar,83,0,4,NYG,tier_3,,-4.0,,
Bradley,York,Bradley York,BradleyYork_3563451,2426,2424,0,23,63,P,6,Signed,Normal,68,2,1,ARI,tier_6,,,,1.0
Marcus,Frey,Marcus Frey,,2427,2425,0,23,2,CB,32,Draft,Normal,76,0,0,FA,tier_4,,,,
Hezekiah,Harris,Hezekiah Harris,HezekiahHarris_2919,2428,2426,6,27,1,LE,27,Signed,Star,68,0,2,SEA,tier_6,,,,
Justin,House,Justin House,,2429,2427,0,21,8,HB,32,Draft,Normal,64,0,0,FA,tier_6,,,,
Victor,Bennett,Victor Bennett,VictorBennett_3263323,2430,2428,3,26,63,K,2,Signed,Normal,68,0,0,BUF,tier_6,,,,
Alex,Alfaro,Alex Alfaro,AlexAlfaro_34612,2431,2429,1,22,6,C,0,Signed,Normal,66,0,2,CHI,tier_6,,,-2.0,
Dylan,Raiola,Dylan Raiola,,2432,2430,7,30,1,QB,32,Deleted,Normal,57,0,0,FA,tier_6,,,,
Cary,Ward,Cary Ward,CaryWard_31739,2433,2431,4,26,7,FS,24,Signed,Star,75,0,7,BAL,tier_4,,-7.0,,
Cam,Little,Cam Little,CamLittle_63403,2434,2432,11,34,63,K,32,FreeAgent,Normal,68,0,0,FA,tier_6,,,,
Jake,Frazier,Jake Frazier,,2435,2433,0,22,8,C,32,Draft,Normal,57,0,0,FA,tier_6,,,,
Courtland,Brooks,Courtland Brooks,CourtlandBrooks_3428,2436,2434,1,24,2,FS,13,Signed,Normal,81,0,4,ATL,tier_3,,-4.0,,
Phillip,Cook,Phillip Cook,PhillipCook_3563416,2437,2435,0,22,63,CB,19,Signed,Normal,62,0,1,GB,tier_6,,,,
Jayson,Perry,Jayson Perry,,2438,2436,0,21,8,RG,32,Draft,Normal,66,0,0,FA,tier_6,,,,
Joon,Cho,Joon Cho,JoonCho_32711,2439,2437,3,25,7,K,9,Signed,Normal,74,1,0,IND,tier_5,,,,1.0
Justin,Wolfe,Justin Wolfe,,2440,2438,0,22,8,QB,32,Draft,Normal,63,0,0,FA,tier_6,,,,
Davian,Groce,Davian Groce,DavianGroce_2918,2441,2439,6,27,1,HB,27,Signed,XFactor,92,0,1,SEA,tier_1,-1.0,,,
Jamie,Traynor,Jamie Traynor,,2442,2440,0,22,6,LE,32,Draft,Normal,65,0,0,FA,tier_6,,,,
Devin,Coleman,Devin Coleman,,2443,2441,0,23,5,QB,32,Draft,Star,68,0,0,FA,tier_6,,,,
Roman,Betts,Roman Betts,RomanBetts_31514,2444,2442,5,28,5,WR,32,FreeAgent,Normal,63,0,0,FA,tier_6,,,,
Brendan,Smith,Brendan Smith,BrendanSmith_3363232,2445,2443,2,25,63,QB,32,Deleted,Normal,59,0,0,FA,tier_6,,,,
Nick,Steen,Nick Steen,NickSteen_3263325,2446,2444,3,26,63,ROLB,12,Signed,Normal,70,3,0,PHI,tier_5,,3.0,,
Darnell,Woods,Darnell Woods,DarnellWoods_3363265,2447,2445,2,24,63,LE,8,Signed,Normal,69,0,2,KC,tier_6,,,,
Trent,Carmichael,Trent Carmichael,TrentCarmichael_3263326,2448,2446,3,24,63,K,0,Signed,Normal,76,1,0,CHI,tier_4,,,,1.0
Antoine,Saunders,Antoine Saunders,AntoineSaunders_3263327,2449,2447,4,26,63,ROLB,32,FreeAgent,Normal,58,0,0,FA,tier_6,,,,
Shawn,Murphy,Shawn Murphy,ShawnMurphy_126,2450,2448,8,30,1,MLB,24,Signed,Star,74,3,0,BAL,tier_5,,3.0,,
Daniel,Davidson,Daniel Davidson,DanielDavidson_3563445,2451,2449,0,22,63,TE,24,Signed,Normal,63,0,1,BAL,tier_6,,,,
David,Looker,David Looker,DavidLooker_33643,2452,2450,2,24,6,QB,30,Signed,Normal,63,0,0,MIN,tier_6,,,,
Gary,Carson,Gary Carson,,2453,2451,0,22,3,LOLB,32,Draft,Normal,60,0,0,FA,tier_6,,,,
Rashad,Dotson,Rashad Dotson,RashadDotson_35527,2454,2452,0,22,5,LE,15,Signed,Normal,66,0,1,NYG,tier_6,,,,
Will,Williamson,Will Williamson,,2455,2453,0,23,8,CB,32,Draft,Normal,68,0,0,FA,tier_6,,,,
Miller,Bailey,Miller Bailey,MillerBailey_3212,2456,2454,3,24,1,QB,13,Signed,Normal,74,0,0,ATL,tier_5,,,,
Dakota,Hunter,Dakota Hunter,,2457,2455,0,23,8,CB,32,Draft,Star,63,0,0,FA,tier_6,,,,
Cardarious,Bernard,Cardarious Bernard,,2458,2456,0,22,2,FS,32,Draft,Normal,75,0,0,FA,tier_4,,,,
Matt,Mackey,Matt Mackey,MattMackey_3441,2459,2457,1,22,4,C,24,Signed,Normal,69,0,2,BAL,tier_6,,,-2.0,
Andrew,Elliott,Andrew Elliott,AndrewElliott_31116,2460,2458,4,25,1,CB,12,Signed,Normal,80,0,0,PHI,tier_3,,0.0,,
Abduall,Sanders Jr,Abduall Sanders Jr,AbduallSanders Jr_2927,2461,2459,6,28,2,ROLB,16,Signed,Star,85,0,3,JAX,tier_2,,-3.0,,
Melvin,Patton,Melvin Patton,MelvinPatton_30126,2462,2460,5,27,1,RT,9,Signed,Normal,65,0,2,IND,tier_6,,,,
Cam,House,Cam House,,2463,2461,0,23,5,RE,32,Draft,Normal,67,0,0,FA,tier_6,,,,
Glenn,Davis,Glenn Davis,GlennDavis_3363316,2464,2462,3,25,63,LE,32,FreeAgent,Normal,61,0,0,FA,tier_6,,,,
Alec,Townsend,Alec Townsend,,2465,2463,0,21,1,LT,32,Draft,Star,72,0,0,FA,tier_5,,,,
Drew,Sanders,Drew Sanders,SandersDrew_22975,2466,2464,12,33,3,ROLB,32,Deleted,Star,71,0,0,FA,tier_5,,,,
Carson,Tabaracci,Carson Tabaracci,CarsonTabaracci_725,2467,2465,8,30,7,FB,28,Signed,Normal,80,0,0,PIT,tier_3,,,,
Chauncey,Williams,Chauncey Williams,ChaunceyWilliams_3515,2468,2466,0,22,1,WR,9,Signed,Star,91,4,0,IND,tier_1,4.0,,,
John,Crockett,John Crockett,,2469,2467,0,21,6,QB,32,Draft,Normal,65,0,0,FA,tier_6,,,,
Drayk,Bowen,Drayk Bowen,DraykBowen_232,2470,2468,8,31,2,ROLB,21,Signed,Star,76,0,1,NE,tier_4,,-1.0,,
Steven,Flynn,Steven Flynn,StevenFlynn_3163436,2471,2469,5,27,63,WR,32,FreeAgent,Normal,63,0,0,FA,tier_6,,,,
Jeremiah,Thompson,Jeremiah Thompson,JeremiahThompson_3565,2472,2470,0,23,6,RE,10,Signed,Normal,69,0,0,DAL,tier_6,,0.0,,
Evan,Albert,Evan Albert,,2473,2471,0,22,6,MLB,32,Draft,Normal,65,0,0,FA,tier_6,,,,
Tavaris,Shields,Tavaris Shields,,2474,2472,0,23,8,LE,32,Draft,Normal,64,0,0,FA,tier_6,,,,
Johnny,James,Johnny James,,2475,2473,0,23,2,LT,32,Draft,Star,72,0,0,FA,tier_5,,,,
Jaylen,Gilchrist,Jaylen Gilchrist,JaylenGilchrist_29511,2476,2474,7,29,5,C,32,FreeAgent,Normal,61,0,0,FA,tier_6,,,,
Joe,Robinson,Joe Robinson,JoeRobinson_3563351,2477,2475,1,24,63,HB,32,FreeAgent,Normal,60,0,0,FA,tier_6,,,,
Kodi,Greene,Kodi Greene,KodiGreene_29129,2478,2476,7,28,1,LT,32,FreeAgent,Normal,64,0,0,FA,tier_6,,,,
Emmett,Peele,Emmett Peele,,2479,2477,0,22,8,MLB,32,Draft,Normal,65,0,0,FA,tier_6,,,,
Kevonte,Stewart,Kevonte Stewart,KevonteStewart_33638,2480,2478,2,24,6,CB,8,PracticeSquad,Normal,64,0,2,KC,tier_6,,,,
Jahkeem,Metcalf Jr,Jahkeem Metcalf Jr,JahkeemMetcalf Jr_3263329,2481,2479,3,25,63,MLB,29,Signed,Normal,60,0,2,TEN,tier_6,,,,
D.J.,Shepard,D.J. Shepard,D.J.Shepard_30426,2482,2480,6,29,4,CB,32,FreeAgent,Normal,65,0,0,FA,tier_6,,,,
Channing,Hamilton,Channing Hamilton,,2483,2481,0,23,8,QB,32,Draft,Normal,59,0,0,FA,tier_6,,,,
Marquel,Harris,Marquel Harris,MarquelHarris_32721,2484,2482,3,27,7,ROLB,3,Signed,Normal,73,9,0,DEN,tier_5,,9.0,,
Angelo,Goodwin,Angelo Goodwin,AngeloGoodwin_3039,2485,2483,5,27,3,RT,12,Signed,Normal,66,0,2,PHI,tier_6,,,,
Donovan,Moses,Donovan Moses,,2486,2484,0,23,8,DT,32,Draft,Normal,58,0,0,FA,tier_6,,,,
Jackson,Pemberton,Jackson Pemberton,JacksonPemberton_3563287,2487,2485,0,22,63,QB,32,Deleted,Normal,56,0,0,FA,tier_6,,,,
Amar'e,Chamberlain,Amar'e Chamberlain,Amar'eChamberlain_31618,2488,2486,5,27,6,CB,32,FreeAgent,Normal,63,0,0,FA,tier_6,,,,
Abdul,Howard,Abdul Howard,AbdulHoward_3554,2489,2487,0,22,5,FS,7,Signed,Normal,72,0,2,LAC,tier_5,,-2.0,,
Jahmeek,Forbes,Jahmeek Forbes,JahmeekForbes_3556,2490,2488,0,21,5,LG,17,Signed,Normal,72,0,0,NYJ,tier_5,,,0.0,
Max,Roseman,Max Roseman,MaxRoseman_3263333,2491,2489,3,25,63,LOLB,17,Signed,Star,79,0,3,NYJ,tier_4,,-3.0,,
Troy,Randolph,Troy Randolph,TroyRandolph_3532,2492,2490,0,22,3,HB,14,Signed,Star,79,0,4,SF,tier_4,-4.0,,,
Rickie,Backus,Rickie Backus,,2493,2491,0,23,4,LG,32,Draft,Star,72,0,0,FA,tier_5,,,,
Taylor,Tatum,Taylor Tatum,TaylorTatum_132,2494,2492,8,29,1,HB,10,Signed,XFactor,86,2,0,DAL,tier_2,2.0,,,
Cory,Ingram,Cory Ingram,CoryIngram_34422,2495,2493,1,23,4,CB,30,Signed,Normal,74,0,5,MIN,tier_5,,-5.0,,
Marco,Dunn,Marco Dunn,,2496,2494,0,23,8,HB,32,Draft,Normal,67,0,0,FA,tier_6,,,,
Chad,Norris,Chad Norris,,2497,2495,0,23,8,RE,32,Draft,Normal,65,0,0,FA,tier_6,,,,
Keon,Young,Keon Young,KeonYoung_29332,2498,2496,6,28,3,SS,0,Signed,Star,84,0,0,CHI,tier_3,,0.0,,
Miles,Harris,Miles Harris,MilesHarris_34728,2499,2497,1,24,63,QB,19,Signed,Normal,63,0,0,GB,tier_6,,,,
Sam,Horn,Sam Horn,SamHorn_56,2500,2498,8,32,5,QB,4,Signed,Normal,64,0,0,CLE,tier_6,,,,
Jeffrey,M'ba,Jeffrey M'ba,JeffreyM'ba_221,2501,2499,10,33,2,DT,16,Signed,Star,76,5,0,JAX,tier_4,,5.0,,
Eric,Spears,Eric Spears,EricSpears_3363416,2502,2500,2,24,63,TE,14,Signed,Normal,65,0,2,SF,tier_6,,,,
Tahj,Woodyard,Tahj Woodyard,,2503,2501,0,23,8,DT,32,Draft,Normal,66,0,0,FA,tier_6,,,,
Devin,Cone,Devin Cone,DevinCone_3463282,2504,2502,2,24,63,DT,32,FreeAgent,Normal,64,0,0,FA,tier_6,,,,
Liona,Lefau,Liona Lefau,LionaLefau_63424,2505,2503,8,31,63,LOLB,32,FreeAgent,Normal,59,0,0,FA,tier_6,,,,
Alex,Clemons,Alex Clemons,AlexClemons_3263334,2506,2504,3,25,63,LOLB,6,Signed,Normal,71,0,0,ARI,tier_5,,0.0,,
Rashawn,Shepherd,Rashawn Shepherd,RashawnShepherd_30321,2507,2505,6,27,3,CB,32,FreeAgent,Normal,71,0,0,FA,tier_5,,,,
Victor,Smith,Victor Smith,VictorSmith_3311,2508,2506,2,24,1,LT,13,Signed,Superstar,98,3,0,ATL,tier_0,,,3.0,
Kamran,James,Kamran James,KamranJames_315,2509,2507,8,31,3,RE,32,FreeAgent,Star,67,0,0,FA,tier_6,,,,
Drew,Hill,Drew Hill,DrewHill_29729,2510,2508,7,29,7,LG,32,FreeAgent,Normal,61,0,0,FA,tier_6,,,,
Marcus,Bynes,Marcus Bynes,MarcusBynes_30619,2511,2509,5,26,6,LOLB,22,Signed,Star,77,2,0,LV,tier_4,,2.0,,
Rod,Richard,Rod Richard,RodRichard_3363293,2512,2510,2,24,63,HB,2,Signed,Normal,59,0,1,BUF,tier_6,,,,
Penei,Sewell,Penei Sewell,SewellPenei_21540,2513,2511,14,34,1,RT,27,Signed,Superstar,91,0,10,SEA,tier_1,,,-10.0,
Tahj,Hilton,Tahj Hilton,TahjHilton_33624,2514,2512,2,25,6,DT,6,Signed,Normal,67,0,5,ARI,tier_6,,-5.0,,
Malik,Meeks,Malik Meeks,MalikMeeks_3263335,2515,2513,3,25,63,MLB,6,Signed,Normal,63,1,0,ARI,tier_6,,1.0,,
Stan,Ross,Stan Ross,,2516,2514,0,22,5,QB,32,Draft,Normal,63,0,0,FA,tier_6,,,,
Zamarion,Johnson,Zamarion Johnson,ZamarionJohnson_35114,2517,2515,0,21,1,CB,6,Signed,Normal,77,3,0,ARI,tier_4,,3.0,,
Kevin,Beasley,Kevin Beasley,KevinBeasley_3567,2518,2516,0,22,6,WR,2,Signed,Normal,66,0,1,BUF,tier_6,,,,
Zach,Trent,Zach Trent,,2519,2517,0,24,8,CB,32,Draft,Normal,65,0,0,FA,tier_6,,,,
Caleb,Howard,Caleb Howard,,2520,2518,0,23,2,CB,32,Draft,Normal,69,0,0,FA,tier_6,,,,
Linkon,Cure,Linkon Cure,LinkonCure_227,2521,2519,7,28,2,TE,18,Signed,Star,76,1,1,DET,tier_4,0.0,,,
Cedrick,McKee,Cedrick McKee,,2522,2520,0,21,8,WR,32,Draft,Normal,65,0,0,FA,tier_6,,,,
Tory,Main,Tory Main,ToryMain_3063329,2523,2521,5,27,63,MLB,20,Signed,Normal,74,3,0,CAR,tier_5,,3.0,,
Reggie,Kilgore,Reggie Kilgore,ReggieKilgore_34424,2524,2522,1,23,4,LE,4,Signed,Normal,70,0,1,CLE,tier_5,,-1.0,,
Nate,Frazier,Nate Frazier,NateFrazier_34,2525,2523,7,30,3,HB,2,Signed,Normal,69,0,1,BUF,tier_6,,,,
Sharrif,Patton,Sharrif Patton,SharrifPatton_33332,2526,2524,2,23,3,FS,11,PracticeSquad,Normal,65,0,2,MIA,tier_6,,,,
Felix,Slaughter,Felix Slaughter,,2527,2525,0,23,8,RG,32,Draft,Normal,61,0,0,FA,tier_6,,,,
DJ,Asiasi,DJ Asiasi,DJAsiasi_2963388,2528,2526,7,29,63,FB,32,FreeAgent,Normal,69,0,0,FA,tier_6,,,,
Montra,Rivers,Montra Rivers,MontraRivers_3431,2529,2527,1,23,3,TE,28,Signed,Normal,73,1,0,PIT,tier_5,1.0,,,
Lamar,Pearson,Lamar Pearson,,2530,2528,0,22,8,CB,32,Draft,Normal,61,0,0,FA,tier_6,,,,
Monroe,Freeling,Monroe Freeling,MonroeFreeling_125,2531,2529,8,31,1,LT,7,Signed,Superstar,84,0,3,LAC,tier_3,,,,
Ryder,Lyons,Ryder Lyons,RyderLyons_29210,2532,2530,6,27,2,QB,25,Signed,Normal,66,0,0,WAS,tier_6,,,,
Aaron,Lawrence,Aaron Lawrence,AaronLawrence_3263338,2533,2531,3,26,63,RE,3,Signed,Star,89,1,0,DEN,tier_2,,1.0,,
Reggie,Munyer,Reggie Munyer,ReggieMunyer_31230,2534,2532,5,28,2,WR,32,FreeAgent,Normal,63,0,0,FA,tier_6,,,,
Jaylen,Gant,Jaylen Gant,JaylenGant_3363268,2535,2533,2,25,63,LE,17,PracticeSquad,Normal,66,0,2,NYJ,tier_6,,,,
Caden,McDowell Jr,Caden McDowell Jr,CadenMcDowell Jr_35124,2536,2534,0,23,1,DT,3,Signed,Normal,76,7,0,DEN,tier_4,,7.0,,
Scotty,Edwards,Scotty Edwards,ScottyEdwards_726,2537,2535,8,30,7,SS,22,Signed,Normal,69,0,3,LV,tier_6,,-3.0,,
Lloyd,Walden,Lloyd Walden,LloydWalden_32734,2538,2536,3,25,7,C,32,Deleted,Normal,60,0,0,FA,tier_6,,,,
Tavarres,Kazee,Tavarres Kazee,TavarresKazee_30526,2539,2537,5,28,5,HB,20,Signed,Normal,65,0,1,CAR,tier_6,,,,
Don,Jones,Don Jones,,2540,2538,0,23,8,P,32,Draft,Normal,67,0,0,FA,tier_6,,,,
Carl,Thompson,Carl Thompson,CarlThompson_32739,2541,2539,3,26,7,C,32,Deleted,Normal,57,0,0,FA,tier_6,,,,
Jarrid,McBride,Jarrid McBride,JarridMcBride_3263341,2542,2540,3,25,63,SS,25,Signed,Normal,69,0,2,WAS,tier_6,,-2.0,,
Jake,Brackett,Jake Brackett,JakeBrackett_3363306,2543,2541,2,24,63,K,14,PracticeSquad,Normal,68,0,0,SF,tier_6,,,,
Carmelo,Brooks,Carmelo Brooks,CarmeloBrooks_34717,2544,2542,1,23,7,LE,32,Deleted,Normal,60,0,0,FA,tier_6,,,,
Tre,Milner,Tre Milner,TreMilner_3463271,2545,2543,1,23,63,SS,20,PracticeSquad,Normal,64,0,2,CAR,tier_6,,,,
Desmond,Pearson,Desmond Pearson,,2546,2544,0,22,8,HB,32,Draft,Normal,62,0,0,FA,tier_6,,,,
Dontrell,Simmons,Dontrell Simmons,DontrellSimmons_31533,2547,2545,5,27,5,DT,32,FreeAgent,Normal,62,0,0,FA,tier_6,,,,
Will,Craig,Will Craig,,2548,2546,0,23,8,LOLB,32,Draft,Normal,59,0,0,FA,tier_6,,,,
Kevin,Carter,Kevin Carter,KevinCarter_3463287,2549,2547,1,23,63,RG,6,Signed,Normal,66,0,2,ARI,tier_6,,,,
Jabari,Beverly,Jabari Beverly,JabariBeverly_33537,2550,2548,2,23,5,TE,15,Signed,Normal,68,0,2,NYG,tier_6,,,,
Byron,Greenwood,Byron Greenwood,,2551,2549,0,22,8,CB,32,Draft,Normal,64,0,0,FA,tier_6,,,,
Jason,Young,Jason Young,JasonYoung_3263345,2552,2550,4,26,63,C,32,FreeAgent,Normal,62,0,0,FA,tier_6,,,,
Clyde,Slate,Clyde Slate,,2553,2551,0,23,4,LOLB,32,Draft,Normal,63,0,0,FA,tier_6,,,,
Antonio,Coleman,Antonio Coleman,AntonioColeman_29226,2554,2552,6,28,2,DT,13,Signed,Normal,68,0,2,ATL,tier_6,,,,
Karl,Reed,Karl Reed,,2555,2553,0,21,6,CB,32,Draft,Normal,67,0,0,FA,tier_6,,,,
Stephen,Clement,Stephen Clement,,2556,2554,0,21,1,CB,32,Draft,Superstar,75,0,0,FA,tier_4,,,,
David,Boykin,David Boykin,,2557,2555,0,21,4,MLB,32,Draft,Star,71,0,0,FA,tier_5,,,,
Trent,Griffey,Trent Griffey,TrentGriffey_34535,2558,2556,1,24,5,WR,31,Signed,Normal,65,0,2,HOU,tier_6,,,,
Na'eem,Lattimore,Na'eem Lattimore,Na'eemLattimore_3525,2559,2557,0,21,2,LE,17,Signed,Normal,73,0,3,NYJ,tier_5,,-3.0,,
Daniel,McPherson Jr,Daniel McPherson Jr,DanielMcPherson Jr_34436,2560,2558,1,24,4,ROLB,20,Signed,Normal,68,0,2,CAR,tier_6,,-2.0,,
Brian,Ford,Brian Ford,,2561,2559,0,22,8,RG,32,Draft,Normal,67,0,0,FA,tier_6,,,,
Max,Jupin,Max Jupin,MaxJupin_3563454,2562,2560,0,23,63,LG,7,PracticeSquad,Normal,62,0,1,LAC,tier_6,,,,
Derrick,Whitmore,Derrick Whitmore,,2563,2561,0,23,5,DT,32,Draft,Normal,61,0,0,FA,tier_6,,,,
Cody,Toon,Cody Toon,,2564,2562,0,23,1,LE,32,Draft,Superstar,75,0,0,FA,tier_4,,,,
Nathan,Richard,Nathan Richard,,2565,2563,0,22,8,LG,32,Draft,Normal,65,0,0,FA,tier_6,,,,
Monty,Hardy,Monty Hardy,MontyHardy_3263349,2566,2564,4,27,63,LG,32,FreeAgent,Normal,60,0,0,FA,tier_6,,,,
Tahj,Carmichael,Tahj Carmichael,TahjCarmichael_3545,2567,2565,0,23,4,CB,13,Signed,Normal,71,0,3,ATL,tier_5,,-3.0,,
De'zie,Russell,De'zie Russell,De'zieRussell_31226,2568,2566,4,27,2,CB,21,Signed,XFactor,92,0,3,NE,tier_1,,-3.0,,
Patrick,Dobbs,Patrick Dobbs,,2569,2567,0,24,8,RE,32,Draft,Star,57,0,0,FA,tier_6,,,,
Danny,Reed,Danny Reed,DannyReed_3263350,2570,2568,4,26,63,LG,32,FreeAgent,Normal,60,0,0,FA,tier_6,,,,
Bryce,Brockers,Bryce Brockers,,2571,2569,0,22,5,ROLB,32,Draft,Normal,64,0,0,FA,tier_6,,,,
Kaliq,Lockett,Kaliq Lockett,KaliqLockett_2916,2572,2570,6,28,1,WR,11,Signed,XFactor,86,0,4,MIA,tier_2,-4.0,,,
Conor,Anderson,Conor Anderson,,2573,2571,0,22,8,QB,32,Draft,Normal,56,0,0,FA,tier_6,,,,
Brady,Davidson,Brady Davidson,BradyDavidson_29638,2574,2572,6,29,6,QB,8,Signed,Normal,68,0,0,KC,tier_6,,,,
Tyion,Phillips,Tyion Phillips,TyionPhillips_33413,2575,2573,2,25,4,TE,21,Signed,Normal,66,0,2,NE,tier_6,,,,
Rashard,Pierce,Rashard Pierce,RashardPierce_3363295,2576,2574,2,25,63,HB,9,Signed,Normal,74,0,1,IND,tier_5,,,,
Lagonza,Hayward,Lagonza Hayward,LagonzaHayward_29430,2577,2575,6,28,4,SS,25,Signed,Star,82,0,3,WAS,tier_3,,-3.0,,
Bernard,Bacon,Bernard Bacon,BernardBacon_3363375,2578,2576,2,26,63,LT,15,PracticeSquad,Normal,62,0,2,NYG,tier_6,,,,
DeMarco,Ward Jr,DeMarco Ward Jr,DeMarcoWard Jr_31327,2579,2577,5,28,3,MLB,32,FreeAgent,Normal,62,0,0,FA,tier_6,,,,
Antonio,Shepard,Antonio Shepard,AntonioShepard_3363245,2580,2578,2,24,63,CB,8,Signed,Normal,65,0,1,KC,tier_6,,-1.0,,
Marcus,McGhee,Marcus McGhee,MarcusMcGhee_3163343,2581,2579,5,27,63,LG,32,FreeAgent,Normal,63,0,0,FA,tier_6,,,,
Camden,Drayton,Camden Drayton,CamdenDrayton_3263351,2582,2580,4,27,63,RG,32,FreeAgent,Normal,61,0,0,FA,tier_6,,,,
Isaiah,Bryson Sr,Isaiah Bryson Sr,IsaiahBryson Sr_3014,2583,2581,5,27,1,RE,7,Signed,Superstar,88,5,0,LAC,tier_2,,5.0,,
Alex,Peters,Alex Peters,AlexPeters_3434,2584,2582,1,23,3,CB,25,Signed,Normal,73,0,2,WAS,tier_5,,-2.0,,
DaShawn,Simmons,DaShawn Simmons,DaShawnSimmons_3572,2585,2583,0,23,7,DT,11,Signed,Normal,63,7,0,MIA,tier_6,,7.0,,
Kai,Searcy,Kai Searcy,KaiSearcy_31210,2586,2584,4,26,2,CB,10,Signed,Superstar,89,1,0,DAL,tier_2,,1.0,,
Devontae,Ferguson,Devontae Ferguson,DevontaeFerguson_33420,2587,2585,2,24,4,CB,6,Signed,Normal,74,1,0,ARI,tier_5,,1.0,,
Sam,Moran,Sam Moran,SamMoran_32730,2588,2586,4,27,7,LG,32,FreeAgent,Normal,62,0,0,FA,tier_6,,,,
DeVonta,Smith,DeVonta Smith,SmithDeVonta_21761,2589,2587,12,34,1,WR,32,Deleted,Star,76,0,0,FA,tier_4,,,,
Troy,McCutcheon,Troy McCutcheon,TroyMcCutcheon_3063307,2590,2588,5,27,63,HB,2,Signed,Normal,67,0,1,BUF,tier_6,,,,
Alejandro,Vallejo,Alejandro Vallejo,,2591,2589,0,22,6,DT,32,Draft,Normal,63,0,0,FA,tier_6,,,,
Kahlil,Haygood,Kahlil Haygood,KahlilHaygood_3563437,2592,2590,0,23,63,SS,12,PracticeSquad,Normal,63,0,1,PHI,tier_6,,,,
Tye,McCloud,Tye McCloud,TyeMcCloud_3117,2593,2591,4,25,1,LT,3,Signed,Normal,69,0,2,DEN,tier_6,,,,
Gatlin,Bair,Gatlin Bair,GatlinBair_322,2594,2592,8,29,3,WR,4,Signed,Star,72,1,0,CLE,tier_5,1.0,,,
Phillip,Anderson,Phillip Anderson,PhillipAnderson_3263354,2595,2593,4,27,63,LG,32,FreeAgent,Normal,61,0,0,FA,tier_6,,,,
Michael,Carroll,Michael Carroll,MichaelCarroll_2929,2596,2594,6,28,2,LG,16,Signed,Superstar,83,1,0,JAX,tier_3,,,1.0,
Madden,Faraimo,Madden Faraimo,MaddenFaraimo_435,2597,2595,7,28,4,MLB,31,Signed,Star,70,0,5,HOU,tier_5,,-5.0,,
Jared,Zirkel,Jared Zirkel,,2598,2596,10,32,63,K,32,Deleted,Normal,70,0,0,FA,tier_5,,,,
Zachary,Tobe,Zachary Tobe,ZacharyTobe_226,2599,2597,7,29,2,FS,3,Signed,XFactor,94,0,1,DEN,tier_1,,-1.0,,
Chester,Sheppard,Chester Sheppard,ChesterSheppard_3263355,2600,2598,4,26,63,LG,32,FreeAgent,Normal,60,0,0,FA,tier_6,,,,
Darrelle,Thompkins Jr,Darrelle Thompkins Jr,DarrelleThompkins Jr_35538,2601,2599,0,22,5,TE,27,Signed,Normal,64,0,1,SEA,tier_6,,,,
Josiah,Thompson,Josiah Thompson,JosiahThompson_24,2602,2600,9,32,2,RT,32,FreeAgent,Normal,68,0,0,FA,tier_6,,,,
Keith,Brown,Keith Brown,KeithBrown_63437,2603,2601,10,33,63,LOLB,18,Signed,Normal,69,0,2,DET,tier_6,,,,
Jose,Allen,Jose Allen,,2604,2602,0,22,1,CB,32,Draft,Star,76,0,0,FA,tier_4,,,,
Jonathon,Albury,Jonathon Albury,JonathonAlbury_33514,2605,2603,2,23,5,CB,11,Signed,Normal,68,0,2,MIA,tier_6,,,,
Jordan,Pearson,Jordan Pearson,JordanPearson_3563243,2606,2604,1,23,63,LE,32,FreeAgent,Normal,61,0,0,FA,tier_6,,,,
Nick,Gardner,Nick Gardner,NickGardner_35627,2607,2605,0,22,6,K,4,Signed,Normal,72,1,3,CLE,tier_5,,,,-2.0
Roquan,Smith,Roquan Smith,SmithRoquan_13082,2608,2606,12,33,1,MLB,32,Retired,Star,75,0,0,FA,tier_4,,,,
James,Fowler,James Fowler,,2609,2607,0,22,5,CB,32,Draft,Normal,65,0,0,FA,tier_6,,,,
Jake,Donnelly,Jake Donnelly,JakeDonnelly_31624,2610,2608,4,27,6,QB,23,Signed,Normal,64,0,0,LAR,tier_6,,,,
Dalton,Fowler,Dalton Fowler,DaltonFowler_3563436,2611,2609,0,22,63,RG,14,PracticeSquad,Normal,63,0,1,SF,tier_6,,,,
Kobie,Whitehead,Kobie Whitehead,KobieWhitehead_3056,2612,2610,6,28,5,DT,32,FreeAgent,Normal,66,0,0,FA,tier_6,,,,
Wade,Dalton,Wade Dalton,WadeDalton_3463278,2613,2611,1,24,63,QB,13,Signed,Normal,60,0,0,ATL,tier_6,,,,
Matthew,Cameron,Matthew Cameron,,2614,2612,0,23,8,QB,32,Draft,Star,60,0,0,FA,tier_6,,,,
Trey,Smith,Trey Smith,SmithTrey_21648,2615,2613,14,36,6,RG,9,Signed,Star,68,0,2,IND,tier_6,,,,
Stephen,Clemens,Stephen Clemens,,2616,2614,0,22,3,FS,32,Draft,Normal,65,0,0,FA,tier_6,,,,
Tyler,Smith,Tyler Smith,SmithTyler_22445,2617,2615,13,34,1,LG,4,Signed,Superstar,82,4,0,CLE,tier_3,,,4.0,
Terrance,Richardson,Terrance Richardson,TerranceRichardson_30738,2618,2616,6,29,7,DT,32,FreeAgent,Normal,65,0,0,FA,tier_6,,,,
Marquis,Pinckney,Marquis Pinckney,MarquisPinckney_3263358,2619,2617,4,26,63,LG,32,FreeAgent,Normal,62,0,0,FA,tier_6,,,,
Aaron,Holcomb,Aaron Holcomb,AaronHolcomb_3263359,2620,2618,4,26,63,LG,32,FreeAgent,Normal,60,0,0,FA,tier_6,,,,
Sheldon,Alridge,Sheldon Alridge,SheldonAlridge_33428,2621,2619,2,24,4,RE,23,PracticeSquad,Normal,67,0,2,LAR,tier_6,,,,
Riley,Sullivan,Riley Sullivan,,2622,2620,0,23,3,TE,32,Draft,Normal,71,0,0,FA,tier_5,,,,
Shonn,Sherrod,Shonn Sherrod,,2623,2621,0,23,8,DT,32,Draft,Normal,64,0,0,FA,tier_6,,,,
Jaxon,Smith-Njigba,Jaxon Smith-Njigba,SmithNjigbaJaxon_22694,2624,2622,12,33,1,WR,18,Signed,Superstar,84,2,0,DET,tier_3,2.0,,,
Justin,Warner,Justin Warner,JustinWarner_30718,2625,2623,6,29,7,WR,32,FreeAgent,Normal,64,0,0,FA,tier_6,,,,
Mike,Matlock,Mike Matlock,,2626,2624,0,23,5,MLB,32,Draft,Normal,64,0,0,FA,tier_6,,,,
Shaquille,Humphries,Shaquille Humphries,ShaquilleHumphries_35618,2627,2625,0,22,6,HB,30,Signed,Normal,66,0,1,MIN,tier_6,,,,
Jason,Childress,Jason Childress,JasonChildress_33333,2628,2626,2,24,3,FS,21,PracticeSquad,Normal,64,0,2,NE,tier_6,,,,
Pete,Main,Pete Main,PeteMain_3275,2629,2627,3,25,7,LG,2,Signed,Normal,66,0,2,BUF,tier_6,,,,
Levi,Williamson,Levi Williamson,LeviWilliamson_3272,2630,2628,3,25,7,RG,2,Signed,Normal,67,0,2,BUF,tier_6,,,,
CJ,Nickson,CJ Nickson,CJNickson_34,2631,2629,6,28,3,RE,30,Signed,Star,76,0,4,MIN,tier_4,,-4.0,,
Justin,McLean,Justin McLean,,2632,2630,0,23,3,LG,32,Draft,Star,74,0,0,FA,tier_5,,,,
Tavarius,DeBose,Tavarius DeBose,TavariusDeBose_3363237,2633,2631,2,25,63,CB,10,PracticeSquad,Normal,64,0,2,DAL,tier_6,,,,
Ty,Rutherford,Ty Rutherford,TyRutherford_30222,2634,2632,5,27,2,CB,22,Signed,Normal,66,0,0,LV,tier_6,,0.0,,
Will,Ferrin,Will Ferrin,WillFerrin_63257,2635,2633,9,31,63,K,6,Signed,Normal,80,1,3,ARI,tier_3,,,,-2.0
Owen,McLane,Owen McLane,OwenMcLane_32638,2636,2634,3,26,6,RG,10,Signed,Normal,64,1,0,DAL,tier_6,,,1.0,
Justin,Traynor,Justin Traynor,JustinTraynor_35219,2637,2635,0,21,2,C,5,Signed,Normal,76,0,1,TB,tier_4,,,-1.0,
Tyler,Northcutt Jr,Tyler Northcutt Jr,TylerNorthcutt Jr_31419,2638,2636,4,25,4,CB,22,Signed,Normal,75,0,1,LV,tier_4,,-1.0,,
Marlon,Russell,Marlon Russell,MarlonRussell_32636,2639,2637,3,25,6,RG,12,Signed,Normal,72,0,3,PHI,tier_5,,,-3.0,
Keegan,Routt,Keegan Routt,,2640,2638,0,22,8,CB,32,Draft,Normal,61,0,0,FA,tier_6,,,,
Chris,Matthews,Chris Matthews,,2641,2639,0,22,8,DT,32,Draft,Normal,56,0,0,FA,tier_6,,,,
Emmett,Tapp,Emmett Tapp,,2642,2640,0,23,8,LOLB,32,Draft,Normal,53,0,0,FA,tier_6,,,,
Jaleel,Ford,Jaleel Ford,JaleelFord_32632,2643,2641,3,25,6,RG,32,Deleted,Normal,60,0,0,FA,tier_6,,,,
Al,Russell,Al Russell,AlRussell_31626,2644,2642,4,27,6,C,22,Signed,Normal,65,0,2,LV,tier_6,,,,
Darryl,Dunbar,Darryl Dunbar,,2645,2643,0,23,1,RE,32,Draft,Superstar,75,0,0,FA,tier_4,,,,
Bashaud,Elston,Bashaud Elston,BashaudElston_30219,2646,2644,5,27,2,CB,4,Signed,Normal,75,0,2,CLE,tier_4,,,,
Keenan,Fitzsimmons,Keenan Fitzsimmons,,2647,2645,0,23,8,DT,32,Draft,Normal,61,0,0,FA,tier_6,,,,
David,Carroll,David Carroll,DavidCarroll_33635,2648,2646,2,23,6,RT,0,Signed,Normal,68,0,2,CHI,tier_6,,,,
CJ,Cole,CJ Cole,CJCole_31710,2649,2647,5,28,7,P,32,FreeAgent,Normal,65,0,0,FA,tier_6,,,,
Ahmad,Ezeani,Ahmad Ezeani,AhmadEzeani_35121,2650,2648,0,21,1,LT,0,Signed,Star,74,13,0,CHI,tier_5,,,13.0,
Nathan,Anderson,Nathan Anderson,NathanAnderson_31410,2651,2649,4,26,4,LT,17,Signed,Normal,69,0,2,NYJ,tier_6,,,,
Delvin,Driver,Delvin Driver,DelvinDriver_33623,2652,2650,2,25,6,LE,12,PracticeSquad,Normal,63,0,2,PHI,tier_6,,,,
Clyde,Anderson,Clyde Anderson,ClydeAnderson_3263367,2653,2651,4,26,63,RG,32,FreeAgent,Normal,62,0,0,FA,tier_6,,,,
Amon-Ra,St. Brown,Amon-Ra St. Brown,StBrownAmonRa_21606,2654,2652,13,34,4,WR,32,Retired,Star,81,0,0,FA,tier_3,,,,
Carlos,Stanley,Carlos Stanley,CarlosStanley_32731,2655,2653,3,26,7,RG,32,Deleted,Normal,60,0,0,FA,tier_6,,,,
Silas,Hampton,Silas Hampton,SilasHampton_35110,2656,2654,0,22,1,ROLB,20,Signed,Normal,74,4,0,CAR,tier_5,,4.0,,
Peter,Fowler,Peter Fowler,,2657,2655,0,23,8,HB,32,Draft,Normal,59,0,0,FA,tier_6,,,,
J.R.,Benson,J.R. Benson,,2658,2656,0,22,8,ROLB,32,Draft,Normal,52,0,0,FA,tier_6,,,,
Andrel'e,Garrison,Andrel'e Garrison,Andrel'eGarrison_3025,2659,2657,6,28,2,SS,32,FreeAgent,Normal,66,0,0,FA,tier_6,,,,
Jalen,Downs,Jalen Downs,JalenDowns_3273,2660,2658,3,25,7,LE,30,PracticeSquad,Normal,61,0,2,MIN,tier_6,,,,
Ty,Cumberland,Ty Cumberland,TyCumberland_3363355,2661,2659,2,23,63,ROLB,29,Signed,Normal,67,0,2,TEN,tier_6,,-2.0,,
Kevin,Caldwell,Kevin Caldwell,,2662,2660,0,23,8,DT,32,Draft,Normal,54,0,0,FA,tier_6,,,,
Alani,Odom,Alani Odom,AlaniOdom_3379,2663,2661,2,25,7,LT,32,Deleted,Normal,59,0,0,FA,tier_6,,,,
Garret,Sherman,Garret Sherman,GarretSherman_35539,2664,2662,0,23,5,FB,19,Signed,Normal,76,0,0,GB,tier_4,,,,
Brian,Glenn,Brian Glenn,,2665,2663,0,22,8,RT,32,Draft,Normal,65,0,0,FA,tier_6,,,,
Ayden,Cordle,Ayden Cordle,AydenCordle_3263372,2666,2664,3,26,63,LOLB,20,Signed,Normal,60,0,2,CAR,tier_6,,,,
Chez,Shepherd,Chez Shepherd,ChezShepherd_34318,2667,2665,1,23,3,LOLB,23,Signed,Star,75,0,2,LAR,tier_4,,,,
Glenn,Lawrence,Glenn Lawrence,,2668,2666,0,21,2,SS,32,Draft,Star,74,0,0,FA,tier_5,,,,
Jack,Hollifield,Jack Hollifield,JackHollifield_31,2669,2667,9,31,3,C,25,Signed,Normal,70,0,6,WAS,tier_5,,,-6.0,
Javier,Tuck,Javier Tuck,JavierTuck_3263373,2670,2668,4,26,63,ROLB,32,FreeAgent,Normal,58,0,0,FA,tier_6,,,,
Trae,Drayton,Trae Drayton,TraeDrayton_34640,2671,2669,1,23,6,QB,12,Signed,Normal,62,0,0,PHI,tier_6,,,,
Matthew,Simpson,Matthew Simpson,MatthewSimpson_3218,2672,2670,3,25,1,DT,17,Signed,Normal,76,0,6,NYJ,tier_4,,-6.0,,
Travis,Richardson,Travis Richardson,TravisRichardson_31337,2673,2671,4,26,3,RE,10,Signed,Superstar,87,0,4,DAL,tier_2,,-4.0,,
Jason,Hunter,Jason Hunter,JasonHunter_3423,2674,2672,1,22,2,RE,17,Signed,Normal,72,0,5,NYJ,tier_5,,-5.0,,
Justin,Hasenhuetl,Justin Hasenhuetl,JustinHasenhuetl_424,2675,2673,6,30,4,RG,19,Signed,Normal,77,2,0,GB,tier_4,,,2.0,
Jerrick,Gibson,Jerrick Gibson,JerrickGibson_213,2676,2674,8,30,2,HB,20,Signed,Normal,71,0,1,CAR,tier_5,-1.0,,,
Mykel,McCollum,Mykel McCollum,MykelMcCollum_3137,2677,2675,4,26,3,WR,21,Signed,Normal,69,0,2,NE,tier_6,,,,
Dean,Kramer,Dean Kramer,,2678,2676,0,23,1,RE,32,Draft,Normal,71,0,0,FA,tier_5,,,,
Colton,Floyd,Colton Floyd,,2679,2677,0,22,7,QB,32,Draft,Normal,65,0,0,FA,tier_6,,,,
Allen,Lawton,Allen Lawton,AllenLawton_3553,2680,2678,0,22,5,TE,25,Signed,Normal,67,0,1,WAS,tier_6,,,,
Russ,McCloud,Russ McCloud,RussMcCloud_34123,2681,2679,1,24,1,DT,28,Signed,Normal,73,0,1,PIT,tier_5,,-1.0,,
Terrence,Rodriguez,Terrence Rodriguez,TerrenceRodriguez_3363435,2682,2680,2,25,63,WR,23,Signed,Normal,64,0,2,LAR,tier_6,,,,
Darren,Freeman,Darren Freeman,DarrenFreeman_33432,2683,2681,2,24,4,HB,12,Signed,Normal,74,0,5,PHI,tier_5,-5.0,,,
J'juan,Pope,J'juan Pope,J'juanPope_35531,2684,2682,0,23,5,HB,7,Signed,Normal,71,0,1,LAC,tier_5,,,,
Jalen,Selvie,Jalen Selvie,JalenSelvie_32617,2685,2683,4,27,6,LOLB,32,FreeAgent,Normal,63,0,0,FA,tier_6,,,,
Benjamin,Meander-Camp,Benjamin Meander-Camp,BenjaminMeander-Camp_3425,2686,2684,1,23,2,C,18,Signed,Star,82,1,0,DET,tier_3,,,1.0,
Matt,Harper,Matt Harper,,2687,2685,0,22,4,LG,32,Draft,Star,73,0,0,FA,tier_5,,,,
Jalen,Pitts,Jalen Pitts,,2688,2686,0,23,8,HB,32,Draft,Normal,60,0,0,FA,tier_6,,,,
Tayven,Bryant,Tayven Bryant,TayvenBryant_35514,2689,2687,0,22,5,DT,31,Signed,Normal,66,0,1,HOU,tier_6,,,,
Greg,Denney,Greg Denney,GregDenney_3063325,2690,2688,5,27,63,MLB,21,Signed,Normal,74,0,0,NE,tier_5,,0.0,,
Raphael,Odom,Raphael Odom,RaphaelOdom_31733,2691,2689,5,27,7,TE,32,FreeAgent,Normal,64,0,0,FA,tier_6,,,,
Zach,Stern,Zach Stern,ZachStern_32736,2692,2690,3,25,7,ROLB,11,PracticeSquad,Normal,62,0,2,MIA,tier_6,,,,
Shane,Freeman,Shane Freeman,ShaneFreeman_34316,2693,2691,1,23,3,RT,7,Signed,Normal,72,3,0,LAC,tier_5,,,3.0,
Bryce,Peterson,Bryce Peterson,,2694,2692,0,23,8,LT,32,Draft,Normal,61,0,0,FA,tier_6,,,,
Connor,Phillips,Connor Phillips,ConnorPhillips_35222,2695,2693,0,21,2,SS,23,Signed,Normal,72,0,1,LAR,tier_5,,-1.0,,
Chris,Bird,Chris Bird,ChrisBird_3263378,2696,2694,4,26,63,ROLB,32,FreeAgent,Normal,58,0,0,FA,tier_6,,,,
Calvin,Taylor Jr,Calvin Taylor Jr,CalvinTaylor Jr_3429,2697,2695,1,24,2,SS,9,Signed,Normal,74,10,0,IND,tier_5,,10.0,,
Darin,Holmes,Darin Holmes,DarinHolmes_3363260,2698,2696,2,26,63,LE,20,Signed,Normal,68,0,5,CAR,tier_6,,-5.0,,
Amir,Elliott,Amir Elliott,AmirElliott_3363321,2699,2697,2,24,63,C,26,Signed,Normal,63,0,2,NO,tier_6,,,,
Jack,Lange,Jack Lange,JackLange_228,2700,2698,6,28,2,RT,2,Signed,Superstar,88,0,3,BUF,tier_2,,,,
Saboor,Karriem,Saboor Karriem,,2701,2699,8,30,1,FS,24,Signed,Star,67,0,2,BAL,tier_6,,,,
Deveon,Weston,Deveon Weston,DeveonWeston_3363414,2702,2700,2,24,63,CB,2,PracticeSquad,Normal,65,0,2,BUF,tier_6,,,,
C.J.,Stroud,C.J. Stroud,StroudCJ_22688,2703,2701,12,33,1,QB,24,Signed,Normal,75,0,0,BAL,tier_4,,,,
B.J.,McCoy,B.J. McCoy,,2704,2702,0,23,8,LT,32,Draft,Normal,60,0,0,FA,tier_6,,,,
Bradley,Bowe,Bradley Bowe,,2705,2703,0,23,8,LOLB,32,Draft,Normal,55,0,0,FA,tier_6,,,,
Luke,Rogers,Luke Rogers,LukeRogers_58,2706,2704,8,31,5,C,32,FreeAgent,Normal,62,0,0,FA,tier_6,,,,
Marques,Hannah,Marques Hannah,MarquesHannah_31416,2707,2705,5,27,4,ROLB,32,FreeAgent,Normal,63,0,0,FA,tier_6,,,,
Mo,Benton,Mo Benton,MoBenton_35230,2708,2706,0,22,2,DT,22,Signed,Star,76,2,0,LV,tier_4,,2.0,,
Shine,Exum,Shine Exum,ShineExum_30218,2709,2707,5,27,2,WR,20,Signed,Star,73,4,0,CAR,tier_5,4.0,,,
Lyle,Page,Lyle Page,LylePage_3463289,2710,2708,1,22,63,HB,11,Signed,Normal,61,0,1,MIA,tier_6,,,,
Will,Lofton,Will Lofton,WillLofton_31423,2711,2709,4,26,4,QB,22,Signed,Normal,65,0,0,LV,tier_6,,,,
Keelan,Clayton,Keelan Clayton,KeelanClayton_32625,2712,2710,3,26,6,ROLB,32,Retired,Normal,55,0,0,FA,tier_6,,,,
Darius,Hodges,Darius Hodges,,2713,2711,0,22,8,LE,32,Draft,Normal,55,0,0,FA,tier_6,,,,
Jarrad,Banyard,Jarrad Banyard,JarradBanyard_35332,2714,2712,0,22,3,TE,26,Signed,Normal,68,0,1,NO,tier_6,,,,
Mason,Shipley,Mason Shipley,MasonShipley_63339,2715,2713,9,32,63,K,13,Signed,Star,76,1,0,ATL,tier_4,,,,1.0
Moses,Walker,Moses Walker,MosesWalker_111,2716,2714,8,30,1,MLB,10,Signed,Star,81,3,0,DAL,tier_3,,3.0,,
Lonnie,Bulluck,Lonnie Bulluck,LonnieBulluck_32623,2717,2715,3,25,6,LT,9,Signed,Normal,69,0,2,IND,tier_6,,,,
Ben,Brackett,Ben Brackett,BenBrackett_30419,2718,2716,6,28,4,HB,32,FreeAgent,Normal,59,0,0,FA,tier_6,,,,
Jayvon,Arnaud,Jayvon Arnaud,,2719,2717,0,22,5,DT,32,Draft,Star,73,0,0,FA,tier_5,,,,
Dee,Barker,Dee Barker,DeeBarker_3363298,2720,2718,2,25,63,HB,0,Signed,Normal,77,0,1,CHI,tier_4,,,,
Zakye,Seymore,Zakye Seymore,ZakyeSeymore_35622,2721,2719,0,23,6,DT,3,Signed,Normal,66,0,1,DEN,tier_6,,,,
Ichmael,Joseph,Ichmael Joseph,,2722,2720,9,32,63,FS,32,Deleted,Normal,70,0,0,FA,tier_5,,,,
Matthew,Yarborough,Matthew Yarborough,MatthewYarborough_33435,2723,2721,2,23,4,FS,4,Signed,Normal,67,0,3,CLE,tier_6,,-3.0,,
Darryl,Craig,Darryl Craig,,2724,2722,0,23,8,ROLB,32,Draft,Normal,56,0,0,FA,tier_6,,,,
Brandon,Best,Brandon Best,BrandonBest_3552,2725,2723,0,22,5,LOLB,28,Signed,Normal,65,2,0,PIT,tier_6,,2.0,,
Benjamin,Bryant,Benjamin Bryant,BenjaminBryant_30124,2726,2724,5,26,1,DT,1,Signed,Normal,71,6,0,CIN,tier_5,,6.0,,
Tedric,Babalade,Tedric Babalade,TedricBabalade_35537,2727,2725,0,22,5,WR,5,Signed,Normal,71,0,1,TB,tier_5,,,,
DeAngelo,McKee,DeAngelo McKee,DeAngeloMcKee_3021,2728,2726,5,26,2,WR,20,Signed,Normal,73,1,0,CAR,tier_5,1.0,,,
Troy,Bowles,Troy Bowles,TroyBowles_63350,2729,2727,8,31,63,MLB,32,FreeAgent,Normal,65,0,0,FA,tier_6,,,,
Quincy,Thurman,Quincy Thurman,QuincyThurman_30537,2730,2728,5,29,5,LOLB,21,Signed,Star,78,4,0,NE,tier_4,,4.0,,
Benji,Haskins,Benji Haskins,,2731,2729,0,22,6,CB,32,Draft,Star,69,0,0,FA,tier_6,,,,
Rhett,Drew,Rhett Drew,,2732,2730,0,22,3,MLB,32,Draft,Normal,69,0,0,FA,tier_6,,,,
Matt,Gentry,Matt Gentry,MattGentry_30220,2733,2731,5,26,2,RE,6,Signed,Star,74,1,0,ARI,tier_5,,1.0,,
Christian,Gray,Christian Gray,ChristianGray_317,2734,2732,8,30,3,CB,16,Signed,Star,80,0,1,JAX,tier_3,,-1.0,,
Marcell,Coleman,Marcell Coleman,MarcellColeman_3068,2735,2733,5,28,6,RT,9,Signed,Normal,71,0,1,IND,tier_5,,,-1.0,
Maclin,Newman,Maclin Newman,MaclinNewman_3063276,2736,2734,5,27,63,ROLB,27,Signed,Star,80,0,5,SEA,tier_3,,-5.0,,
Duane,Haskins Jr,Duane Haskins Jr,DuaneHaskins Jr_35534,2737,2735,0,22,5,DT,16,Signed,Normal,67,0,1,JAX,tier_6,,,,
Caleb,Bates,Caleb Bates,CalebBates_35321,2738,2736,0,22,3,HB,0,Signed,Normal,73,0,0,CHI,tier_5,0.0,,,
Jace,Whittaker,Jace Whittaker,JaceWhittaker_34320,2739,2737,1,22,3,TE,12,Signed,Normal,69,1,1,PHI,tier_6,0.0,,,
Myles,Ross,Myles Ross,MylesRoss_3539,2740,2738,0,21,3,DT,23,Signed,Normal,72,0,2,LAR,tier_5,,-2.0,,
Cameren,Jenkins,Cameren Jenkins,CamerenJenkins_35523,2741,2739,0,22,5,DT,23,Signed,Normal,65,0,2,LAR,tier_6,,-2.0,,
David,Porter,David Porter,DavidPorter_31232,2742,2740,4,26,2,C,22,Signed,Normal,68,0,2,LV,tier_6,,,,
Angelo,Valentine,Angelo Valentine,AngeloValentine_31415,2743,2741,4,26,4,TE,30,Signed,Normal,63,0,2,MIN,tier_6,,,,
Alex,Lowry,Alex Lowry,AlexLowry_3163370,2744,2742,4,26,63,ROLB,32,Deleted,Normal,56,0,0,FA,tier_6,,,,
Derron,Shepherd,Derron Shepherd,DerronShepherd_34720,2745,2743,1,25,7,CB,30,Signed,Normal,67,0,2,MIN,tier_6,,,,
Damien,Gilchrist,Damien Gilchrist,DamienGilchrist_3263386,2746,2744,4,27,63,WR,32,FreeAgent,Normal,64,0,0,FA,tier_6,,,,
Chris,Hendricks,Chris Hendricks,ChrisHendricks_32639,2747,2745,4,26,6,LOLB,32,FreeAgent,Normal,58,0,0,FA,tier_6,,,,
Ashton,Stuckey,Ashton Stuckey,AshtonStuckey_32629,2748,2746,3,26,6,RT,29,Signed,Normal,66,4,0,TEN,tier_6,,,4.0,
Jordan,McCain,Jordan McCain,JordanMcCain_34313,2749,2747,1,24,3,LG,7,Signed,Normal,76,2,0,LAC,tier_4,,,2.0,
Giovanni,Agnew,Giovanni Agnew,,2750,2748,0,21,8,MLB,32,Draft,Normal,57,0,0,FA,tier_6,,,,
Wayne,Middleton,Wayne Middleton,,2751,2749,0,23,8,RT,32,Draft,Normal,57,0,0,FA,tier_6,,,,
Emmett,Bullard,Emmett Bullard,EmmettBullard_35540,2752,2750,0,22,5,CB,23,Signed,Normal,66,0,1,LAR,tier_6,,-1.0,,
Immanuel,Watts,Immanuel Watts,,2753,2751,0,22,8,HB,32,Draft,Normal,59,0,0,FA,tier_6,,,,
Cha'ce,McKnight,Cha'ce McKnight,Cha'ceMcKnight_3213,2754,2752,3,24,1,WR,30,Signed,Superstar,90,0,2,MIN,tier_1,-2.0,,,
Melvin,Spellman,Melvin Spellman,,2755,2753,0,22,7,WR,32,Draft,Normal,62,0,0,FA,tier_6,,,,
Hunter,Nagel,Hunter Nagel,HunterNagel_3263391,2756,2754,3,25,63,LT,4,Signed,Normal,79,6,0,CLE,tier_4,,,6.0,
Josh,Foulds,Josh Foulds,,2757,2755,0,23,7,QB,32,Draft,Normal,66,0,0,FA,tier_6,,,,
Dave,Hammond,Dave Hammond,DaveHammond_3563305,2758,2756,1,23,63,DT,32,FreeAgent,Normal,61,0,0,FA,tier_6,,,,
Markus,Hardwick,Markus Hardwick,MarkusHardwick_35443,2759,2757,0,22,4,SS,1,Signed,Normal,74,2,0,CIN,tier_5,,2.0,,
Ellis,Robinson IV,Ellis Robinson IV,EllisRobinson IV_17,2760,2758,8,29,1,CB,4,Signed,XFactor,90,4,0,CLE,tier_1,,4.0,,
Sean,Scott,Sean Scott,,2761,2759,0,23,8,MLB,32,Draft,Normal,59,0,0,FA,tier_6,,,,
Chris,Priester,Chris Priester,ChrisPriester_3263394,2762,2760,4,27,63,FS,32,FreeAgent,Normal,63,0,0,FA,tier_6,,,,
Sebastian,Cameron,Sebastian Cameron,,2763,2761,0,23,8,C,32,Draft,Normal,58,0,0,FA,tier_6,,,,
Armon,McQueen,Armon McQueen,ArmonMcQueen_3263395,2764,2762,4,26,63,LT,32,FreeAgent,Normal,65,0,0,FA,tier_6,,,,
Brett,McDaniel,Brett McDaniel,BrettMcDaniel_35713,2765,2763,0,22,7,RG,27,Signed,Normal,63,4,0,SEA,tier_6,,,4.0,
Daniel,Fowler,Daniel Fowler,,2766,2764,0,21,4,DT,32,Draft,Normal,66,0,0,FA,tier_6,,,,
Braylen,Scott,Braylen Scott,BraylenScott_3123,2767,2765,5,27,2,WR,32,FreeAgent,Normal,64,0,0,FA,tier_6,,,,
Tyrone,Ferrell Jr,Tyrone Ferrell Jr,TyroneFerrell Jr_34315,2768,2766,1,22,3,RT,2,Signed,Normal,70,0,1,BUF,tier_5,,,-1.0,
Chauncey,Girault,Chauncey Girault,,2769,2767,0,21,1,LE,32,Draft,Star,72,0,0,FA,tier_5,,,,
Andrew,Thomas,Andrew Thomas,ThomasAndrew_20964,2770,2768,15,36,1,LT,28,Signed,Star,80,5,0,PIT,tier_3,,,5.0,
Jalen,Bigsby,Jalen Bigsby,JalenBigsby_3263398,2771,2769,3,25,63,RT,32,Deleted,Normal,58,0,0,FA,tier_6,,,,
Dierre,Hill,Dierre Hill,DierreHill_29312,2772,2770,7,30,3,HB,32,FreeAgent,Normal,64,0,0,FA,tier_6,,,,
Ronald,Wilbon,Ronald Wilbon,,2773,2771,0,23,8,LE,32,Draft,Normal,59,0,0,FA,tier_6,,,,
Harold,Sheffield,Harold Sheffield,HaroldSheffield_3263399,2774,2772,4,26,63,MLB,32,FreeAgent,Normal,64,0,0,FA,tier_6,,,,
Darren,Smallwood,Darren Smallwood,DarrenSmallwood_3263400,2775,2773,3,25,63,CB,11,Signed,Normal,65,1,0,MIA,tier_6,,1.0,,
Harrison,Lashley,Harrison Lashley,HarrisonLashley_35511,2776,2774,0,22,5,RE,26,Signed,Normal,69,1,0,NO,tier_6,,1.0,,
James,Jones,James Jones,JamesJones_3563430,2777,2775,0,24,63,DT,9,PracticeSquad,Normal,61,0,1,IND,tier_6,,,,
John,Ellerbe,John Ellerbe,,2778,2776,0,21,2,HB,32,Draft,Star,72,0,0,FA,tier_5,,,,
Tyler,Greene,Tyler Greene,,2779,2777,0,23,2,LE,32,Draft,Star,74,0,0,FA,tier_5,,,,
Brooks,Franklin,Brooks Franklin,BrooksFranklin_3263403,2780,2778,4,26,63,LOLB,32,FreeAgent,Normal,58,0,0,FA,tier_6,,,,
Shaquille,Edmonds,Shaquille Edmonds,ShaquilleEdmonds_34333,2781,2779,1,24,3,WR,23,Signed,Normal,69,0,2,LAR,tier_6,,,,
Brady,Shirley,Brady Shirley,BradyShirley_33414,2782,2780,2,24,4,LG,17,Signed,Normal,67,0,2,NYJ,tier_6,,,,
Sterling,Barlow,Sterling Barlow,SterlingBarlow_3263404,2783,2781,4,26,63,RT,32,FreeAgent,Normal,61,0,0,FA,tier_6,,,,
Clayton,Phillips,Clayton Phillips,ClaytonPhillips_3263405,2784,2782,4,26,63,SS,32,FreeAgent,Normal,66,0,0,FA,tier_6,,,,
Travis,Smith Jr,Travis Smith Jr,TravisSmith Jr_29432,2785,2783,7,28,4,WR,32,FreeAgent,Normal,65,0,0,FA,tier_6,,,,
Tommy,Haynes,Tommy Haynes,TommyHaynes_33726,2786,2784,2,25,7,WR,14,Signed,Normal,65,0,2,SF,tier_6,-2.0,,,
Phillip,Sutton,Phillip Sutton,PhillipSutton_3463229,2787,2785,1,23,63,RE,1,PracticeSquad,Normal,63,0,2,CIN,tier_6,,,,
Isaac,Smith,Isaac Smith,IsaacSmith_427,2788,2786,7,29,4,SS,21,Signed,Star,75,7,0,NE,tier_4,,7.0,,
Akeem,Queen,Akeem Queen,AkeemQueen_3263406,2789,2787,3,25,63,RT,32,Deleted,Normal,60,0,0,FA,tier_6,,,,
Kyngstonn,Viliamu-Asa,Kyngstonn Viliamu-Asa,KyngstonnViliamu-Asa_329,2790,2788,9,30,3,ROLB,32,FreeAgent,Normal,61,0,0,FA,tier_6,,,,
Donte,Hamilton,Donte Hamilton,DonteHamilton_34722,2791,2789,1,24,7,WR,31,PracticeSquad,Normal,66,0,2,HOU,tier_6,,,,
Peter,Jordan,Peter Jordan,PeterJordan_3263407,2792,2790,4,27,63,RT,32,FreeAgent,Normal,62,0,0,FA,tier_6,,,,
Latrell,McNeil,Latrell McNeil,LatrellMcNeil_34325,2793,2791,1,22,3,DT,24,Signed,Normal,70,0,2,BAL,tier_5,,-2.0,,
Terrell,Hammond,Terrell Hammond,TerrellHammond_3263409,2794,2792,3,25,63,RT,32,Deleted,Normal,60,0,0,FA,tier_6,,,,
Dalvin,Sheffield,Dalvin Sheffield,DalvinSheffield_3263410,2795,2793,4,27,63,FS,32,FreeAgent,Normal,62,0,0,FA,tier_6,,,,
Marquis,Bernard,Marquis Bernard,MarquisBernard_34314,2796,2794,1,21,3,CB,22,Signed,Normal,72,0,1,LV,tier_5,,-1.0,,
David,Jordan,David Jordan,DavidJordan_3263411,2797,2795,4,26,63,P,32,FreeAgent,Normal,68,0,0,FA,tier_6,,,,
Joshua,Peterson,Joshua Peterson,JoshuaPeterson_3169,2798,2796,5,27,6,CB,32,FreeAgent,Normal,66,0,0,FA,tier_6,,,,
JaMichael,Biggers,JaMichael Biggers,,2799,2797,0,24,6,WR,32,Draft,Star,65,0,0,FA,tier_6,,,,
Shareef,Smith,Shareef Smith,,2800,2798,0,23,8,LE,32,Draft,Normal,60,0,0,FA,tier_6,,,,
Douglas,Utu,Douglas Utu,DouglasUtu_26,2801,2799,6,29,2,C,28,Signed,Star,82,0,3,PIT,tier_3,,,,
Anthony,Harris,Anthony Harris,AnthonyHarris_3263412,2802,2800,3,25,63,P,23,Signed,Normal,83,2,1,LAR,tier_3,,,,1.0
Mike,Milner,Mike Milner,MikeMilner_31317,2803,2801,5,26,3,RG,32,FreeAgent,Normal,63,0,0,FA,tier_6,,,,
Olsen,Maddox,Olsen Maddox,OlsenMaddox_31526,2804,2802,5,27,5,MLB,32,FreeAgent,Normal,61,0,0,FA,tier_6,,,,
Daniel,Dillard,Daniel Dillard,DanielDillard_3563297,2805,2803,0,23,63,DT,27,PracticeSquad,Normal,63,0,1,SEA,tier_6,,,,
Eugene,Brooks,Eugene Brooks,EugeneBrooks_431,2806,2804,8,31,4,RG,32,FreeAgent,Normal,63,0,0,FA,tier_6,,,,
Ezra,Feldman,Ezra Feldman,EzraFeldman_32741,2807,2805,3,26,7,P,22,Signed,Normal,75,1,1,LV,tier_4,,,,0.0
Nasir,Johnson,Nasir Johnson,NasirJohnson_127,2808,2806,7,29,1,DT,19,Signed,Star,73,0,5,GB,tier_5,,-5.0,,
Jordin,Thomas,Jordin Thomas,JordinThomas_2956,2809,2807,6,29,5,HB,14,Signed,Star,69,6,0,SF,tier_6,6.0,,,
Gavin,Burke,Gavin Burke,,2810,2808,0,23,8,QB,32,Draft,Star,52,0,0,FA,tier_6,,,,
Anthony,Whittaker,Anthony Whittaker,AnthonyWhittaker_3263414,2811,2809,4,26,63,P,32,FreeAgent,Normal,66,0,0,FA,tier_6,,,,
Ian,Schwartz,Ian Schwartz,IanSchwartz_3263415,2812,2810,3,27,63,P,2,Signed,Normal,70,0,1,BUF,tier_5,,,,-1.0
Sean,Church,Sean Church,,2813,2811,0,22,7,LT,32,Draft,Normal,66,0,0,FA,tier_6,,,,
Brendan,Foster,Brendan Foster,,2814,2812,0,23,8,K,32,Draft,Normal,65,0,0,FA,tier_6,,,,
D'Angelo,Saxton,D'Angelo Saxton,D'AngeloSaxton_3263417,2815,2813,4,26,63,FS,32,FreeAgent,Normal,62,0,0,FA,tier_6,,,,
Omarion,Hampton,Omarion Hampton,OmarionHampton_510,2816,2814,10,33,5,HB,32,FreeAgent,Normal,60,0,0,FA,tier_6,,,,
Marlon,Bowden,Marlon Bowden,,2817,2815,0,22,3,DT,32,Draft,Normal,71,0,0,FA,tier_5,,,,
Keegan,Ross,Keegan Ross,KeeganRoss_3263418,2818,2816,4,27,63,FS,32,FreeAgent,Normal,63,0,0,FA,tier_6,,,,
DeMarcus,Orchard,DeMarcus Orchard,DeMarcusOrchard_3263419,2819,2817,4,27,63,FS,32,FreeAgent,Normal,61,0,0,FA,tier_6,,,,
Zach,Tom,Zach Tom,TomZach_22434,2820,2818,13,36,4,C,32,Deleted,Normal,64,0,0,FA,tier_6,,,,
Deon,Davenport,Deon Davenport,DeonDavenport_3315,2821,2819,2,23,1,CB,16,Signed,XFactor,99,0,5,JAX,tier_0,,-5.0,,
Kevin,Hill,Kevin Hill,,2822,2820,0,24,7,C,32,Draft,Normal,66,0,0,FA,tier_6,,,,
Brandon,Greenard Sr,Brandon Greenard Sr,BrandonGreenard Sr_34623,2823,2821,1,23,6,FS,31,Signed,Normal,66,0,1,HOU,tier_6,,-1.0,,
Jarvis,Rogers,Jarvis Rogers,JarvisRogers_3263420,2824,2822,4,27,63,FS,32,FreeAgent,Normal,63,0,0,FA,tier_6,,,,
Cam,Hogan,Cam Hogan,,2825,2823,0,23,8,QB,32,Draft,Star,62,0,0,FA,tier_6,,,,
Darin,Bennett,Darin Bennett,DarinBennett_34217,2826,2824,1,23,2,DT,16,Signed,Normal,70,0,2,JAX,tier_5,,,,
Rashaun,Hunter,Rashaun Hunter,RashaunHunter_35118,2827,2825,0,23,1,LE,1,Signed,Star,81,0,4,CIN,tier_3,,-4.0,,
Nate,Brackett,Nate Brackett,,2828,2826,0,22,4,ROLB,32,Draft,Normal,61,0,0,FA,tier_6,,,,
D'Angelo,Ponds,D'Angelo Ponds,D'AngeloPonds_627,2829,2827,7,29,6,CB,30,Signed,Star,75,0,0,MIN,tier_4,,0.0,,
Eldon,Britton,Eldon Britton,,2830,2828,0,22,8,FS,32,Draft,Normal,60,0,0,FA,tier_6,,,,
Darrius,Anderson,Darrius Anderson,DarriusAnderson_35320,2831,2829,0,21,3,WR,16,Signed,Normal,70,0,1,JAX,tier_5,,,,
Derek,Meadows,Derek Meadows,DerekMeadows_2941,2832,2830,6,29,4,WR,29,Signed,Normal,68,0,2,TEN,tier_6,,,,
O'Cyrus,Torrence,O'Cyrus Torrence,TorrenceOCyrus_22852,2833,2831,12,35,2,RG,32,Deleted,Star,67,0,0,FA,tier_6,,,,
Rashaad,Dillard,Rashaad Dillard,RashaadDillard_32728,2834,2832,4,26,7,SS,32,FreeAgent,Normal,63,0,0,FA,tier_6,,,,
Russell,Miles,Russell Miles,RussellMiles_34427,2835,2833,1,24,4,CB,29,Signed,Normal,71,0,5,TEN,tier_5,,-5.0,,
Silas,Parker,Silas Parker,SilasParker_34611,2836,2834,1,22,6,HB,5,Signed,Normal,70,0,1,TB,tier_5,,,,
Tommy,Townsend,Tommy Townsend,TownsendTommy_21175,2837,2835,15,38,63,P,25,Signed,Normal,80,0,1,WAS,tier_3,,,,-1.0
Alonzo,Still,Alonzo Still,AlonzoStill_3363246,2838,2836,2,24,63,CB,22,Signed,Normal,65,0,2,LV,tier_6,,,,
Kai,Lincoln,Kai Lincoln,KaiLincoln_35113,2839,2837,0,21,1,DT,27,Signed,Normal,75,1,0,SEA,tier_4,,1.0,,
Matt,Pittman,Matt Pittman,MattPittman_30420,2840,2838,5,27,4,CB,7,Signed,Normal,76,0,6,LAC,tier_4,,-6.0,,
Angelo,Barnett,Angelo Barnett,AngeloBarnett_34417,2841,2839,2,24,4,LG,32,FreeAgent,Normal,64,0,0,FA,tier_6,,,,
Davon,Benjamin,Davon Benjamin,DavonBenjamin_29130,2842,2840,6,27,1,FS,10,Signed,Superstar,89,0,3,DAL,tier_2,,-3.0,,
Cole,Rhodes,Cole Rhodes,,2843,2841,0,23,8,RE,32,Draft,Normal,56,0,0,FA,tier_6,,,,
Kealen,Singleton,Kealen Singleton,KealenSingleton_34431,2844,2842,1,24,4,CB,9,Signed,Normal,72,0,0,IND,tier_5,,0.0,,
Martin,Andrews,Martin Andrews,MartinAndrews_3163408,2845,2843,5,27,63,SS,32,FreeAgent,Normal,65,0,0,FA,tier_6,,,,
Daylon,Singleton,Daylon Singleton,DaylonSingleton_29716,2846,2844,7,29,7,WR,32,FreeAgent,Normal,64,0,0,FA,tier_6,,,,
Terrell,McCray,Terrell McCray,TerrellMcCray_3263427,2847,2845,3,24,63,TE,27,Signed,Normal,64,0,2,SEA,tier_6,,,,
LeVar,Thornton Jr,LeVar Thornton Jr,LeVarThornton Jr_127,2848,2846,9,32,1,CB,32,FreeAgent,Normal,69,0,0,FA,tier_6,,,,
Kyle,Gordon,Kyle Gordon,,2849,2847,0,22,1,LE,32,Draft,Normal,75,0,0,FA,tier_4,,,,
Justin,Tucker,Justin Tucker,TuckerJustin_11814,2850,2848,16,38,63,K,32,Retired,Normal,72,0,0,FA,tier_5,,,,
Aldon,Livingston,Aldon Livingston,AldonLivingston_3175,2851,2849,4,26,7,QB,31,Signed,Normal,63,0,0,HOU,tier_6,,,,
Louis,Kelley,Louis Kelley,,2852,2850,0,22,8,CB,32,Draft,Normal,65,0,0,FA,tier_6,,,,
Ben,Coleman,Ben Coleman,,2853,2851,0,22,8,C,32,Draft,Normal,53,0,0,FA,tier_6,,,,
Tevin,Johnson,Tevin Johnson,TevinJohnson_3263428,2854,2852,3,25,63,TE,6,Signed,Normal,62,0,2,ARI,tier_6,,,,
Chris,Collins,Chris Collins,,2855,2853,0,24,8,QB,32,Draft,Normal,65,0,0,FA,tier_6,,,,
Tuli,Tuipulotu,Tuli Tuipulotu,TuipulotuTuli_22922,2856,2854,13,33,2,LE,32,FreeAgent,Normal,63,0,0,FA,tier_6,,,,
Caleb,Claxton,Caleb Claxton,,2857,2855,0,23,3,QB,32,Draft,Normal,68,0,0,FA,tier_6,,,,
Chris,Williams Jr,Chris Williams Jr,ChrisWilliams Jr_34419,2858,2856,1,22,4,CB,27,Signed,Normal,73,0,2,SEA,tier_5,,,,
Monte,Delgado,Monte Delgado,MonteDelgado_31231,2859,2857,5,27,2,LOLB,32,FreeAgent,Normal,60,0,0,FA,tier_6,,,,
Trent,Norris,Trent Norris,TrentNorris_3363297,2860,2858,2,25,63,HB,25,Signed,Normal,67,0,1,WAS,tier_6,,,,
Ja,Hughes,Ja Hughes,,2861,2859,0,23,7,RE,32,Draft,Star,67,0,0,FA,tier_6,,,,
Jabari,Posey,Jabari Posey,JabariPosey_35326,2862,2860,0,23,3,CB,1,Signed,Normal,73,0,1,CIN,tier_5,,-1.0,,
Bret,Bozeman,Bret Bozeman,,2863,2861,0,21,8,LG,32,Draft,Normal,65,0,0,FA,tier_6,,,,
Tetairoa,McMillan,Tetairoa McMillan,TetairoaMcMillan_128,2864,2862,11,33,1,WR,32,FreeAgent,Normal,67,0,0,FA,tier_6,,,,
Jahlil,Sheppard,Jahlil Sheppard,JahlilSheppard_33426,2865,2863,2,23,4,RT,19,Signed,Normal,70,0,2,GB,tier_5,,,,
Kevin,Kidd,Kevin Kidd,KevinKidd_3263430,2866,2864,3,26,63,TE,1,Signed,Normal,64,0,2,CIN,tier_6,,,,
Nick,Griffin,Nick Griffin,NickGriffin_34336,2867,2865,1,22,3,HB,12,Signed,Normal,76,0,1,PHI,tier_4,-1.0,,,
Seth,Samuels,Seth Samuels,SethSamuels_3263432,2868,2866,3,25,63,TE,24,Signed,Normal,69,1,4,BAL,tier_6,-3.0,,,
Daithan,Faulkner,Daithan Faulkner,DaithanFaulkner_33530,2869,2867,2,24,5,WR,11,Signed,Normal,66,0,2,MIA,tier_6,,,,
Jelan,Maybin,Jelan Maybin,JelanMaybin_30717,2870,2868,4,25,7,CB,32,Deleted,Normal,59,0,0,FA,tier_6,,,,
Kyle,Spellman,Kyle Spellman,KyleSpellman_34330,2871,2869,1,23,3,ROLB,12,Signed,Star,78,1,0,PHI,tier_4,,1.0,,
Logan,Brooking,Logan Brooking,LoganBrooking_2968,2872,2870,6,28,6,TE,13,Signed,Normal,66,0,2,ATL,tier_6,,,,
Michael,Oladejo,Michael Oladejo,MichaelOladejo_3448,2873,2871,1,24,4,RG,26,Signed,Star,77,0,4,NO,tier_4,,,-4.0,
Freddie,Love,Freddie Love,FreddieLove_3363436,2874,2872,2,25,63,WR,27,Signed,Normal,63,0,2,SEA,tier_6,,,,
Jontae,Russell Jr,Jontae Russell Jr,JontaeRussell Jr_35115,2875,2873,0,21,1,RE,2,Signed,Superstar,87,0,4,BUF,tier_2,,-4.0,,
Ezekiel,Atkins-Talbott,Ezekiel Atkins-Talbott,EzekielAtkins-Talbott_34538,2876,2874,1,23,5,WR,10,Signed,Normal,71,0,6,DAL,tier_5,-6.0,,,
Michael,Pearson,Michael Pearson,MichaelPearson_3416,2877,2875,1,22,1,LG,14,Signed,Superstar,96,3,0,SF,tier_0,,,3.0,
Jon,Drayton,Jon Drayton,,2878,2876,0,22,8,QB,32,Draft,Normal,62,0,0,FA,tier_6,,,,
Matthew,Raymond,Matthew Raymond,MatthewRaymond_34334,2879,2877,1,23,3,LT,16,Signed,Normal,76,3,0,JAX,tier_4,,,3.0,
Bryan,Griffith,Bryan Griffith,,2880,2878,0,22,8,P,32,Draft,Normal,69,0,0,FA,tier_6,,,,
Quentin,Brown,Quentin Brown,,2881,2879,0,22,6,RE,32,Draft,Normal,68,0,0,FA,tier_6,,,,
Andrew,Jones,Andrew Jones,AndrewJones_3563268,2882,2880,1,23,63,ROLB,32,FreeAgent,Normal,60,0,0,FA,tier_6,,,,
Daniel,Lawry,Daniel Lawry,DanielLawry_3563384,2883,2881,0,22,63,LE,15,PracticeSquad,Normal,62,0,1,NYG,tier_6,,,,
Donald,Cooper,Donald Cooper,,2884,2882,0,22,7,FS,32,Draft,Star,64,0,0,FA,tier_6,,,,
Shaq,Favors,Shaq Favors,ShaqFavors_3576,2885,2883,0,23,7,RE,19,Signed,Normal,65,0,1,GB,tier_6,,,,
Dakota,McElroy,Dakota McElroy,DakotaMcElroy_34412,2886,2884,1,23,4,FS,23,Signed,Normal,72,0,1,LAR,tier_5,,-1.0,,
Matt,Russell,Matt Russell,MattRussell_34615,2887,2885,1,23,6,TE,0,Signed,Normal,64,0,2,CHI,tier_6,,,,
Jayden,Montgomery,Jayden Montgomery,JaydenMontgomery_63393,2888,2886,9,31,63,MLB,32,FreeAgent,Normal,67,0,0,FA,tier_6,,,,
Chantz,Meadows,Chantz Meadows,ChantzMeadows_3547,2889,2887,0,23,4,TE,17,Signed,Normal,67,0,1,NYJ,tier_6,,,,
Jahlil,Florence,Jahlil Florence,JahlilFlorence_43,2890,2888,10,32,4,CB,32,FreeAgent,Normal,67,0,0,FA,tier_6,,,,
Tyler,Cherry,Tyler Cherry,,2891,2889,7,29,4,QB,32,Deleted,Normal,60,0,0,FA,tier_6,,,,
Jose,Mayweather,Jose Mayweather,,2892,2890,0,22,8,HB,32,Draft,Normal,63,0,0,FA,tier_6,,,,
Dante,Anderson,Dante Anderson,DanteAnderson_3263436,2893,2891,4,26,63,WR,32,FreeAgent,Normal,63,0,0,FA,tier_6,,,,
Luke,Balmer,Luke Balmer,,2894,2892,0,23,8,TE,32,Draft,Normal,58,0,0,FA,tier_6,,,,
Jonathan,Bryant,Jonathan Bryant,JonathanBryant_3263437,2895,2893,4,25,63,WR,32,FreeAgent,Normal,64,0,0,FA,tier_6,,,,
Trey,Thurman,Trey Thurman,TreyThurman_31532,2896,2894,4,25,5,LT,25,Signed,Normal,80,2,0,WAS,tier_3,,,2.0,
Mike,Griffith,Mike Griffith,MikeGriffith_3263438,2897,2895,3,25,63,WR,10,Signed,Normal,64,0,2,DAL,tier_6,,,,
Conner,Edwards,Conner Edwards,,2898,2896,0,23,7,C,32,Draft,Normal,66,0,0,FA,tier_6,,,,
Eric,Carpenter,Eric Carpenter,,2899,2897,0,22,8,QB,32,Draft,Normal,60,0,0,FA,tier_6,,,,
Marcus,Walker,Marcus Walker,,2900,2898,0,22,8,CB,32,Draft,Normal,62,0,0,FA,tier_6,,,,
Darrell,Gatewood,Darrell Gatewood,,2901,2899,0,21,2,SS,32,Draft,Star,71,0,0,FA,tier_5,,,,
Paul,Diamanka,Paul Diamanka,PaulDiamanka_34328,2902,2900,1,24,3,LT,29,Signed,Normal,67,1,5,TEN,tier_6,,,-4.0,
Chris,Davis,Chris Davis,ChrisDavis_31312,2903,2901,5,27,3,ROLB,32,FreeAgent,Normal,63,0,0,FA,tier_6,,,,
Orlando,Spann,Orlando Spann,OrlandoSpann_3263441,2904,2902,3,25,63,WR,32,Deleted,Normal,62,0,0,FA,tier_6,,,,
Jason,Henson,Jason Henson,JasonHenson_3317,2905,2903,2,23,1,DT,31,Signed,Star,86,0,3,HOU,tier_2,,,,
Matthew,Falk,Matthew Falk,MatthewFalk_3263442,2906,2904,4,26,63,WR,32,FreeAgent,Normal,64,0,0,FA,tier_6,,,,
Derek,Garner,Derek Garner,,2907,2905,0,23,5,QB,32,Draft,Normal,65,0,0,FA,tier_6,,,,
Knijeah,Harris,Knijeah Harris,KnijeahHarris_123,2908,2906,7,29,1,LG,23,Signed,Normal,76,0,2,LAR,tier_4,,,,
Joe,DePaola,Joe DePaola,JoeDePaola_3363327,2909,2907,2,25,63,C,32,Deleted,Normal,59,0,0,FA,tier_6,,,,
Hunter,Whalen,Hunter Whalen,HunterWhalen_3566,2910,2908,0,22,6,QB,8,Signed,Normal,63,0,0,KC,tier_6,,,,
Leonard,Dean,Leonard Dean,,2911,2909,0,22,8,RT,32,Draft,Normal,59,0,0,FA,tier_6,,,,
Max,Bonner,Max Bonner,,2912,2910,0,22,8,WR,32,Draft,Normal,63,0,0,FA,tier_6,,,,
Joshua,Moses,Joshua Moses,JoshuaMoses_3263444,2913,2911,3,25,63,WR,32,Deleted,Normal,61,0,0,FA,tier_6,,,,
Cary,Sharpton,Cary Sharpton,,2914,2912,0,22,2,RT,32,Draft,Star,74,0,0,FA,tier_5,,,,
Alton,Adkins,Alton Adkins,AltonAdkins_3263445,2915,2913,3,24,63,WR,4,Signed,Normal,65,0,2,CLE,tier_6,,,,
John,Pettis,John Pettis,JohnPettis_3163264,2916,2914,5,27,63,RE,32,FreeAgent,Normal,62,0,0,FA,tier_6,,,,
Daniel,Goddard,Daniel Goddard,,2917,2915,0,22,8,RE,32,Draft,Normal,59,0,0,FA,tier_6,,,,
Anfernee,Anderson,Anfernee Anderson,AnferneeAnderson_34119,2918,2916,1,23,1,CB,27,Signed,Superstar,87,0,3,SEA,tier_2,,,,
Jaxon,Blankenship,Jaxon Blankenship,JaxonBlankenship_3263446,2919,2917,3,26,63,WR,32,Deleted,Normal,61,0,0,FA,tier_6,,,,
Gabriel,Giamello,Gabriel Giamello,,2920,2918,0,23,8,WR,32,Draft,Normal,62,0,0,FA,tier_6,,,,
Bobby,Wagner,Bobby Wagner,WagnerBobby_11567,2921,2919,13,35,2,MLB,32,Retired,Star,78,0,0,FA,tier_4,,,,
Max,Reese,Max Reese,MaxReese_35616,2922,2920,0,23,6,HB,26,Signed,Normal,67,0,1,NO,tier_6,,,,
Derron,Covington,Derron Covington,DerronCovington_33622,2923,2921,2,24,6,DT,15,Signed,Normal,78,8,0,NYG,tier_4,,8.0,,
Carl,Childers,Carl Childers,CarlChilders_3563346,2924,2922,0,22,63,CB,3,PracticeSquad,Normal,65,0,1,DEN,tier_6,,,,
Bralan,Womack,Bralan Womack,BralanWomack_29314,2925,2923,6,27,3,FS,1,Signed,Star,70,10,0,CIN,tier_5,,10.0,,
Akeem,Odighizuwa,Akeem Odighizuwa,AkeemOdighizuwa_30121,2926,2924,5,26,1,LE,13,Signed,Normal,69,0,2,ATL,tier_6,,,,
Tristan,Shepard,Tristan Shepard,TristanShepard_3563296,2927,2925,0,23,63,SS,23,PracticeSquad,Normal,62,0,1,LAR,tier_6,,,,
Connor,Pettis,Connor Pettis,,2928,2926,0,23,8,DT,32,Draft,Normal,62,0,0,FA,tier_6,,,,
Trey'Dez,Green,Trey'Dez Green,Trey'DezGreen_124,2929,2927,8,30,1,TE,32,FreeAgent,Normal,62,0,0,FA,tier_6,,,,
Randy,Brackins,Randy Brackins,,2930,2928,0,23,8,LG,32,Draft,Normal,67,0,0,FA,tier_6,,,,
Will,Barton,Will Barton,WillBarton_3263447,2931,2929,3,25,63,WR,25,Signed,Normal,69,0,2,WAS,tier_6,,,,
Jimmy,Garcia,Jimmy Garcia,,2932,2930,0,22,5,ROLB,32,Draft,Normal,61,0,0,FA,tier_6,,,,
Matt,Conley,Matt Conley,MattConley_3263448,2933,2931,4,26,63,WR,32,FreeAgent,Normal,63,0,0,FA,tier_6,,,,
Eddie,Cruz,Eddie Cruz,,2934,2932,0,22,8,QB,32,Draft,Normal,63,0,0,FA,tier_6,,,,
Antoine,Gardner,Antoine Gardner,AntoineGardner_3523,2935,2933,0,22,2,RT,23,Signed,Star,73,0,1,LAR,tier_5,,,,
Terrance,Campbell III,Terrance Campbell III,TerranceCampbell III_35213,2936,2934,0,22,2,LE,21,Signed,Normal,73,0,1,NE,tier_5,,-1.0,,
Matthew,Jefferson,Matthew Jefferson,,2937,2935,0,22,5,ROLB,32,Draft,Normal,60,0,0,FA,tier_6,,,,
Quincy,Hawkins,Quincy Hawkins,QuincyHawkins_3063321,2938,2936,6,27,63,MLB,32,FreeAgent,Normal,60,0,0,FA,tier_6,,,,
Cory,Hatcher,Cory Hatcher,CoryHatcher_3563386,2939,2937,0,22,63,RE,31,PracticeSquad,Normal,65,0,1,HOU,tier_6,,,,
Dee,Sutton,Dee Sutton,,2940,2938,0,22,8,LT,32,Draft,Normal,60,0,0,FA,tier_6,,,,
Erik,Hartwig,Erik Hartwig,ErikHartwig_31128,2941,2939,4,25,1,RG,11,Signed,Normal,79,0,2,MIA,tier_4,,,,
Marquee,Overton,Marquee Overton,MarqueeOverton_3363449,2942,2940,2,24,63,WR,6,PracticeSquad,Normal,61,0,2,ARI,tier_6,,,,
Chance,Gamble,Chance Gamble,ChanceGamble_3463297,2943,2941,1,22,63,LT,12,Signed,Normal,63,0,2,PHI,tier_6,,,,
Dennis,Rhett,Dennis Rhett,DennisRhett_3041,2944,2942,6,28,4,LG,32,FreeAgent,Normal,64,0,0,FA,tier_6,,,,
Jamal,Alridge,Jamal Alridge,JamalAlridge_3463298,2945,2943,1,23,63,RE,7,PracticeSquad,Normal,63,0,2,LAC,tier_6,,,,
Bryce,Roth,Bryce Roth,,2946,2944,0,22,3,LE,32,Draft,Normal,68,0,0,FA,tier_6,,,,
Nate,Knox,Nate Knox,,2947,2945,0,22,8,TE,32,Draft,Star,67,0,0,FA,tier_6,,,,
Trae,Stevenson,Trae Stevenson,TraeStevenson_35710,2948,2946,0,22,7,WR,0,Signed,Normal,71,0,7,CHI,tier_5,-7.0,,,
Britton,Bradley,Britton Bradley,BrittonBradley_3363281,2949,2947,2,24,63,DT,15,Signed,Normal,66,0,2,NYG,tier_6,,,,
JP,Benzschawel,JP Benzschawel,JPBenzschawel_63306,2950,2948,9,32,63,RT,30,Signed,Normal,72,0,2,MIN,tier_5,,,,
Fred,Warner,Fred Warner,WarnerFred_13203,2951,2949,12,33,3,MLB,32,Retired,Star,77,0,0,FA,tier_4,,,,
Grant,Hall,Grant Hall,GrantHall_3463300,2952,2950,1,24,63,QB,1,Signed,Normal,62,0,0,CIN,tier_6,,,,
DJ,Lagway,DJ Lagway,DJLagway_15,2953,2951,9,30,1,QB,32,FreeAgent,Normal,62,0,0,FA,tier_6,,,,
Jackson,Arnold,Jackson Arnold,JacksonArnold_11,2954,2952,9,31,1,QB,15,Signed,XFactor,84,0,0,NYG,tier_3,,,,
Rakkim,Lacy,Rakkim Lacy,RakkimLacy_3463301,2955,2953,2,25,63,LE,32,FreeAgent,Normal,61,0,0,FA,tier_6,,,,
Khamari,Terra,Khamari Terra,KhamariTerra_35227,2956,2954,0,23,2,DT,4,Signed,Normal,72,0,0,CLE,tier_5,,0.0,,
Ja'Mario,McCain,Ja'Mario McCain,,2957,2955,0,22,7,CB,32,Draft,Normal,64,0,0,FA,tier_6,,,,
Ben,Pryor,Ben Pryor,,2958,2956,0,22,3,LG,32,Draft,Superstar,74,0,0,FA,tier_5,,,,
Channing,McLean,Channing McLean,ChanningMcLean_35416,2959,2957,0,22,4,MLB,21,Signed,Normal,72,0,2,NE,tier_5,,-2.0,,
Blaise,Boyce,Blaise Boyce,BlaiseBoyce_3563391,2960,2958,0,23,63,TE,21,Signed,Normal,63,0,1,NE,tier_6,,,,
Quintin,Flanagan,Quintin Flanagan,QuintinFlanagan_3463303,2961,2959,1,23,63,LG,15,Signed,Normal,64,0,2,NYG,tier_6,,,,
Grant,Brayton,Grant Brayton,,2962,2960,0,23,7,HB,32,Draft,Normal,63,0,0,FA,tier_6,,,,
Dave,McCullough,Dave McCullough,DaveMcCullough_3463305,2963,2961,1,23,63,CB,16,Signed,Normal,69,0,2,JAX,tier_6,,,,
Kris,O'Dowd,Kris O'Dowd,KrisO'Dowd_3463306,2964,2962,1,23,63,TE,16,Signed,Normal,62,0,2,JAX,tier_6,,,,
Jaden,Hamm,Jaden Hamm,JadenHamm_326,2965,2963,8,30,3,TE,25,Signed,Star,72,1,1,WAS,tier_5,0.0,,,
George,Samuel,George Samuel,,2966,2964,0,23,8,LOLB,32,Draft,Normal,57,0,0,FA,tier_6,,,,
Justin,Diawara,Justin Diawara,JustinDiawara_35329,2967,2965,0,22,3,DT,16,Signed,Normal,70,0,1,JAX,tier_5,,,,
Tommy,Scukanec,Tommy Scukanec,TommyScukanec_33625,2968,2966,2,24,6,QB,3,Signed,Normal,62,0,0,DEN,tier_6,,,,
Tyson,Klug,Tyson Klug,TysonKlug_3463307,2969,2967,1,23,63,RG,29,Signed,Normal,62,0,2,TEN,tier_6,,,,
Larry,Gore,Larry Gore,,2970,2968,0,22,8,FS,32,Draft,Normal,59,0,0,FA,tier_6,,,,
Kyle,Trenkle,Kyle Trenkle,KyleTrenkle_324,2971,2969,6,27,3,LG,32,FreeAgent,Normal,62,0,0,FA,tier_6,,,,
Michael,Anderson,Michael Anderson,MichaelAnderson_3463309,2972,2970,1,22,63,TE,8,Signed,Normal,65,0,2,KC,tier_6,,,,
Anthony,Parrish,Anthony Parrish,AnthonyParrish_35119,2973,2971,0,23,1,LT,5,Signed,Normal,74,1,6,TB,tier_5,,,-5.0,
Rafael,Ruiz,Rafael Ruiz,,2974,2972,0,21,3,WR,32,Draft,Normal,66,0,0,FA,tier_6,,,,
Andrew,Barker,Andrew Barker,AndrewBarker_3463310,2975,2973,1,24,63,TE,9,Signed,Normal,62,0,2,IND,tier_6,,,,
T.J.,Watt,T.J. Watt,WattTJ_12562,2976,2974,12,34,1,LE,32,Retired,Star,81,0,0,FA,tier_3,,,,
Max,Boykin,Max Boykin,MaxBoykin_3463311,2977,2975,1,23,63,LOLB,29,Signed,Normal,60,0,2,TEN,tier_6,,,,
Jeremiah,Bauer,Jeremiah Bauer,,2978,2976,0,22,8,TE,32,Draft,Normal,64,0,0,FA,tier_6,,,,
Samuel,Omosigho,Samuel Omosigho,SamuelOmosigho_58,2979,2977,9,31,5,LOLB,32,FreeAgent,Normal,61,0,0,FA,tier_6,,,,
Eric,Staley,Eric Staley,,2980,2978,0,21,2,LG,32,Draft,Star,72,0,0,FA,tier_5,,,,
Emmett,Freeman,Emmett Freeman,,2981,2979,0,23,7,LG,32,Draft,Normal,68,0,0,FA,tier_6,,,,
Cordale,Russell,Cordale Russell,CordaleRussell_63308,2982,2980,9,30,63,WR,8,Signed,Normal,70,0,2,KC,tier_5,,,,
Deuce,Howard,Deuce Howard,DeuceHoward_3443,2983,2981,1,24,4,LE,17,Signed,Normal,70,6,0,NYJ,tier_5,,6.0,,
Kebba,Secka,Kebba Secka,KebbaSecka_34323,2984,2982,1,21,3,HB,6,Signed,Normal,73,2,0,ARI,tier_5,2.0,,,
Clayton,Hughes,Clayton Hughes,,2985,2983,0,23,6,RG,32,Draft,Normal,63,0,0,FA,tier_6,,,,
Earl,Perine,Earl Perine,,2986,2984,0,22,8,RE,32,Draft,Normal,62,0,0,FA,tier_6,,,,
Blake,Childress,Blake Childress,BlakeChildress_3463312,2987,2985,1,23,63,TE,12,Signed,Normal,64,0,2,PHI,tier_6,,,,
A.J.,Wallace,A.J. Wallace,A.J.Wallace_3463243,2988,2986,1,24,63,TE,4,Signed,Normal,70,0,2,CLE,tier_5,,,,
Dexter,Holcomb,Dexter Holcomb,DexterHolcomb_3479,2989,2987,1,23,7,RT,6,Signed,Normal,65,0,2,ARI,tier_6,,,,
Gordon,Quick,Gordon Quick,,2990,2988,0,23,8,QB,32,Draft,Normal,59,0,0,FA,tier_6,,,,
Vince,Watkins,Vince Watkins,,2991,2989,0,22,8,CB,32,Draft,Normal,62,0,0,FA,tier_6,,,,
Earl,Hunt,Earl Hunt,EarlHunt_31721,2992,2990,4,26,7,CB,17,Signed,Normal,69,4,0,NYJ,tier_6,,4.0,,
Zach,Yankey,Zach Yankey,,2993,2991,0,22,2,SS,32,Draft,Star,77,0,0,FA,tier_4,,,,
James,Bolton,James Bolton,,2994,2992,0,23,6,LE,32,Draft,Star,66,0,0,FA,tier_6,,,,
Wyatt,Zeigler,Wyatt Zeigler,,2995,2993,0,22,8,LG,32,Draft,Normal,68,0,0,FA,tier_6,,,,
Austin,Callaway,Austin Callaway,,2996,2994,0,22,8,HB,32,Draft,Star,68,0,0,FA,tier_6,,,,
JaReylan,Clark,JaReylan Clark,JaReylanClark_31130,2997,2995,4,27,1,DT,10,Signed,Star,76,5,0,DAL,tier_4,,5.0,,
Darnell,Redd,Darnell Redd,,2998,2996,0,23,8,RT,32,Draft,Normal,61,0,0,FA,tier_6,,,,
Christian,Herrera,Christian Herrera,ChristianHerrera_3463317,2999,2997,1,24,63,WR,19,Signed,Normal,67,0,2,GB,tier_6,,,,
Tyler,Mallard,Tyler Mallard,TylerMallard_3363255,3000,2998,2,24,63,CB,3,PracticeSquad,Normal,61,0,2,DEN,tier_6,,,,
Caleb,Gilbert,Caleb Gilbert,CalebGilbert_3463318,3001,2999,1,24,63,QB,14,Signed,Normal,61,0,0,SF,tier_6,,,,
Jontae,Gilbert,Jontae Gilbert,JontaeGilbert_2967,3002,3000,6,29,6,CB,25,Signed,Star,76,0,0,WAS,tier_4,,0.0,,
Tony,Livingston,Tony Livingston,TonyLivingston_216,3003,3001,8,30,2,TE,3,Signed,Superstar,75,1,2,DEN,tier_4,-1.0,,,
Greg,Weathersby,Greg Weathersby,GregWeathersby_3463319,3004,3002,1,24,63,HB,21,Signed,Normal,67,0,4,NE,tier_6,-4.0,,,
Gordon,Parrish,Gordon Parrish,GordonParrish_3163301,3005,3003,4,28,63,HB,32,Retired,Normal,53,0,0,FA,tier_6,,,,
Creed,Carr,Creed Carr,,3006,3004,0,22,8,C,32,Draft,Normal,64,0,0,FA,tier_6,,,,
Bo,Chamberlain,Bo Chamberlain,BoChamberlain_33335,3007,3005,2,24,3,SS,15,Signed,Normal,75,10,0,NYG,tier_4,,10.0,,
Jonathan,Moreland,Jonathan Moreland,JonathanMoreland_3463320,3008,3006,1,22,63,QB,18,Signed,Normal,64,0,0,DET,tier_6,,,,
Dennis,Ellington,Dennis Ellington,,3009,3007,0,21,3,WR,32,Draft,Normal,68,0,0,FA,tier_6,,,,
Jared,Curtis,Jared Curtis,JaredCurtis_2911,3010,3008,6,27,1,QB,1,Signed,Normal,69,0,0,CIN,tier_6,,,,
Dakota,Hayes,Dakota Hayes,,3011,3009,0,21,8,CB,32,Draft,Star,61,0,0,FA,tier_6,,,,
Quinci,Ferguson,Quinci Ferguson,QuinciFerguson_30429,3012,3010,5,27,4,RG,0,Signed,Normal,82,0,2,CHI,tier_3,,,-2.0,
Nico,Jaramillo,Nico Jaramillo,NicoJaramillo_31637,3013,3011,5,28,6,LE,32,FreeAgent,Normal,72,0,0,FA,tier_5,,,,
David,Patton,David Patton,,3014,3012,0,21,8,CB,32,Draft,Normal,59,0,0,FA,tier_6,,,,
Tyrone,Thomas,Tyrone Thomas,TyroneThomas_3314,3015,3013,2,23,1,RE,9,Signed,Star,76,6,0,IND,tier_4,,6.0,,
Conner,Weigman,Conner Weigman,ConnerWeigman_18,3016,3014,9,31,1,QB,30,Signed,Normal,65,0,0,MIN,tier_6,,,,
Terrelle,Murray,Terrelle Murray,,3017,3015,0,21,3,SS,32,Draft,Star,71,0,0,FA,tier_5,,,,
Tre,Barclay,Tre Barclay,TreBarclay_3463322,3018,3016,1,22,63,LE,26,Signed,Normal,67,0,3,NO,tier_6,,-3.0,,
Paul,Wilkinson,Paul Wilkinson,PaulWilkinson_34124,3019,3017,1,24,1,WR,1,Signed,Normal,77,0,5,CIN,tier_4,-5.0,,,
Joshua,Ulugala,Joshua Ulugala,JoshuaUlugala_3449,3020,3018,1,23,4,DT,8,Signed,Normal,68,0,2,KC,tier_6,,,,
Erick,Owens,Erick Owens,ErickOwens_3463323,3021,3019,1,23,63,TE,4,Signed,Normal,72,3,0,CLE,tier_5,3.0,,,
Justin,Scoggins,Justin Scoggins,JustinScoggins_35331,3022,3020,0,23,3,WR,7,Signed,Normal,73,2,0,LAC,tier_5,2.0,,,
Nicholas,Singleton,Nicholas Singleton,,3023,3021,10,31,2,HB,32,Deleted,Normal,58,0,0,FA,tier_6,,,,
Steven,Russell,Steven Russell,StevenRussell_3463325,3024,3022,2,25,63,LOLB,32,FreeAgent,Normal,58,0,0,FA,tier_6,,,,
Bradley,Green,Bradley Green,BradleyGreen_3176,3025,3023,5,27,7,P,32,FreeAgent,Normal,67,0,0,FA,tier_6,,,,
Justice,Weaver,Justice Weaver,JusticeWeaver_33728,3026,3024,2,24,7,RT,4,Signed,Normal,63,0,2,CLE,tier_6,,,,
Jameel,Bennett,Jameel Bennett,JameelBennett_3458,3027,3025,1,23,5,CB,18,Signed,Normal,70,0,3,DET,tier_5,,-3.0,,
Cordale,Roberson,Cordale Roberson,,3028,3026,0,22,8,CB,32,Draft,Normal,68,0,0,FA,tier_6,,,,
Vince,Dixon,Vince Dixon,,3029,3027,0,22,8,RG,32,Draft,Normal,57,0,0,FA,tier_6,,,,
Nico,Iamaleava,Nico Iamaleava,,3030,3028,9,31,1,QB,32,Retired,Star,65,0,0,FA,tier_6,,,,
Jamarcus,McDougal,Jamarcus McDougal,JamarcusMcDougal_3363410,3031,3029,2,26,63,SS,32,Deleted,Normal,60,0,0,FA,tier_6,,,,
Quincey,Avery,Quincey Avery,QuinceyAvery_31111,3032,3030,4,24,1,CB,31,Signed,Normal,81,0,1,HOU,tier_3,,-1.0,,
Donte,Shepherd,Donte Shepherd,DonteShepherd_35229,3033,3031,0,22,2,LT,18,Signed,Normal,69,0,1,DET,tier_6,,,,
Tyler,Burke,Tyler Burke,TylerBurke_35426,3034,3032,0,22,4,HB,12,Signed,Normal,74,5,0,PHI,tier_5,5.0,,,
Calvin,Joseph Jr,Calvin Joseph Jr,CalvinJoseph Jr_34115,3035,3033,1,24,1,LG,5,Signed,Normal,78,2,0,TB,tier_4,,,2.0,
Mytorian,Wright,Mytorian Wright,MytorianWright_34326,3036,3034,1,23,3,MLB,2,Signed,Normal,68,2,0,BUF,tier_6,,2.0,,
Aaron,McCauley,Aaron McCauley,AaronMcCauley_30527,3037,3035,5,28,5,DT,6,Signed,Normal,68,0,2,ARI,tier_6,,,,
Tevarua,Tafiti,Tevarua Tafiti,,3038,3036,8,31,7,LOLB,32,Retired,Normal,54,0,0,FA,tier_6,,,,
Trent,Ringer,Trent Ringer,TrentRinger_34730,3039,3037,1,24,7,LE,9,PracticeSquad,Normal,62,0,2,IND,tier_6,,,,
Thomas,Schultz,Thomas Schultz,ThomasSchultz_3363330,3040,3038,2,25,63,LG,0,PracticeSquad,Normal,63,0,2,CHI,tier_6,,,,
Ayton,Burgess,Ayton Burgess,AytonBurgess_3463327,3041,3039,1,23,63,RG,6,Signed,Normal,71,0,6,ARI,tier_5,,,-6.0,
Perry,Little,Perry Little,PerryLittle_3463328,3042,3040,1,23,63,WR,18,Signed,Normal,69,0,2,DET,tier_6,,,,
Tyquan,Davidson,Tyquan Davidson,TyquanDavidson_3463329,3043,3041,1,23,63,CB,17,Signed,Normal,65,0,2,NYJ,tier_6,,,,
Boogie,Simmons,Boogie Simmons,BoogieSimmons_33417,3044,3042,2,24,4,LT,22,Signed,Normal,66,0,2,LV,tier_6,,,,
John,Silas,John Silas,,3045,3043,0,22,8,MLB,32,Draft,Normal,63,0,0,FA,tier_6,,,,
Stefon,Hoover,Stefon Hoover,,3046,3044,0,23,3,CB,32,Draft,Normal,69,0,0,FA,tier_6,,,,
Kenny,Sweed,Kenny Sweed,KennySweed_3363442,3047,3045,3,26,63,WR,32,FreeAgent,Normal,63,0,0,FA,tier_6,,,,
Alex,Gaffney,Alex Gaffney,,3048,3046,0,21,8,RG,32,Draft,Normal,65,0,0,FA,tier_6,,,,
Joe,Bryant,Joe Bryant,JoeBryant_34734,3049,3047,1,24,7,RE,6,PracticeSquad,Normal,62,0,2,ARI,tier_6,,,,
Owen,Perry,Owen Perry,OwenPerry_3563422,3050,3048,1,23,63,C,32,FreeAgent,Normal,60,0,0,FA,tier_6,,,,
Nate,Saunders,Nate Saunders,,3051,3049,0,22,7,ROLB,32,Draft,Normal,58,0,0,FA,tier_6,,,,
Rashaun,Mitchell,Rashaun Mitchell,RashaunMitchell_31214,3052,3050,4,26,2,TE,19,Signed,Normal,63,0,2,GB,tier_6,,,,
Connor,Cannon,Connor Cannon,ConnorCannon_3463333,3053,3051,1,23,63,LG,13,Signed,Normal,62,0,2,ATL,tier_6,,,,
Trevor,Pryor,Trevor Pryor,TrevorPryor_3463334,3054,3052,1,22,63,RE,5,Signed,Normal,65,3,0,TB,tier_6,,3.0,,
Mark,Zackery IV,Mark Zackery IV,MarkZackery IV_57,3055,3053,7,29,5,CB,32,FreeAgent,Normal,64,0,0,FA,tier_6,,,,
Jackson,Bowers,Jackson Bowers,JacksonBowers_419,3056,3054,9,31,4,TE,32,FreeAgent,Normal,60,0,0,FA,tier_6,,,,
Oscar,Henley,Oscar Henley,OscarHenley_3463335,3057,3055,2,24,63,LE,32,FreeAgent,Normal,61,0,0,FA,tier_6,,,,
Deshay,McNeil,Deshay McNeil,DeshayMcNeil_30120,3058,3056,5,26,1,WR,21,Signed,Normal,76,5,0,NE,tier_4,5.0,,,
Steven,Thierry,Steven Thierry,,3059,3057,0,22,2,HB,32,Draft,Star,75,0,0,FA,tier_4,,,,
Trevor,Sharpton,Trevor Sharpton,TrevorSharpton_3463256,3060,3058,1,23,63,LE,20,PracticeSquad,Normal,67,0,2,CAR,tier_6,,,,
Caden,Durham,Caden Durham,CadenDurham_229,3061,3059,8,29,2,HB,12,Signed,Normal,65,0,1,PHI,tier_6,,,,
Joe,Kennard,Joe Kennard,JoeKennard_30433,3062,3060,5,28,4,WR,2,Signed,Superstar,87,6,0,BUF,tier_2,6.0,,,
Andrew,Hankins,Andrew Hankins,AndrewHankins_31432,3063,3061,4,25,4,FS,12,Signed,Star,79,7,0,PHI,tier_4,,7.0,,
Asher,Parr,Asher Parr,AsherParr_33736,3064,3062,2,26,7,RG,12,PracticeSquad,Normal,64,0,2,PHI,tier_6,,,,
Braxton,Taylor,Braxton Taylor,BraxtonTaylor_3563245,3065,3063,0,22,63,TE,1,Signed,Normal,66,8,0,CIN,tier_6,8.0,,,
James,Durand,James Durand,JamesDurand_634,3066,3064,7,30,6,LG,24,Signed,Normal,71,0,2,BAL,tier_5,,,,
Shaunn,Cantwell,Shaunn Cantwell,ShaunnCantwell_33712,3067,3065,3,25,7,LG,32,FreeAgent,Normal,60,0,0,FA,tier_6,,,,
Quinnen,Williams,Quinnen Williams,WilliamsQuinnen_20547,3068,3066,16,37,1,DT,32,Deleted,Normal,66,0,0,FA,tier_6,,,,
Kyle,Coleman,Kyle Coleman,KyleColeman_3463337,3069,3067,1,24,63,LE,3,Signed,Normal,61,0,1,DEN,tier_6,,-1.0,,
Avery,Goings,Avery Goings,AveryGoings_35729,3070,3068,0,22,7,WR,18,Signed,Normal,72,0,1,DET,tier_5,,,,
Tanner,McCoy,Tanner McCoy,TannerMcCoy_3163322,3071,3069,4,27,63,LOLB,14,Signed,Normal,65,0,2,SF,tier_6,,,,
Titus,Swayne,Titus Swayne,TitusSwayne_3563387,3072,3070,0,23,63,RG,0,PracticeSquad,Normal,62,0,1,CHI,tier_6,,,,
Jordan,Leonard,Jordan Leonard,JordanLeonard_34321,3073,3071,1,23,3,RE,16,Signed,Normal,69,1,0,JAX,tier_6,,1.0,,
Trent,Williams,Trent Williams,WilliamsTrent_9800,3074,3072,17,39,1,LT,32,Retired,Superstar,92,0,0,FA,tier_1,,,,
Derek,Campbell,Derek Campbell,DerekCampbell_3463338,3075,3073,1,23,63,LG,0,Signed,Normal,71,1,0,CHI,tier_5,,,1.0,
David,Fordham,David Fordham,DavidFordham_35335,3076,3074,0,23,3,RG,11,Signed,Normal,69,0,1,MIA,tier_6,,,,
Allen,Massie,Allen Massie,AllenMassie_3463339,3077,3075,1,23,63,WR,24,Signed,Normal,72,0,2,BAL,tier_5,,,,
Jayden,Brown,Jayden Brown,,3078,3076,0,23,5,MLB,32,Draft,Normal,67,0,0,FA,tier_6,,,,
Jabree,Wallace-Coleman,Jabree Wallace-Coleman,,3079,3077,6,29,63,HB,32,Retired,Normal,55,0,0,FA,tier_6,,,,
Max,Wiley,Max Wiley,MaxWiley_3363363,3080,3078,3,26,63,LOLB,32,FreeAgent,Normal,58,0,0,FA,tier_6,,,,
Andrew,Sprague,Andrew Sprague,AndrewSprague_125,3081,3079,8,30,1,RT,32,FreeAgent,Normal,64,0,0,FA,tier_6,,,,
Nathan,Darden,Nathan Darden,NathanDarden_35513,3082,3080,0,23,5,HB,9,Signed,Normal,70,0,1,IND,tier_5,,,,
Rakkim,Florence,Rakkim Florence,RakkimFlorence_3463340,3083,3081,1,23,63,WR,28,Signed,Normal,72,0,2,PIT,tier_5,,,,
Brandon,Billingsley,Brandon Billingsley,BrandonBillingsley_31324,3084,3082,4,25,3,HB,2,Signed,Normal,70,0,0,BUF,tier_5,0.0,,,
Peyton,Rosemond,Peyton Rosemond,PeytonRosemond_3112,3085,3083,4,25,1,QB,10,Signed,Normal,69,0,0,DAL,tier_6,,,,
TJ,Coleman,TJ Coleman,TJColeman_3163274,3086,3084,5,28,63,LE,32,FreeAgent,Normal,64,0,0,FA,tier_6,,,,
Brandon,Burke,Brandon Burke,BrandonBurke_3463341,3087,3085,1,24,63,C,20,Signed,Normal,62,0,2,CAR,tier_6,,,,
Jalon,Walker,Jalon Walker,JalonWalker_317,3088,3086,10,33,3,MLB,32,FreeAgent,Normal,57,0,0,FA,tier_6,,,,
LaMichael,Flowers,LaMichael Flowers,LaMichaelFlowers_30629,3089,3087,6,28,6,CB,32,FreeAgent,Normal,68,0,0,FA,tier_6,,,,
K.C.,Willis,K.C. Willis,K.C.Willis_31529,3090,3088,5,26,5,CB,32,FreeAgent,Normal,68,0,0,FA,tier_6,,,,
Rodd,Young,Rodd Young,,3091,3089,0,23,5,QB,32,Draft,Normal,67,0,0,FA,tier_6,,,,
George,Hitchens,George Hitchens,GeorgeHitchens_3445,3092,3090,1,23,4,RE,13,Signed,Normal,76,1,0,ATL,tier_4,,1.0,,
Seth,LaMontagne,Seth LaMontagne,,3093,3091,0,22,8,QB,32,Draft,Normal,57,0,0,FA,tier_6,,,,
Jason,Dowell,Jason Dowell,JasonDowell_29334,3094,3092,6,28,3,DT,7,Signed,Star,81,0,2,LAC,tier_3,,-2.0,,
Donovan,Hodge,Donovan Hodge,,3095,3093,0,22,6,WR,32,Draft,Normal,70,0,0,FA,tier_5,,,,
Jimmy,Loud,Jimmy Loud,,3096,3094,0,22,8,CB,32,Draft,Normal,67,0,0,FA,tier_6,,,,
Jose,Byars,Jose Byars,,3097,3095,0,23,8,HB,32,Draft,Normal,61,0,0,FA,tier_6,,,,
Nick,Milstead,Nick Milstead,NickMilstead_35211,3098,3096,0,21,2,WR,24,Signed,Normal,75,0,3,BAL,tier_4,-3.0,,,
Russell,Wilson,Russell Wilson,WilsonRussell_11217,3099,3097,16,39,3,QB,32,Retired,Normal,67,0,0,FA,tier_6,,,,
Romeo,McCloud,Romeo McCloud,RomeoMcCloud_3563410,3100,3098,0,24,63,FS,22,Signed,Normal,65,0,5,LV,tier_6,,-5.0,,
Tyler,Holliday,Tyler Holliday,TylerHolliday_3038,3101,3099,5,27,3,C,23,Signed,Superstar,92,0,3,LAR,tier_1,,,,
Andrew,Booker,Andrew Booker,AndrewBooker_34715,3102,3100,1,23,7,MLB,2,Signed,Normal,62,0,0,BUF,tier_6,,0.0,,
Justin,Thomas,Justin Thomas,JustinThomas_34713,3103,3101,1,24,7,LOLB,22,Signed,Normal,74,0,4,LV,tier_5,,-4.0,,
Ju'jey,Woods,Ju'jey Woods,Ju'jeyWoods_3463345,3104,3102,1,23,63,RE,30,Signed,Normal,68,0,4,MIN,tier_6,,-4.0,,
Stan,Davis,Stan Davis,StanDavis_3463346,3105,3103,1,23,63,ROLB,25,PracticeSquad,Normal,61,0,2,WAS,tier_6,,,,
Anthony,Rogers,Anthony Rogers,AnthonyRogers_29438,3106,3104,7,30,4,HB,32,FreeAgent,Normal,64,0,0,FA,tier_6,,,,
Cole,Favors,Cole Favors,ColeFavors_3463347,3107,3105,1,22,63,CB,12,PracticeSquad,Normal,66,0,2,PHI,tier_6,,,,
Eddrick,Houston,Eddrick Houston,EddrickHouston_129,3108,3106,8,29,1,LE,6,Signed,Superstar,87,0,3,ARI,tier_2,,-3.0,,
Ed,Kuhn,Ed Kuhn,,3109,3107,0,22,8,C,32,Draft,Normal,54,0,0,FA,tier_6,,,,
Chris,Smith Jr,Chris Smith Jr,ChrisSmith Jr_3463348,3110,3108,1,22,63,WR,13,PracticeSquad,Normal,64,0,2,ATL,tier_6,,,,
Dre,Garland,Dre Garland,,3111,3109,0,23,8,CB,32,Draft,Normal,67,0,0,FA,tier_6,,,,
Beval,Massey,Beval Massey,BevalMassey_30333,3112,3110,5,28,3,CB,30,Signed,Star,73,0,2,MIN,tier_5,,-2.0,,
Drew,Perry,Drew Perry,DrewPerry_33535,3113,3111,2,24,5,QB,31,Signed,Normal,63,0,0,HOU,tier_6,,,,
Tristan,Wirfs,Tristan Wirfs,WirfsTristan_20971,3114,3112,15,36,1,RT,16,Signed,Star,66,0,2,JAX,tier_6,,,,
Lance,Foster,Lance Foster,LanceFoster_3463350,3115,3113,1,24,63,LT,0,Signed,Normal,69,5,0,CHI,tier_6,,,5.0,
Zaquan,Patterson,Zaquan Patterson,ZaquanPatterson_416,3116,3114,7,29,4,FS,24,Signed,Star,78,0,2,BAL,tier_4,,-2.0,,
Daniel,Cox,Daniel Cox,DanielCox_3463351,3117,3115,1,23,63,RE,9,PracticeSquad,Normal,61,0,2,IND,tier_6,,,,
Luke,Culkin,Luke Culkin,LukeCulkin_3463352,3118,3116,1,23,63,QB,6,Signed,Normal,62,0,0,ARI,tier_6,,,,
Julius,Gandy,Julius Gandy,JuliusGandy_3063311,3119,3117,5,27,63,HB,29,Signed,Normal,64,0,1,TEN,tier_6,,,,
Kirk,Masters,Kirk Masters,,3120,3118,0,23,8,RG,32,Draft,Normal,62,0,0,FA,tier_6,,,,
DJ,Pickett,DJ Pickett,DJPickett_117,3121,3119,8,29,1,CB,32,FreeAgent,Normal,69,0,0,FA,tier_6,,,,
Gerrad,Butler,Gerrad Butler,GerradButler_31216,3122,3120,4,26,2,WR,1,Signed,Normal,83,0,3,CIN,tier_3,-3.0,,,
Denzel,Tucker,Denzel Tucker,DenzelTucker_3463353,3123,3121,1,24,63,CB,5,PracticeSquad,Normal,66,0,2,TB,tier_6,,,,
David,Stone,David Stone,DavidStone_35,3124,3122,8,29,3,DT,11,Signed,Star,81,0,1,MIA,tier_3,,-1.0,,
Jabari,Linder,Jabari Linder,,3125,3123,0,23,8,LE,32,Draft,Normal,60,0,0,FA,tier_6,,,,
JT,Lindsey,JT Lindsey,JTLindsey_29325,3126,3124,7,29,3,HB,32,FreeAgent,Normal,62,0,0,FA,tier_6,,,,
Nick,Brown,Nick Brown,NickBrown_31520,3127,3125,4,27,5,LOLB,32,Deleted,Normal,55,0,0,FA,tier_6,,,,
Brian,Borden,Brian Borden,BrianBorden_35226,3128,3126,0,21,2,CB,24,Signed,Star,75,3,0,BAL,tier_4,,3.0,,
Orlando,Hartwell,Orlando Hartwell,,3129,3127,0,22,4,DT,32,Draft,Normal,67,0,0,FA,tier_6,,,,
Silas,Sharp,Silas Sharp,SilasSharp_3477,3130,3128,1,23,7,FS,16,PracticeSquad,Normal,62,0,2,JAX,tier_6,,,,
Darren,Mays,Darren Mays,DarrenMays_3563380,3131,3129,0,22,63,HB,25,Signed,Normal,69,0,1,WAS,tier_6,-1.0,,,
Kirk,Whitfield,Kirk Whitfield,,3132,3130,0,21,8,HB,32,Draft,Normal,64,0,0,FA,tier_6,,,,
Abu,Sama III,Abu Sama III,AbuSama III_533,3133,3131,8,30,5,HB,23,Signed,Normal,72,8,0,LAR,tier_5,8.0,,,
Stephen,Jett,Stephen Jett,StephenJett_3472,3134,3132,2,25,7,HB,32,FreeAgent,Normal,60,0,0,FA,tier_6,,,,
Morris,Carradine,Morris Carradine,,3135,3133,0,23,8,LT,32,Draft,Normal,66,0,0,FA,tier_6,,,,
Mike,Carrington,Mike Carrington,,3136,3134,0,22,8,LE,32,Draft,Normal,62,0,0,FA,tier_6,,,,
Shaquille,Walford,Shaquille Walford,ShaquilleWalford_33627,3137,3135,2,24,63,RE,14,Signed,Normal,66,0,0,SF,tier_6,,0.0,,
Trent,Stockton,Trent Stockton,TrentStockton_3474,3138,3136,1,23,7,LT,17,Signed,Normal,69,0,2,NYJ,tier_6,,,,
Dorian,Dawson,Dorian Dawson,,3139,3137,0,21,5,DT,32,Draft,Star,62,0,0,FA,tier_6,,,,
Da'Shawn,Bradshaw,Da'Shawn Bradshaw,Da'ShawnBradshaw_34426,3140,3138,1,22,4,TE,20,Signed,Normal,74,1,4,CAR,tier_5,-3.0,,,
Kevin,Woodward,Kevin Woodward,KevinWoodward_33418,3141,3139,2,25,4,FB,17,Signed,Normal,84,0,0,NYJ,tier_3,,,,
Quinton,Dailey,Quinton Dailey,,3142,3140,0,22,2,FS,32,Draft,Star,73,0,0,FA,tier_5,,,,
Dominick,Laws,Dominick Laws,DominickLaws_3363242,3143,3141,2,24,63,CB,32,Deleted,Normal,61,0,0,FA,tier_6,,,,
Jarrad,Norman,Jarrad Norman,JarradNorman_35515,3144,3142,0,22,5,CB,5,Signed,Normal,68,0,1,TB,tier_6,,,,
Isaac,Allen,Isaac Allen,IsaacAllen_33117,3145,3143,2,24,1,LE,22,Signed,XFactor,90,1,0,LV,tier_1,,1.0,,
Carlos,Green,Carlos Green,CarlosGreen_3463360,3146,3144,1,23,63,FS,15,Signed,Normal,61,0,2,NYG,tier_6,,,,
B.J.,Westerman,B.J. Westerman,B.J.Westerman_3463361,3147,3145,2,25,63,RG,32,FreeAgent,Normal,61,0,0,FA,tier_6,,,,
Bobby,McCain,Bobby McCain,BobbyMcCain_34714,3148,3146,1,24,7,LT,6,PracticeSquad,Normal,61,0,2,ARI,tier_6,,,,
Jonathan,Sanchez,Jonathan Sanchez,,3149,3147,0,22,8,FS,32,Draft,Normal,60,0,0,FA,tier_6,,,,
Zach,Fisher,Zach Fisher,,3150,3148,0,23,3,TE,32,Draft,Normal,63,0,0,FA,tier_6,,,,
Kobe,Kibo,Kobe Kibo,KobeKibo_3574,3151,3149,0,23,7,SS,17,Signed,Normal,65,0,0,NYJ,tier_6,,0.0,,
Carl,McLean,Carl McLean,,3152,3150,0,23,2,TE,32,Draft,Star,72,0,0,FA,tier_5,,,,
Danny,Nash,Danny Nash,DannyNash_34725,3153,3151,1,23,7,SS,15,Signed,Normal,65,0,2,NYG,tier_6,,,,
James,Stanley,James Stanley,JamesStanley_34630,3154,3152,1,22,6,FB,31,Signed,Normal,75,0,0,HOU,tier_4,,,,
Jeff,Torrence,Jeff Torrence,JeffTorrence_3563374,3155,3153,1,23,63,DT,32,FreeAgent,Normal,61,0,0,FA,tier_6,,,,
Darnell,Wright,Darnell Wright,WrightDarnell_22861,3156,3154,13,35,1,RT,32,FreeAgent,Normal,66,0,0,FA,tier_6,,,,
Ejnar,Johansson,Ejnar Johansson,EjnarJohansson_34636,3157,3155,1,23,6,K,16,Signed,Normal,77,1,1,JAX,tier_4,,,,0.0
Bryan,Gipson Jr,Bryan Gipson Jr,BryanGipson Jr_34724,3158,3156,1,24,7,CB,4,PracticeSquad,Normal,63,0,2,CLE,tier_6,,,,
Karamba,Kaba,Karamba Kaba,KarambaKaba_33111,3159,3157,2,22,1,CB,28,Signed,Star,90,0,1,PIT,tier_1,,-1.0,,
Eli,Herman,Eli Herman,EliHerman_35418,3160,3158,0,22,4,QB,2,Signed,Normal,67,0,0,BUF,tier_6,,,,
Elijah,Arroyo,Elijah Arroyo,ElijahArroyo_63395,3161,3159,9,31,63,TE,17,Signed,Normal,66,0,2,NYJ,tier_6,,,,
Bo,McGhee,Bo McGhee,BoMcGhee_30211,3162,3160,5,28,2,LG,5,Signed,Normal,77,0,1,TB,tier_4,,,-1.0,
Jermaine,Freeman,Jermaine Freeman,,3163,3161,0,21,5,MLB,32,Draft,Star,68,0,0,FA,tier_6,,,,
Tarvos,Alford,Tarvos Alford,TarvosAlford_29727,3164,3162,7,29,7,MLB,32,FreeAgent,Normal,61,0,0,FA,tier_6,,,,
Tyquan,Douglas,Tyquan Douglas,TyquanDouglas_3363238,3165,3163,2,24,63,CB,24,Signed,Normal,67,0,2,BAL,tier_6,,,,
Rashad,McMillan,Rashad McMillan,RashadMcMillan_34628,3166,3164,1,24,6,MLB,32,Deleted,Normal,56,0,0,FA,tier_6,,,,
Will,Ferguson,Will Ferguson,,3167,3165,0,21,8,LG,32,Draft,Normal,67,0,0,FA,tier_6,,,,
Micah,Jones,Micah Jones,MicahJones_29527,3168,3166,6,28,5,TE,22,Signed,Star,71,1,4,LV,tier_5,-3.0,,,
Tre,Allen,Tre Allen,TreAllen_3363378,3169,3167,3,25,63,LT,32,FreeAgent,Normal,63,0,0,FA,tier_6,,,,
Kevin,Brown,Kevin Brown,KevinBrown_29410,3170,3168,7,29,4,RG,32,FreeAgent,Normal,65,0,0,FA,tier_6,,,,
Kyle,Parker,Kyle Parker,KyleParker_33641,3171,3169,2,24,6,P,31,Signed,Normal,76,0,2,HOU,tier_4,,,,-2.0
Dion,Stamper,Dion Stamper,,3172,3170,0,22,4,TE,32,Draft,Star,72,0,0,FA,tier_5,,,,
Shaquille,Glover,Shaquille Glover,ShaquilleGlover_34112,3173,3171,1,22,1,DT,19,Signed,Star,77,1,0,GB,tier_4,,1.0,,
Zach,McClain,Zach McClain,ZachMcClain_3151,3174,3172,4,25,5,RT,3,Signed,Normal,81,1,0,DEN,tier_3,,,1.0,
Brandon,Binns,Brandon Binns,BrandonBinns_3463270,3175,3173,1,23,63,WR,2,PracticeSquad,Normal,62,0,2,BUF,tier_6,,,,
Jason,Woods,Jason Woods,,3176,3174,0,22,8,RE,32,Draft,Normal,67,0,0,FA,tier_6,,,,
Connor,Hillman,Connor Hillman,ConnorHillman_3463247,3177,3175,1,25,63,TE,15,Signed,Normal,68,1,2,NYG,tier_6,-1.0,,,
Aleksi,Pulkkinen,Aleksi Pulkkinen,AleksiPulkkinen_3352,3178,3176,2,23,5,P,14,Signed,Normal,70,2,1,SF,tier_5,,,,1.0
Deonte,Sheppard,Deonte Sheppard,,3179,3177,0,22,8,HB,32,Draft,Normal,61,0,0,FA,tier_6,,,,
Matai,Tagoa'i,Matai Tagoa'i,MataiTagoa'i_2963415,3180,3178,7,29,63,MLB,32,FreeAgent,Normal,59,0,0,FA,tier_6,,,,
Patrick,Whiting,Patrick Whiting,PatrickWhiting_33729,3181,3179,2,26,63,WR,17,PracticeSquad,Normal,64,0,2,NYJ,tier_6,,,,
Mac,Colbert,Mac Colbert,,3182,3180,0,21,8,RG,32,Draft,Normal,66,0,0,FA,tier_6,,,,
Branden,Northcutt,Branden Northcutt,BrandenNorthcutt_35220,3183,3181,0,23,2,TE,0,Signed,Normal,69,1,3,CHI,tier_6,-2.0,,,
Jayden,Harrison,Jayden Harrison,JaydenHarrison_3122,3184,3182,4,26,2,SS,5,Signed,Normal,74,0,2,TB,tier_5,,-2.0,,
Glenn,Brownlee,Glenn Brownlee,GlennBrownlee_3463295,3185,3183,2,24,63,MLB,32,FreeAgent,Normal,56,0,0,FA,tier_6,,,,
Dorian,Hebert,Dorian Hebert,,3186,3184,0,22,6,CB,32,Draft,Normal,67,0,0,FA,tier_6,,,,
Brett,Norfleet,Brett Norfleet,BrettNorfleet_617,3187,3185,9,32,6,TE,18,Signed,Star,71,0,2,DET,tier_5,,,,
Leon,Elam,Leon Elam,,3188,3186,0,22,8,RE,32,Draft,Normal,59,0,0,FA,tier_6,,,,
Braylon,Reinhart,Braylon Reinhart,BraylonReinhart_3563385,3189,3187,0,21,63,TE,4,Signed,Normal,62,0,1,CLE,tier_6,,,,
Leonard,Sharp,Leonard Sharp,LeonardSharp_34633,3190,3188,1,24,6,ROLB,24,PracticeSquad,Normal,62,0,2,BAL,tier_6,,,,
Brett,Harrison,Brett Harrison,BrettHarrison_3463370,3191,3189,1,22,63,QB,4,Signed,Normal,62,0,0,CLE,tier_6,,,,
Damien,Davis,Damien Davis,DamienDavis_34729,3192,3190,1,23,63,WR,11,Signed,Normal,62,0,2,MIA,tier_6,,,,
Eli,Kendricks,Eli Kendricks,EliKendricks_31714,3193,3191,4,28,7,QB,32,Deleted,Normal,60,0,0,FA,tier_6,,,,
Emmett,Morrison,Emmett Morrison,EmmettMorrison_3463371,3194,3192,1,24,63,SS,30,PracticeSquad,Normal,64,0,2,MIN,tier_6,,,,
Drew,Allar,Drew Allar,DrewAllar_12,3195,3193,10,31,1,QB,28,Signed,Normal,65,0,0,PIT,tier_6,,,,
Peyton,Harris,Peyton Harris,,3196,3194,0,23,8,K,32,Draft,Normal,70,0,0,FA,tier_5,,,,
Tre,Freeman,Tre Freeman,TreFreeman_126,3197,3195,9,31,1,MLB,0,Signed,Star,81,4,0,CHI,tier_3,,4.0,,
Marvin,Harrison Jr,Marvin Harrison Jr,HarrisonJrMarvin_14643,3198,3196,11,33,1,WR,25,Signed,Star,73,7,0,WAS,tier_5,7.0,,,
Drake,Maye,Drake Maye,MayeDrake_14501,3199,3197,11,33,1,QB,13,Signed,Normal,65,0,0,ATL,tier_6,,,,
Cassidy,Melvin,Cassidy Melvin,,3200,3198,0,22,8,HB,32,Draft,Normal,58,0,0,FA,tier_6,,,,
Olumuyiwa,Fashanu,Olumuyiwa Fashanu,OlumuyiwaFashanu_14,3201,3199,12,33,1,LT,32,FreeAgent,Normal,61,0,0,FA,tier_6,,,,
Shawn,Matthews,Shawn Matthews,,3202,3200,0,22,8,QB,32,Draft,Normal,60,0,0,FA,tier_6,,,,
Joe,Alt,Joe Alt,,3203,3201,11,32,1,LT,32,Deleted,Normal,70,0,0,FA,tier_5,,,,
Brock,Bowers,Brock Bowers,BowersBrock_14678,3204,3202,11,32,1,TE,7,Signed,XFactor,92,1,0,LAC,tier_1,1.0,,,
Keon,Coleman,Keon Coleman,ColemanKeon_14646,3205,3203,11,32,1,WR,17,Signed,Star,74,3,0,NYJ,tier_5,3.0,,,
J.J.,McCarthy,J.J. McCarthy,McCarthyJJ_14610,3206,3204,12,33,1,QB,32,FreeAgent,Normal,63,0,0,FA,tier_6,,,,
JC,Latham,JC Latham,LathamJC_14697,3207,3205,12,33,1,RT,32,FreeAgent,Normal,61,0,0,FA,tier_6,,,,
Chop,Robinson,Chop Robinson,RobinsonChop_14753,3208,3206,12,33,2,RE,32,FreeAgent,Normal,65,0,0,FA,tier_6,,,,
Kool-Aid,McKinstry,Kool-Aid McKinstry,,3209,3207,11,33,1,CB,32,Deleted,Star,81,0,0,FA,tier_3,,,,
Rome,Odunze,Rome Odunze,,3210,3208,11,33,1,WR,32,Deleted,Star,74,0,0,FA,tier_5,,,,
Braxton,Valentine,Braxton Valentine,BraxtonValentine_3363229,3211,3209,2,25,63,QB,27,Signed,Normal,61,0,0,SEA,tier_6,,,,
Evan,Rutledge,Evan Rutledge,,3212,3210,0,22,8,C,32,Draft,Normal,64,0,0,FA,tier_6,,,,
Kinglsey,Suamataia,Kinglsey Suamataia,KinglseySuamataia_132,3213,3211,11,33,1,RT,4,Signed,Star,69,1,0,CLE,tier_6,,,1.0,
Patrick,Paul,Patrick Paul,PaulPatrick_14702,3214,3212,12,34,3,LT,32,FreeAgent,Normal,63,0,0,FA,tier_6,,,,
Zack,Judge,Zack Judge,,3215,3213,0,22,8,FB,32,Draft,Normal,63,0,0,FA,tier_6,,,,
Jourdan,Boone,Jourdan Boone,JourdanBoone_3118,3216,3214,4,27,1,QB,20,Signed,Normal,73,0,0,CAR,tier_5,,,,
Maason,Smith,Maason Smith,SmithMaason_14859,3217,3215,11,32,1,DT,10,Signed,Star,71,0,2,DAL,tier_5,,,,
Nate,Wiggins,Nate Wiggins,WigginsNate_14924,3218,3216,12,33,1,CB,32,FreeAgent,Normal,66,0,0,FA,tier_6,,,,
Deon,Pierce,Deon Pierce,,3219,3217,0,22,8,LE,32,Draft,Star,68,0,0,FA,tier_6,,,,
Graham,Barton,Graham Barton,BartonGraham_14703,3220,3218,12,34,2,RG,32,FreeAgent,Normal,62,0,0,FA,tier_6,,,,
Roy,Womack,Roy Womack,,3221,3219,0,21,8,RE,32,Draft,Normal,59,0,0,FA,tier_6,,,,
Michael,Carey,Michael Carey,,3222,3220,0,23,1,QB,32,Draft,Normal,73,0,0,FA,tier_5,,,,
Joshua,Thurston,Joshua Thurston,,3223,3221,0,22,8,QB,32,Draft,Normal,64,0,0,FA,tier_6,,,,
Maurice,Kirkpatrick,Maurice Kirkpatrick,MauriceKirkpatrick_35131,3224,3222,0,22,1,CB,7,Signed,Normal,78,0,1,LAC,tier_4,,,,
Smael,Mondon,Smael Mondon,SmaelMondon_123,3225,3223,11,32,1,LOLB,25,Signed,Star,70,3,0,WAS,tier_5,,3.0,,
Tyrell,Preston,Tyrell Preston,TyrellPreston_33511,3226,3224,3,25,5,WR,32,FreeAgent,Normal,62,0,0,FA,tier_6,,,,
Will,Clemons,Will Clemons,WillClemons_3419,3227,3225,1,24,1,QB,17,Signed,Normal,77,0,0,NYJ,tier_4,,,,
Brad,Wilson,Brad Wilson,BradWilson_3163316,3228,3226,4,27,63,K,29,Signed,Normal,78,3,0,TEN,tier_4,,,,3.0
Jer'Zhan,Newton,Jer'Zhan Newton,NewtonJerZhan_14751,3229,3227,11,33,1,DT,4,Signed,Superstar,80,6,0,CLE,tier_3,,6.0,,
Chase,Hayes,Chase Hayes,,3230,3228,0,22,8,QB,32,Draft,Normal,54,0,0,FA,tier_6,,,,
Nolan,Welch,Nolan Welch,NolanWelch_34215,3231,3229,1,22,2,RE,10,Signed,Normal,80,8,0,DAL,tier_3,,8.0,,
Randy,Foster,Randy Foster,,3232,3230,0,21,8,RE,32,Draft,Normal,67,0,0,FA,tier_6,,,,
Chauncey,Richardson,Chauncey Richardson,,3233,3231,0,23,8,WR,32,Draft,Normal,64,0,0,FA,tier_6,,,,
Michael,Penix Jr.,Michael Penix Jr.,,3234,3232,11,35,2,QB,32,Deleted,Normal,60,0,0,FA,tier_6,,,,
Jacoby,Foreman,Jacoby Foreman,JacobyForeman_35732,3235,3233,0,22,63,WR,28,PracticeSquad,Normal,64,0,1,PIT,tier_6,,,,
Nicholas,Anderson,Nicholas Anderson,,3236,3234,0,21,7,TE,32,Draft,Star,67,0,0,FA,tier_6,,,,
Mick,Spiegel,Mick Spiegel,,3237,3235,0,22,8,LG,32,Draft,Normal,59,0,0,FA,tier_6,,,,
Jeremiah,Trotter Jr.,Jeremiah Trotter Jr.,JeremiahTrotter Jr._23,3238,3236,11,32,2,LOLB,27,Signed,Star,82,0,4,SEA,tier_3,,-4.0,,
Malik,Nabers,Malik Nabers,NabersMalik_14644,3239,3237,11,32,1,WR,19,Signed,Star,74,1,0,GB,tier_5,1.0,,,
Andrew,O'Brien,Andrew O'Brien,AndrewO'Brien_3342,3240,3238,2,23,4,K,5,Signed,Star,72,1,2,TB,tier_5,,,,-1.0
Caden,Prieskorn,Caden Prieskorn,CadenPrieskorn_324,3241,3239,11,34,3,TE,11,Signed,Superstar,81,1,1,MIA,tier_3,0.0,,,
Barrett,Carter,Barrett Carter,BarrettCarter_117,3242,3240,11,32,1,MLB,7,Signed,Star,76,0,4,LAC,tier_4,,-4.0,,
Brian,Moore,Brian Moore,BrianMoore_35413,3243,3241,0,22,4,FS,27,Signed,Normal,67,0,2,SEA,tier_6,,-2.0,,
Bo,Nix,Bo Nix,NixBo_14609,3244,3242,11,35,4,QB,6,Signed,Normal,69,0,0,ARI,tier_6,,,,
Matthew,Boston,Matthew Boston,,3245,3243,0,21,7,WR,32,Draft,Normal,65,0,0,FA,tier_6,,,,
Brandon,Farrell-Mayes,Brandon Farrell-Mayes,BrandonFarrell-Mayes_3563438,3246,3244,1,23,63,MLB,32,FreeAgent,Normal,59,0,0,FA,tier_6,,,,
Demario,Woods,Demario Woods,DemarioWoods_3563389,3247,3245,0,22,63,FS,23,PracticeSquad,Normal,63,0,1,LAR,tier_6,,,,
Trumaine,Strickland,Trumaine Strickland,TrumaineStrickland_3163411,3248,3246,5,28,63,SS,32,FreeAgent,Normal,62,0,0,FA,tier_6,,,,
Kyle,Smith,Kyle Smith,,3249,3247,0,22,1,MLB,32,Draft,Superstar,76,0,0,FA,tier_4,,,,
Brett,Stewart,Brett Stewart,BrettStewart_3563408,3250,3248,0,22,63,LG,2,PracticeSquad,Normal,62,0,1,BUF,tier_6,,,,
Jermaine,Canty,Jermaine Canty,JermaineCanty_3363332,3251,3249,2,24,63,LE,19,Signed,Normal,65,0,1,GB,tier_6,,-1.0,,
Calen,Bullock,Calen Bullock,BullockCalen_14939,3252,3250,11,32,1,SS,19,Signed,Normal,70,0,1,GB,tier_5,,-1.0,,
LaMichael,Kershaw,LaMichael Kershaw,LaMichaelKershaw_3363289,3253,3251,2,25,63,HB,20,Signed,Normal,64,0,1,CAR,tier_6,,,,
Wes,VanBuren,Wes VanBuren,WesVanBuren_3535,3254,3252,0,23,3,DT,17,Signed,Normal,74,2,0,NYJ,tier_5,,2.0,,
Junior,Horne,Junior Horne,JuniorHorne_3363444,3255,3253,3,26,63,WR,32,FreeAgent,Normal,65,0,0,FA,tier_6,,,,
Sedrick,Van Pran,Sedrick Van Pran,,3256,3254,11,33,2,C,32,Deleted,Star,71,0,0,FA,tier_5,,,,
Chris,Lewis,Chris Lewis,ChrisLewis_35721,3257,3255,0,22,7,WR,25,PracticeSquad,Normal,62,0,1,WAS,tier_6,,,,
Roman,Heyward,Roman Heyward,,3258,3256,0,23,2,CB,32,Draft,Superstar,75,0,0,FA,tier_4,,,,
Cris,Tyson,Cris Tyson,,3259,3257,0,23,8,LE,32,Draft,Normal,62,0,0,FA,tier_6,,,,
Chris,Dalton,Chris Dalton,,3260,3258,0,22,8,LOLB,32,Draft,Normal,60,0,0,FA,tier_6,,,,
Nick,Rivers,Nick Rivers,NickRivers_3463375,3261,3259,1,24,63,ROLB,8,Signed,Normal,64,3,0,KC,tier_6,,3.0,,
Emmanuel,Sutton,Emmanuel Sutton,,3262,3260,0,23,4,CB,32,Draft,Normal,67,0,0,FA,tier_6,,,,
Britton,Bonds,Britton Bonds,,3263,3261,0,23,4,FS,32,Draft,Normal,66,0,0,FA,tier_6,,,,
Ja'Quan,McDaniels,Ja'Quan McDaniels,,3264,3262,0,23,3,LE,32,Draft,Star,66,0,0,FA,tier_6,,,,
Raymond,Pulido,Raymond Pulido,RaymondPulido_22,3265,3263,8,31,2,RG,18,Signed,Star,85,0,3,DET,tier_2,,,-3.0,
Jake,Harris,Jake Harris,JakeHarris_35524,3266,3264,0,21,5,LT,28,Signed,Normal,66,0,1,PIT,tier_6,,,,
Jaylan,Ford,Jaylan Ford,FordJaylan_14912,3267,3265,11,33,2,MLB,4,Signed,Star,81,0,3,CLE,tier_3,,,,
Khyree,Jackson,Khyree Jackson,KhyreeJackson_231,3268,3266,12,35,2,CB,32,FreeAgent,Star,73,0,0,FA,tier_5,,,,
Dallas,Harrell,Dallas Harrell,DallasHarrell_3563247,3269,3267,0,23,63,TE,13,Signed,Normal,61,0,1,ATL,tier_6,,,,
Eric,Wall,Eric Wall,EricWall_34637,3270,3268,1,24,6,DT,27,Signed,Normal,64,3,0,SEA,tier_6,,3.0,,
Kyrie,Wallace,Kyrie Wallace,KyrieWallace_3129,3271,3269,4,27,2,CB,5,Signed,Normal,76,3,0,TB,tier_4,,3.0,,
John,Morales,John Morales,JohnMorales_3156,3272,3270,4,26,5,MLB,12,Signed,Normal,66,0,2,PHI,tier_6,,,,
Emory,Delgado,Emory Delgado,EmoryDelgado_3564,3273,3271,0,22,6,LE,27,Signed,Normal,66,0,1,SEA,tier_6,,,,
Kiran,Amegadjie,Kiran Amegadjie,AmegadjieKiran_1071,3274,3272,11,34,2,RG,26,Signed,Normal,65,0,2,NO,tier_6,,,,
Cedric,Gray,Cedric Gray,GrayCedric_14909,3275,3273,11,32,3,MLB,2,Signed,Star,78,0,2,BUF,tier_4,,,,
M.J.,Jackson,M.J. Jackson,M.J.Jackson_34524,3276,3274,1,24,5,CB,1,Signed,Normal,72,0,1,CIN,tier_5,,-1.0,,
Steven,Huff,Steven Huff,StevenHuff_31740,3277,3275,5,27,7,CB,32,FreeAgent,Normal,64,0,0,FA,tier_6,,,,
Emmett,Middleton,Emmett Middleton,,3278,3276,0,22,8,FS,32,Draft,Normal,59,0,0,FA,tier_6,,,,
Jonathan,Barnes,Jonathan Barnes,JonathanBarnes_3563,3279,3277,0,22,6,WR,14,Signed,Normal,74,1,0,SF,tier_5,1.0,,,
Doug,Henley,Doug Henley,,3280,3278,0,23,6,CB,32,Draft,Normal,67,0,0,FA,tier_6,,,,
Adonai,Mitchell,Adonai Mitchell,MitchellAdonai_14649,3281,3279,10,32,2,WR,32,Deleted,Star,71,0,0,FA,tier_5,,,,
Michael,McComb,Michael McComb,MichaelMcComb_35517,3282,3280,0,22,5,RG,1,Signed,Normal,66,0,1,CIN,tier_6,,,,
Dylan,Wall,Dylan Wall,DylanWall_3371,3283,3281,2,24,7,QB,29,Signed,Normal,61,0,0,TEN,tier_6,,,,
Quinn,Rafano,Quinn Rafano,QuinnRafano_33321,3284,3282,2,24,3,RE,15,Signed,Normal,72,0,3,NYG,tier_5,,-3.0,,
C.J.,Wilkins,C.J. Wilkins,,3285,3283,0,22,1,LE,32,Draft,Normal,74,0,0,FA,tier_5,,,,
Barry,Choice,Barry Choice,,3286,3284,0,23,6,HB,32,Draft,Normal,69,0,0,FA,tier_6,,,,
Justin,MacDonald,Justin MacDonald,,3287,3285,0,22,3,LE,32,Draft,Normal,67,0,0,FA,tier_6,,,,
Max,Jones,Max Jones,MaxJones_35543,3288,3286,0,23,5,HB,16,Signed,Normal,66,0,1,JAX,tier_6,,,,
Eric,Bishop,Eric Bishop,EricBishop_35716,3289,3287,0,22,7,LE,21,PracticeSquad,Normal,61,0,1,NE,tier_6,,,,
Jaren,Simpson,Jaren Simpson,,3290,3288,0,21,6,TE,32,Draft,Normal,66,0,0,FA,tier_6,,,,
Kierre,Abraham,Kierre Abraham,KierreAbraham_3463379,3291,3289,1,24,63,DT,5,Signed,Normal,61,0,2,TB,tier_6,,,,
Eddie,Felder,Eddie Felder,,3292,3290,0,22,1,CB,32,Draft,XFactor,80,0,0,FA,tier_3,,,,
J.J.,McCoy,J.J. McCoy,J.J.McCoy_3563414,3293,3291,0,22,63,FS,18,PracticeSquad,Normal,62,0,1,DET,tier_6,,,,
J.D.,Peterson,J.D. Peterson,,3294,3292,0,21,8,TE,32,Draft,Star,59,0,0,FA,tier_6,,,,
Keilan,Dunlap,Keilan Dunlap,KeilanDunlap_3363445,3295,3293,2,23,63,WR,0,Signed,Normal,64,0,2,CHI,tier_6,,,,
Terrelle,Wilford,Terrelle Wilford,TerrelleWilford_35323,3296,3294,0,22,3,HB,26,Signed,Normal,73,0,1,NO,tier_5,-1.0,,,
Colton,Wheeler,Colton Wheeler,ColtonWheeler_3463380,3297,3295,2,25,63,RG,32,FreeAgent,Normal,61,0,0,FA,tier_6,,,,
Raiden,Auva'a,Raiden Auva'a,RaidenAuva'a_33422,3298,3296,2,24,4,ROLB,13,Signed,Normal,64,1,0,ATL,tier_6,,1.0,,
Cam,Skaggs,Cam Skaggs,,3299,3297,0,23,8,DT,32,Draft,Normal,58,0,0,FA,tier_6,,,,
Jarius,Silas,Jarius Silas,,3300,3298,0,22,8,RE,32,Draft,Normal,67,0,0,FA,tier_6,,,,
Anton,Rivers,Anton Rivers,AntonRivers_34627,3301,3299,1,25,6,SS,32,Deleted,Normal,60,0,0,FA,tier_6,,,,
Jonathan,Hardy,Jonathan Hardy,JonathanHardy_30320,3302,3300,5,27,3,QB,26,Signed,Normal,67,0,0,NO,tier_6,,,,
Karene,Reid,Karene Reid,KareneReid_217,3303,3301,12,33,2,ROLB,32,FreeAgent,Normal,61,0,0,FA,tier_6,,,,
Cooper,Beebee,Cooper Beebee,CooperBeebee_333,3304,3302,11,34,3,LG,31,Signed,Star,69,0,2,HOU,tier_6,,,,
Byron,German,Byron German,ByronGerman_3363286,3305,3303,2,25,63,FB,10,Signed,Normal,72,0,0,DAL,tier_5,,,,
Jalen,McMillian,Jalen McMillian,JalenMcMillian_316,3306,3304,12,34,3,WR,32,FreeAgent,Normal,66,0,0,FA,tier_6,,,,
Justin,Parrish-Thompson,Justin Parrish-Thompson,JustinParrish-Thompson_536,3307,3305,5,27,5,FB,8,Signed,Star,78,0,0,KC,tier_4,,,,
Dylan,Ward,Dylan Ward,DylanWard_31632,3308,3306,5,29,6,QB,32,FreeAgent,Normal,62,0,0,FA,tier_6,,,,
Tevin,Richmond Jr,Tevin Richmond Jr,TevinRichmond Jr_33436,3309,3307,2,24,4,SS,5,Signed,Normal,65,0,5,TB,tier_6,,-5.0,,
Joel,Shelby,Joel Shelby,,3310,3308,0,21,8,TE,32,Draft,Normal,57,0,0,FA,tier_6,,,,
Dudley,Cummins,Dudley Cummins,DudleyCummins_35419,3311,3309,0,21,4,LE,5,Signed,Normal,71,0,3,TB,tier_5,,-3.0,,
Keith,Wheeler,Keith Wheeler,KeithWheeler_34530,3312,3310,1,23,5,WR,12,Signed,Normal,68,0,2,PHI,tier_6,,,,
Melo,Atkins,Melo Atkins,,3313,3311,0,22,4,CB,32,Draft,Normal,69,0,0,FA,tier_6,,,,
Allan,McCann,Allan McCann,AllanMcCann_35633,3314,3312,0,22,6,P,19,Signed,Normal,72,0,1,GB,tier_5,,,,-1.0
Mateo,Galindo,Mateo Galindo,MateoGalindo_3363305,3315,3313,2,25,63,K,14,Signed,Normal,73,1,1,SF,tier_5,,,,0.0
Teddy,Kramer,Teddy Kramer,TeddyKramer_3163396,3316,3314,4,27,63,DT,2,Signed,Normal,66,0,2,BUF,tier_6,,,,
TyRon,Hopper,TyRon Hopper,TyRonHopper_317,3317,3315,11,34,3,ROLB,17,Signed,Normal,62,0,2,NYJ,tier_6,,,,
Rudy,Felix,Rudy Felix,RudyFelix_3463382,3318,3316,1,25,63,LT,11,PracticeSquad,Normal,63,0,2,MIA,tier_6,,,,
Eli,Winters,Eli Winters,EliWinters_34225,3319,3317,1,23,2,ROLB,15,Signed,Normal,73,0,4,NYG,tier_5,,-4.0,,
Quinyon,Mitchell,Quinyon Mitchell,MitchellQuinyon_14932,3320,3318,12,34,4,CB,32,FreeAgent,Normal,66,0,0,FA,tier_6,,,,
Ifeatu,Obogbule,Ifeatu Obogbule,IfeatuObogbule_37,3321,3319,5,26,3,RG,9,Signed,Normal,78,0,2,IND,tier_4,,,,
JaMichael,Hamilton,JaMichael Hamilton,,3322,3320,0,23,8,CB,32,Draft,Normal,61,0,0,FA,tier_6,,,,
Mario,Hodges,Mario Hodges,,3323,3321,0,22,3,CB,32,Draft,Normal,69,0,0,FA,tier_6,,,,
Dexter,Bibbs,Dexter Bibbs,DexterBibbs_33632,3324,3322,2,24,6,QB,23,Signed,Normal,57,0,0,LAR,tier_6,,,,
Preston,Ward,Preston Ward,PrestonWard_3463383,3325,3323,1,22,63,C,0,Signed,Normal,63,0,2,CHI,tier_6,,,,
DaQuan,Allen,DaQuan Allen,DaQuanAllen_34517,3326,3324,1,24,5,CB,2,Signed,Normal,76,0,2,BUF,tier_4,,,,
Trent,Stephens,Trent Stephens,TrentStephens_3577,3327,3325,0,22,7,LE,9,Signed,Normal,65,0,1,IND,tier_6,,,,
DeAndre,McFadden,DeAndre McFadden,DeAndreMcFadden_3361,3328,3326,2,24,6,LE,13,PracticeSquad,Normal,68,0,2,ATL,tier_6,,,,
Junior,Colson,Junior Colson,ColsonJunior_14905,3329,3327,11,32,4,MLB,22,Signed,Star,77,8,0,LV,tier_4,,8.0,,
Carl,Prosinski,Carl Prosinski,CarlProsinski_3463384,3330,3328,1,24,63,C,31,Signed,Normal,63,0,2,HOU,tier_6,,,,
Jason,Jones,Jason Jones,,3331,3329,0,21,8,FS,32,Draft,Normal,59,0,0,FA,tier_6,,,,
Solomon,Thomas,Solomon Thomas,SolomonThomas_122,3332,3330,8,29,1,RG,32,FreeAgent,Normal,64,0,0,FA,tier_6,,,,
Eric,Tucker,Eric Tucker,EricTucker_34631,3333,3331,1,24,6,C,8,Signed,Normal,67,0,7,KC,tier_6,,,-7.0,
Devin,Sharp,Devin Sharp,DevinSharp_33329,3334,3332,2,24,3,LOLB,15,Signed,Normal,79,4,0,NYG,tier_4,,4.0,,
Jayden,Hall,Jayden Hall,JaydenHall_3512,3335,3333,0,21,1,QB,14,Signed,Normal,69,0,0,SF,tier_6,,,,
J'Vendre,Hilliard,J'Vendre Hilliard,J'VendreHilliard_3541,3336,3334,0,21,4,LG,29,Signed,Normal,68,0,1,TEN,tier_6,,,,
Demetrius,Hodgins,Demetrius Hodgins,DemetriusHodgins_3418,3337,3335,1,23,1,RE,26,Signed,Normal,72,0,5,NO,tier_5,,-5.0,,
Marcus,Franklin,Marcus Franklin,MarcusFranklin_35216,3338,3336,0,21,2,ROLB,6,Signed,Star,75,0,8,ARI,tier_4,,-8.0,,
Larry,Walton,Larry Walton,,3339,3337,0,22,8,DT,32,Draft,Normal,60,0,0,FA,tier_6,,,,
Tre,Felix-Baker,Tre Felix-Baker,TreFelix-Baker_34614,3340,3338,1,24,6,RT,22,Signed,Normal,68,0,2,LV,tier_6,,,,
Mitch,Callahan,Mitch Callahan,MitchCallahan_3163413,3341,3339,5,27,63,SS,32,FreeAgent,Normal,68,0,0,FA,tier_6,,,,
Christine,Hitchens,Christine Hitchens,,3342,3340,0,22,1,LE,32,Draft,Normal,74,0,0,FA,tier_5,,,,
Brian,Childress,Brian Childress,,3343,3341,0,23,8,LOLB,32,Draft,Normal,57,0,0,FA,tier_6,,,,
Eric,Green,Eric Green,,3344,3342,0,22,8,LT,32,Draft,Normal,59,0,0,FA,tier_6,,,,
Jayvon,Haskins,Jayvon Haskins,JayvonHaskins_3363270,3345,3343,2,25,63,LE,26,PracticeSquad,Normal,61,0,2,NO,tier_6,,,,
Darnell,Edwards Jr,Darnell Edwards Jr,DarnellEdwards Jr_35333,3346,3344,0,23,3,ROLB,11,Signed,Star,70,0,6,MIA,tier_5,,-6.0,,
Vernon,Morris,Vernon Morris,VernonMorris_3363309,3347,3345,2,25,63,RE,17,PracticeSquad,Normal,65,0,2,NYJ,tier_6,,,,
Tavon,Benedict II,Tavon Benedict II,TavonBenedict II_3538,3348,3346,0,22,3,WR,22,Signed,Normal,72,1,0,LV,tier_5,1.0,,,
Tramell,Benford,Tramell Benford,TramellBenford_35512,3349,3347,0,22,5,TE,15,Signed,Normal,65,0,1,NYG,tier_6,,,,
Brett,St. Louis,Brett St. Louis,BrettSt. Louis_3563322,3350,3348,0,23,63,K,9,PracticeSquad,Normal,68,0,0,IND,tier_6,,,,
Spencer,Johnston,Spencer Johnston,SpencerJohnston_3563420,3351,3349,0,23,63,RT,25,PracticeSquad,Normal,62,0,1,WAS,tier_6,,,,
Julian,Gannon,Julian Gannon,,3352,3350,0,22,8,LG,32,Draft,Normal,58,0,0,FA,tier_6,,,,
Calvin,Allen,Calvin Allen,,3353,3351,0,21,8,MLB,32,Draft,Normal,68,0,0,FA,tier_6,,,,
Jack,Wyatt,Jack Wyatt,JackWyatt_3563300,3354,3352,0,22,63,LG,26,PracticeSquad,Normal,62,0,1,NO,tier_6,,,,
Z'Kai,Miller,Z'Kai Miller,Z'KaiMiller_31329,3355,3353,4,26,3,FS,8,Signed,Normal,72,0,1,KC,tier_5,,-1.0,,
Zach,Sharp,Zach Sharp,ZachSharp_34610,3356,3354,1,25,6,HB,7,Signed,Normal,60,0,1,LAC,tier_6,,,,
Joshua,Karty,Joshua Karty,KartyJoshua_15005,3357,3355,11,33,5,K,30,Signed,Star,75,3,0,MIN,tier_4,,,,3.0
Tim,Bailey,Tim Bailey,TimBailey_31735,3358,3356,5,28,7,LT,32,FreeAgent,Normal,62,0,0,FA,tier_6,,,,
Ronald,Dansby,Ronald Dansby,RonaldDansby_3468,3359,3357,1,23,6,FB,16,Signed,Normal,75,0,0,JAX,tier_4,,,,
Nolan,Potter,Nolan Potter,NolanPotter_310,3360,3358,11,34,3,LT,7,Signed,Star,72,0,2,LAC,tier_5,,,,
Tyquan,Eddins,Tyquan Eddins,TyquanEddins_3374,3361,3359,3,25,7,CB,32,FreeAgent,Normal,66,0,0,FA,tier_6,,,,
Nyles,Ali,Nyles Ali,NylesAli_35429,3362,3360,0,22,4,HB,8,Signed,Normal,69,6,0,KC,tier_6,6.0,,,
Gernorris,Williams,Gernorris Williams,GernorrisWilliams_3563399,3363,3361,0,22,63,TE,19,Signed,Normal,64,0,1,GB,tier_6,,,,
Clifton,Fitzpatrick,Clifton Fitzpatrick,CliftonFitzpatrick_3463393,3364,3362,1,23,63,K,28,Signed,Normal,70,1,2,PIT,tier_5,,,,-1.0
Niles,Parry,Niles Parry,NilesParry_33518,3365,3363,2,24,5,FS,7,Signed,Normal,67,1,0,LAC,tier_6,,1.0,,
Jervon,Boykins,Jervon Boykins,JervonBoykins_35111,3366,3364,0,22,1,WR,26,Signed,Star,80,6,0,NO,tier_3,6.0,,,
Alex,Burnett,Alex Burnett,AlexBurnett_31722,3367,3365,5,27,7,HB,32,FreeAgent,Normal,62,0,0,FA,tier_6,,,,
James,Johnson,James Johnson,JamesJohnson_3463394,3368,3366,1,24,63,LG,23,Signed,Normal,69,0,5,LAR,tier_6,,,-5.0,
Eric,Stark,Eric Stark,,3369,3367,0,21,1,RT,32,Draft,Star,72,0,0,FA,tier_5,,,,
Sawyer,Ross,Sawyer Ross,SawyerRoss_35218,3370,3368,0,23,2,RE,21,Signed,Star,72,3,0,NE,tier_5,,3.0,,
Trey,Benson,Trey Benson,BensonTrey_14622,3371,3369,11,33,2,HB,32,Deleted,Normal,60,0,0,FA,tier_6,,,,
Devin,Beckham,Devin Beckham,DevinBeckham_33721,3372,3370,2,24,7,CB,27,Signed,Normal,62,0,2,SEA,tier_6,,,,
Immanuel,Reece,Immanuel Reece,ImmanuelReece_31227,3373,3371,4,25,2,ROLB,19,Signed,Normal,79,1,0,GB,tier_4,,1.0,,
Trae,Pryor,Trae Pryor,TraePryor_3357,3374,3372,2,24,5,RE,27,Signed,Normal,69,0,2,SEA,tier_6,,,,
Austin,Jackson,Austin Jackson,AustinJackson_33620,3375,3373,2,24,6,RE,6,Signed,Normal,71,3,0,ARI,tier_5,,3.0,,
Tyler,Harris,Tyler Harris,,3376,3374,0,23,8,RE,32,Draft,Normal,60,0,0,FA,tier_6,,,,
Chuck,Thompson,Chuck Thompson,ChuckThompson_3463396,3377,3375,1,24,63,DT,17,Signed,Normal,64,0,2,NYJ,tier_6,,,,
Gilbert,Mills,Gilbert Mills,GilbertMills_3463397,3378,3376,1,24,63,WR,15,PracticeSquad,Normal,62,0,2,NYG,tier_6,,,,
Brandon,Wint,Brandon Wint,,3379,3377,0,22,1,CB,32,Draft,Normal,77,0,0,FA,tier_4,,,,
Adrien,Martin,Adrien Martin,AdrienMartin_31430,3380,3378,4,26,4,DT,10,Signed,Normal,76,5,0,DAL,tier_4,,5.0,,
Calvin,Fuller,Calvin Fuller,CalvinFuller_3163253,3381,3379,5,28,63,CB,32,FreeAgent,Normal,65,0,0,FA,tier_6,,,,
LeBron,McKee,LeBron McKee,LeBronMcKee_30430,3382,3380,5,27,4,DT,13,Signed,Normal,75,0,2,ATL,tier_4,,-2.0,,
Dion,Wilder,Dion Wilder,DionWilder_3065,3383,3381,5,28,6,TE,20,Signed,Normal,67,0,2,CAR,tier_6,,,,
Ekene,Shelton,Ekene Shelton,Da'SaahnShelton_31435,3384,3382,4,26,1,RE,28,Signed,Star,83,1,0,PIT,tier_3,,1.0,,
Jayden,Daniels,Jayden Daniels,DanielsJayden_14579,3385,3383,11,34,1,QB,14,Signed,Star,77,0,0,SF,tier_4,,,,
Adonis,Woodson,Adonis Woodson,AdonisWoodson_30223,3386,3384,5,28,2,LE,30,Signed,Star,73,0,5,MIN,tier_5,,-5.0,,
Cecil,Holmes,Cecil Holmes,CecilHolmes_3363249,3387,3385,2,25,63,CB,31,PracticeSquad,Normal,67,0,2,HOU,tier_6,,,,
Leon,Young Jr,Leon Young Jr,LeonYoung Jr_3463398,3388,3386,1,23,63,HB,16,Signed,Normal,63,0,1,JAX,tier_6,,,,
Jaquayln,Stamer,Jaquayln Stamer,,3389,3387,0,22,1,QB,32,Draft,Star,70,0,0,FA,tier_5,,,,
Chris,Kidd,Chris Kidd,,3390,3388,0,23,8,WR,32,Draft,Normal,60,0,0,FA,tier_6,,,,
Charles,Bryson,Charles Bryson,,3391,3389,0,23,8,CB,32,Draft,Normal,63,0,0,FA,tier_6,,,,
Damion,Johnson,Damion Johnson,,3392,3390,0,22,8,MLB,32,Draft,Normal,58,0,0,FA,tier_6,,,,
Andrew,Brown,Andrew Brown,AndrewBrown_3163351,3393,3391,4,26,63,RG,17,Signed,Normal,69,0,2,NYJ,tier_6,,,,
Quincy,Jones Jr,Quincy Jones Jr,QuincyJones Jr_3412,3394,3392,1,23,1,LE,24,Signed,Star,89,2,0,BAL,tier_2,,2.0,,
Michael,Rocca,Michael Rocca,MichaelRocca_31115,3395,3393,4,26,1,QB,6,Signed,Star,76,0,0,ARI,tier_4,,,,
Tre,Calhoun,Tre Calhoun,TreCalhoun_31126,3396,3394,5,27,1,LG,32,FreeAgent,Normal,65,0,0,FA,tier_6,,,,
Jarrad,Rhodes,Jarrad Rhodes,JarradRhodes_3427,3397,3395,1,23,2,QB,26,Signed,Normal,70,0,0,NO,tier_5,,,,
Keith,Williams,Keith Williams,KeithWilliams_3377,3398,3396,2,25,7,FB,14,Signed,Normal,76,0,0,SF,tier_4,,,,
Dion,Borden,Dion Borden,DionBorden_34317,3399,3397,1,23,3,SS,21,Signed,Normal,75,0,1,NE,tier_4,,-1.0,,
Anderson,Hubbard,Anderson Hubbard,AndersonHubbard_3142,3400,3398,5,27,4,WR,32,FreeAgent,Normal,63,0,0,FA,tier_6,,,,
Cameron,Haynes,Cameron Haynes,CameronHaynes_3463399,3401,3399,1,23,63,CB,27,PracticeSquad,Normal,66,0,2,SEA,tier_6,,,,
Marion,Bayless,Marion Bayless,MarionBayless_35727,3402,3400,0,22,7,LE,16,Signed,Normal,72,9,0,JAX,tier_5,,9.0,,
Callum,Barkley,Callum Barkley,CallumBarkley_3363402,3403,3401,3,25,63,P,32,FreeAgent,Normal,67,0,0,FA,tier_6,,,,
Jerome,Myles,Jerome Myles,JeromeMyles_29229,3404,3402,6,28,2,WR,0,Signed,XFactor,95,1,0,CHI,tier_0,1.0,,,
Dexter,Mann,Dexter Mann,,3405,3403,0,22,8,LE,32,Draft,Normal,57,0,0,FA,tier_6,,,,
Paul,Ferguson,Paul Ferguson,PaulFerguson_33433,3406,3404,2,25,4,RG,2,Signed,Star,74,0,0,BUF,tier_5,,,0.0,
Charlie,Phillips,Charlie Phillips,CharliePhillips_3363319,3407,3405,2,25,63,C,32,Deleted,Normal,57,0,0,FA,tier_6,,,,
Tyron,Davis,Tyron Davis,,3408,3406,0,21,3,TE,32,Draft,Normal,71,0,0,FA,tier_5,,,,
Shane,DeVoe,Shane DeVoe,,3409,3407,0,23,4,TE,32,Draft,Star,64,0,0,FA,tier_6,,,,
Kyrie,Griffith,Kyrie Griffith,KyrieGriffith_30732,3410,3408,5,27,7,QB,27,Signed,Normal,61,0,0,SEA,tier_6,,,,
Greg,Pare,Greg Pare,,3411,3409,0,22,8,QB,32,Draft,Normal,65,0,0,FA,tier_6,,,,
Andrew,Wright,Andrew Wright,AndrewWright_31117,3412,3410,4,26,1,WR,8,Signed,Normal,80,0,3,KC,tier_3,,,,
Lloyd,Heyward,Lloyd Heyward,LloydHeyward_3563368,3413,3411,0,22,63,FB,4,PracticeSquad,Normal,69,0,0,CLE,tier_6,,,,
Khalid,Thomas,Khalid Thomas,,3414,3412,0,22,8,MLB,32,Draft,Normal,66,0,0,FA,tier_6,,,,
Terrance,Archer,Terrance Archer,,3415,3413,0,22,6,ROLB,32,Draft,Normal,62,0,0,FA,tier_6,,,,
Stanley,Olsen,Stanley Olsen,,3416,3414,0,22,8,C,32,Draft,Normal,54,0,0,FA,tier_6,,,,
Evan,Lampman,Evan Lampman,EvanLampman_3163332,3417,3415,4,26,63,C,13,Signed,Normal,65,0,7,ATL,tier_6,,,-7.0,
Andrew,Babalola,Andrew Babalola,AndrewBabalola_23,3418,3416,9,30,2,RT,32,FreeAgent,Normal,66,0,0,FA,tier_6,,,,
Ted,Warren,Ted Warren,TedWarren_3363441,3419,3417,3,25,63,WR,32,FreeAgent,Normal,63,0,0,FA,tier_6,,,,
Rick,Ward,Rick Ward,,3420,3418,0,22,8,CB,32,Draft,Normal,62,0,0,FA,tier_6,,,,
Cam,Reid,Cam Reid,,3421,3419,0,22,8,RE,32,Draft,Normal,60,0,0,FA,tier_6,,,,
Matias,Duarte,Matias Duarte,MatiasDuarte_31519,3422,3420,4,27,5,FB,2,Signed,Normal,81,0,0,BUF,tier_3,,,,
Keelan,Atkinson,Keelan Atkinson,KeelanAtkinson_30216,3423,3421,5,28,2,DT,20,Signed,Normal,72,1,0,CAR,tier_5,,1.0,,
Deontae,Brewer,Deontae Brewer,DeontaeBrewer_3063270,3424,3422,6,29,63,RE,32,FreeAgent,Normal,73,0,0,FA,tier_5,,,,
Quentin,Bullard Sr,Quentin Bullard Sr,QuentinBullard Sr_31331,3425,3423,4,25,3,DT,21,Signed,Normal,77,0,2,NE,tier_4,,,,
Derrick,Clinton,Derrick Clinton,DerrickClinton_31713,3426,3424,4,28,7,WR,32,Deleted,Normal,60,0,0,FA,tier_6,,,,
Air,Noland,Air Noland,AirNoland_18,3427,3425,7,29,1,QB,22,Signed,Star,80,0,0,LV,tier_3,,,,
Elijah,Griffin,Elijah Griffin,ElijahGriffin_19,3428,3426,7,28,1,DT,8,Signed,Star,70,0,3,KC,tier_5,,-3.0,,
Rodney,Dunham,Rodney Dunham,RodneyDunham_29212,3429,3427,6,27,2,LE,4,Signed,Superstar,80,1,0,CLE,tier_3,,1.0,,
John,Uwaezuoke,John Uwaezuoke,JohnUwaezuoke_31620,3430,3428,4,26,6,LG,25,Signed,Normal,70,0,2,WAS,tier_5,,,,
Pat,Newby,Pat Newby,,3431,3429,0,24,8,QB,32,Draft,Normal,52,0,0,FA,tier_6,,,,
Immanuel,Duckworth,Immanuel Duckworth,,3432,3430,0,23,2,LE,32,Draft,Normal,72,0,0,FA,tier_5,,,,
Chris,Womack,Chris Womack,,3433,3431,0,22,5,SS,32,Draft,Normal,66,0,0,FA,tier_6,,,,
Cole,Priester,Cole Priester,,3434,3432,0,22,5,HB,32,Draft,Normal,71,0,0,FA,tier_5,,,,
Cory,Truman,Cory Truman,CoryTruman_35310,3435,3433,0,23,3,RE,30,Signed,Normal,70,0,3,MIN,tier_5,,-3.0,,
Zelus,Hicks,Zelus Hicks,ZelusHicks_2921,3436,3434,7,28,2,SS,32,FreeAgent,Normal,66,0,0,FA,tier_6,,,,
Brendon,McFarland,Brendon McFarland,BrendonMcFarland_3529,3437,3435,0,22,2,HB,20,Signed,Normal,79,0,1,CAR,tier_4,,,,
Jamaal,Gallimore,Jamaal Gallimore,JamaalGallimore_3351,3438,3436,2,24,5,CB,13,Signed,Normal,65,0,2,ATL,tier_6,,,,
Drew,Barton,Drew Barton,DrewBarton_34710,3439,3437,1,23,7,P,9,Signed,Normal,72,0,1,IND,tier_5,,,,-1.0
John,Brown,John Brown,JohnBrown_3063314,3440,3438,6,28,63,HB,32,FreeAgent,Normal,60,0,0,FA,tier_6,,,,
David,Reddick,David Reddick,DavidReddick_34420,3441,3439,1,22,4,HB,17,Signed,Star,73,0,4,NYJ,tier_5,-4.0,,,
Barry,Kidd,Barry Kidd,,3442,3440,0,22,8,RT,32,Draft,Normal,65,0,0,FA,tier_6,,,,
Manny,Lewis,Manny Lewis,MannyLewis_31614,3443,3441,4,26,6,MLB,14,Signed,Normal,70,0,5,SF,tier_5,,-5.0,,
Cole,Gannon,Cole Gannon,ColeGannon_34721,3444,3442,1,23,7,P,15,PracticeSquad,Normal,68,0,0,NYG,tier_6,,,,
Will,Reichard,Will Reichard,ReichardWill_15004,3445,3443,11,34,7,K,21,Signed,Star,75,1,3,NE,tier_4,,,,-2.0
Tyree,Adams,Tyree Adams,TyreeAdams_118,3446,3444,8,31,1,LT,32,FreeAgent,Normal,63,0,0,FA,tier_6,,,,
Jahdae,Smith,Jahdae Smith,JahdaeSmith_3216,3447,3445,3,25,1,LT,27,Signed,Star,83,0,3,SEA,tier_3,,,,
A.J.,Dickinson,A.J. Dickinson,A.J.Dickinson_35536,3448,3446,0,22,5,RG,12,Signed,Normal,71,12,0,PHI,tier_5,,,12.0,
Christopher,Owens,Christopher Owens,,3449,3447,0,22,2,LT,32,Draft,Star,73,0,0,FA,tier_5,,,,
Will,Barber,Will Barber,,3450,3448,0,22,7,RE,32,Draft,Normal,64,0,0,FA,tier_6,,,,
Addison,Sullivan,Addison Sullivan,AddisonSullivan_31412,3451,3449,4,25,4,HB,10,Signed,Star,79,5,0,DAL,tier_4,5.0,,,
Terry,Dempsey III,Terry Dempsey III,TerryDempsey III_34729,3452,3450,1,24,7,P,3,Signed,Normal,77,0,2,DEN,tier_4,,,,-2.0
Jordan,Carter,Jordan Carter,JordanCarter_2925,3453,3451,6,27,2,LE,11,Signed,Normal,77,8,0,MIA,tier_4,,8.0,,
Faizon,Brandon,Faizon Brandon,FaizonBrandon_2914,3454,3452,6,27,1,QB,31,Signed,Normal,69,0,0,HOU,tier_6,,,,
Amari,Malone,Amari Malone,AmariMalone_31113,3455,3453,5,26,1,RE,32,FreeAgent,Star,70,0,0,FA,tier_5,,,,
Javier,Peerman,Javier Peerman,JavierPeerman_3463406,3456,3454,1,23,63,FB,6,Signed,Normal,78,0,0,ARI,tier_4,,,,
Tyler,Baker,Tyler Baker,,3457,3455,0,23,8,LT,32,Draft,Normal,59,0,0,FA,tier_6,,,,
Ezra,Arnette,Ezra Arnette,EzraArnette_3363381,3458,3456,2,24,63,LT,32,Deleted,Normal,59,0,0,FA,tier_6,,,,
Eddie,Hofmann,Eddie Hofmann,EddieHofmann_3063236,3459,3457,5,27,63,QB,8,Signed,Normal,63,0,0,KC,tier_6,,,,
Chace,Biddle,Chace Biddle,ChaceBiddle_215,3460,3458,10,31,2,FS,32,FreeAgent,Normal,64,0,0,FA,tier_6,,,,
Keonde,Henry,Keonde Henry,KeondeHenry_215,3461,3459,7,29,2,WR,24,Signed,Normal,64,0,2,BAL,tier_6,,,,
Griffin,Kell,Griffin Kell,GriffinKell_711,3462,3460,12,35,7,K,32,FreeAgent,Star,72,0,0,FA,tier_5,,,,
Justus,Terry,Justus Terry,JustusTerry_113,3463,3461,7,28,1,DT,12,Signed,XFactor,94,0,3,PHI,tier_1,,,,
Brayden,Cooper,Brayden Cooper,BraydenCooper_3114,3464,3462,4,26,1,CB,9,Signed,XFactor,93,3,0,IND,tier_1,,3.0,,
Kamran,Jenkins,Kamran Jenkins,KamranJenkins_3537,3465,3463,0,22,3,LOLB,9,Signed,Normal,71,10,0,IND,tier_5,,10.0,,
Jameel,Lucas,Jameel Lucas,JameelLucas_30639,3466,3464,5,29,6,RT,24,Signed,Normal,70,0,2,BAL,tier_5,,,,
Rashaud,Gray,Rashaud Gray,RashaudGray_35432,3467,3465,0,22,4,LT,17,Signed,Normal,66,5,0,NYJ,tier_6,,,5.0,
Jarrad,Pippens,Jarrad Pippens,JarradPippens_3152,3468,3466,5,28,5,HB,32,FreeAgent,Normal,64,0,0,FA,tier_6,,,,
Randall,Benedict,Randall Benedict,,3469,3467,0,22,6,LOLB,32,Draft,Star,61,0,0,FA,tier_6,,,,
Malachi,Goodman,Malachi Goodman,MalachiGoodman_29126,3470,3468,6,29,1,LG,9,Signed,Normal,67,0,5,IND,tier_6,,,-5.0,
Kyle,Rutherford,Kyle Rutherford,,3471,3469,0,21,4,DT,32,Draft,Normal,62,0,0,FA,tier_6,,,,
Arsenio,Montgomery,Arsenio Montgomery,ArsenioMontgomery_34716,3472,3470,1,24,7,WR,31,Signed,Normal,67,0,2,HOU,tier_6,,,,
Aaron,Burnett,Aaron Burnett,,3473,3471,0,21,3,ROLB,32,Draft,Star,71,0,0,FA,tier_5,,,,
Matthew,Colbert,Matthew Colbert,,3474,3472,0,22,6,DT,32,Draft,Normal,68,0,0,FA,tier_6,,,,
Daryl,Rich,Daryl Rich,,3475,3473,0,23,8,LE,32,Draft,Normal,61,0,0,FA,tier_6,,,,
Vinny,Rosen,Vinny Rosen,VinnyRosen_3463408,3476,3474,2,25,63,MLB,32,FreeAgent,Normal,58,0,0,FA,tier_6,,,,
Donovan,Beckum,Donovan Beckum,,3477,3475,0,24,8,CB,32,Draft,Normal,61,0,0,FA,tier_6,,,,
Odion,Abdoulaye,Odion Abdoulaye,OdionAbdoulaye_31114,3478,3476,4,25,1,LT,26,Signed,Normal,64,0,2,NO,tier_6,,,,
Lonnie,McAllister,Lonnie McAllister,LonnieMcAllister_29725,3479,3477,6,28,7,CB,19,Signed,Star,75,1,0,GB,tier_4,,1.0,,
Mason,Fletcher,Mason Fletcher,MasonFletcher_63283,3480,3478,11,35,63,P,20,Signed,Star,82,0,2,CAR,tier_3,,,,-2.0
Taylor,Flemons,Taylor Flemons,,3481,3479,0,23,5,LE,32,Draft,Normal,66,0,0,FA,tier_6,,,,
Elijah,Lauderdale,Elijah Lauderdale,ElijahLauderdale_34733,3482,3480,1,23,7,DT,17,PracticeSquad,Normal,64,0,2,NYJ,tier_6,,,,
James,Davidson,James Davidson,JamesDavidson_3163291,3483,3481,5,28,63,FB,32,FreeAgent,Normal,71,0,0,FA,tier_5,,,,
Pete,Scott,Pete Scott,,3484,3482,0,23,8,QB,32,Draft,Normal,59,0,0,FA,tier_6,,,,
Michael,Williams,Michael Williams,,3485,3483,0,23,8,RE,32,Draft,Normal,56,0,0,FA,tier_6,,,,
John,Powell,John Powell,JohnPowell_3519,3486,3484,0,21,1,DT,30,Signed,Star,79,0,6,MIN,tier_4,,-6.0,,
Jaylen,Sneed,Jaylen Sneed,JaylenSneed_333,3487,3485,9,32,3,LOLB,32,FreeAgent,Normal,62,0,0,FA,tier_6,,,,
Tim,Barwin,Tim Barwin,,3488,3486,0,24,8,C,32,Draft,Normal,64,0,0,FA,tier_6,,,,
Daniel,Trapp,Daniel Trapp,DanielTrapp_3119,3489,3487,4,27,1,MLB,3,Signed,Superstar,87,0,3,DEN,tier_2,,-3.0,,
Nick,Tiller,Nick Tiller,NickTiller_3163422,3490,3488,4,26,63,TE,0,Signed,Normal,61,0,2,CHI,tier_6,,,,
Don,Parrish,Don Parrish,,3491,3489,0,22,8,QB,32,Draft,Normal,60,0,0,FA,tier_6,,,,
Dorian,Morgan,Dorian Morgan,DorianMorgan_3463412,3492,3490,1,24,63,HB,24,PracticeSquad,Normal,62,0,1,BAL,tier_6,,,,
Quayshawn,Bronson,Quayshawn Bronson,,3493,3491,0,22,7,CB,32,Draft,Normal,70,0,0,FA,tier_5,,,,
Justin,Telfer,Justin Telfer,,3494,3492,0,22,8,LE,32,Draft,Normal,61,0,0,FA,tier_6,,,,
Bryce,Greenwood,Bryce Greenwood,,3495,3493,0,23,6,LE,32,Draft,Normal,69,0,0,FA,tier_6,,,,
Quay,Boston,Quay Boston,QuayBoston_30615,3496,3494,5,28,6,TE,30,Signed,Normal,61,0,2,MIN,tier_6,,,,
Justin,Cook,Justin Cook,JustinCook_31539,3497,3495,5,27,5,CB,32,FreeAgent,Normal,68,0,0,FA,tier_6,,,,
Josh,Petty,Josh Petty,JoshPetty_17,3498,3496,7,28,1,RT,31,Signed,Normal,67,4,0,HOU,tier_6,,,4.0,
Jack,Rowe,Jack Rowe,JackRowe_30641,3499,3497,5,27,6,QB,25,Signed,Normal,61,0,0,WAS,tier_6,,,,
Grayson,McCall,Grayson McCall,,3500,3498,11,34,63,QB,32,Retired,Normal,56,0,0,FA,tier_6,,,,
Devin,Sanchez,Devin Sanchez,DevinSanchez_16,3501,3499,7,28,1,CB,11,Signed,Superstar,85,0,3,MIA,tier_2,,,,
Caleb,Cunningham,Caleb Cunningham,CalebCunningham_121,3502,3500,7,28,1,WR,28,Signed,Normal,80,0,3,PIT,tier_3,-3.0,,,
Tyler,Cavanaugh,Tyler Cavanaugh,TylerCavanaugh_31118,3503,3501,4,26,1,C,19,Signed,Superstar,96,0,0,GB,tier_0,,,0.0,
Luke,Kromenhoek,Luke Kromenhoek,LukeKromenhoek_15,3504,3502,7,30,1,QB,23,Signed,Star,73,0,0,LAR,tier_5,,,,
Chris,Peralta,Chris Peralta,ChrisPeralta_33516,3505,3503,2,24,5,ROLB,22,Signed,Star,82,0,3,LV,tier_3,,-3.0,,
Jeremy,Nelson,Jeremy Nelson,,3506,3504,0,22,6,C,32,Draft,Star,72,0,0,FA,tier_5,,,,
Chris,Williamson,Chris Williamson,ChrisWilliamson_3463413,3507,3505,1,23,63,LG,18,Signed,Normal,67,0,2,DET,tier_6,,,,
Jarrad,Hill,Jarrad Hill,,3508,3506,0,22,8,QB,32,Draft,Normal,63,0,0,FA,tier_6,,,,
Ruben,Newhouse,Ruben Newhouse,,3509,3507,0,22,8,HB,32,Draft,Normal,69,0,0,FA,tier_6,,,,
Devin,Dennard,Devin Dennard,,3510,3508,0,22,8,LE,32,Draft,Normal,64,0,0,FA,tier_6,,,,
Reid,Kitchens,Reid Kitchens,ReidKitchens_3059,3511,3509,6,28,5,RE,32,FreeAgent,Normal,68,0,0,FA,tier_6,,,,
Damion,Ward,Damion Ward,DamionWard_31429,3512,3510,4,25,4,LE,31,Signed,Normal,72,0,1,HOU,tier_5,,-1.0,,
Matt,Traylor,Matt Traylor,MattTraylor_3163419,3513,3511,4,26,63,TE,17,Signed,Normal,60,0,2,NYJ,tier_6,,,,
Paulson,Richards,Paulson Richards,PaulsonRichards_35415,3514,3512,0,23,4,CB,31,Signed,Normal,67,0,1,HOU,tier_6,,,,
Walter,Alston,Walter Alston,WalterAlston_3563447,3515,3513,0,23,63,HB,17,Signed,Normal,65,0,1,NYJ,tier_6,,,,
Frank,Henderson,Frank Henderson,,3516,3514,0,22,8,DT,32,Draft,Normal,59,0,0,FA,tier_6,,,,
Tyler,Kinsman,Tyler Kinsman,TylerKinsman_63306,3517,3515,6,29,63,P,29,Signed,Star,79,1,1,TEN,tier_4,,,,0.0
Ben,Griffin,Ben Griffin,BenGriffin_3049,3518,3516,5,27,4,DT,27,Signed,Normal,65,0,2,SEA,tier_6,,,,
Ramon,Moody,Ramon Moody,,3519,3517,0,22,8,HB,32,Draft,Normal,64,0,0,FA,tier_6,,,,
Landon,Walsh,Landon Walsh,LandonWalsh_3163339,3520,3518,4,26,63,QB,15,Signed,Normal,66,0,0,NYG,tier_6,,,,
George,MacIntyre,George MacIntyre,GeorgeMacIntyre_115,3521,3519,7,28,1,QB,30,Signed,Superstar,80,0,0,MIN,tier_3,,,,
Joey,Sapp,Joey Sapp,JoeySapp_3463414,3522,3520,1,23,63,LT,27,Signed,Normal,62,0,2,SEA,tier_6,,,,
Shane,Lee,Shane Lee,ShaneLee_63326,3523,3521,11,34,63,MLB,12,Signed,Star,73,3,0,PHI,tier_5,,3.0,,
Jabari,Walford,Jabari Walford,,3524,3522,0,22,2,QB,32,Draft,Normal,64,0,0,FA,tier_6,,,,
Theodore,Caldwell,Theodore Caldwell,,3525,3523,0,22,4,MLB,32,Draft,Superstar,70,0,0,FA,tier_5,,,,
Mike,Beason,Mike Beason,MikeBeason_3463415,3526,3524,1,22,63,HB,31,Signed,Normal,62,0,1,HOU,tier_6,,,,
Al,Webster,Al Webster,AlWebster_3063418,3527,3525,6,30,63,SS,32,FreeAgent,Normal,62,0,0,FA,tier_6,,,,
Eddie,Gibson,Eddie Gibson,EddieGibson_3358,3528,3526,2,25,5,LOLB,7,Signed,Normal,64,0,1,LAC,tier_6,,-1.0,,
Riley,Williams,Riley Williams,RileyWilliams_317,3529,3527,7,30,3,TE,6,Signed,Superstar,83,2,0,ARI,tier_3,2.0,,,
Avery,Gach,Avery Gach,AveryGach_335,3530,3528,6,29,3,LG,10,Signed,Superstar,81,0,3,DAL,tier_3,,,,
Jonathan,Woodard,Jonathan Woodard,JonathanWoodard_3063415,3531,3529,5,28,63,SS,11,Signed,Normal,77,0,4,MIA,tier_4,,-4.0,,
Kainoa,Winston,Kainoa Winston,KainoaWinston_29338,3532,3530,6,28,3,FS,19,Signed,Normal,75,0,5,GB,tier_4,,-5.0,,
Owen,Hollenbeck,Owen Hollenbeck,OwenHollenbeck_29319,3533,3531,6,28,3,RG,22,Signed,Star,70,0,2,LV,tier_5,,,,
Josh,Kincade,Josh Kincade,JoshKincade_3214,3534,3532,3,24,1,RE,25,Signed,XFactor,93,4,0,WAS,tier_1,,4.0,,
DeMarco,Sanborn,DeMarco Sanborn,,3535,3533,0,22,4,ROLB,32,Draft,Normal,68,0,0,FA,tier_6,,,,
Ja'Keem,Jackson,Ja'Keem Jackson,Ja'KeemJackson_26,3536,3534,7,29,2,CB,21,Signed,Star,74,0,1,NE,tier_5,,-1.0,,
Kasey,Taylor,Kasey Taylor,KaseyTaylor_3363390,3537,3535,2,24,63,RT,0,Signed,Normal,75,5,0,CHI,tier_4,,,5.0,
Brandon,Denney,Brandon Denney,,3538,3536,0,22,8,QB,32,Draft,Normal,60,0,0,FA,tier_6,,,,
Gabriel,Glover,Gabriel Glover,,3539,3537,0,23,8,MLB,32,Draft,Normal,59,0,0,FA,tier_6,,,,
Torey,Boyce,Torey Boyce,ToreyBoyce_31131,3540,3538,4,26,1,WR,22,Signed,Normal,71,0,2,LV,tier_5,,,,
Jordan,Church,Jordan Church,JordanChurch_326,3541,3539,8,31,3,LT,32,FreeAgent,Normal,61,0,0,FA,tier_6,,,,
Jaime,Ffrench,Jaime Ffrench,JaimeFfrench_114,3542,3540,7,28,1,WR,27,Signed,Superstar,86,1,0,SEA,tier_2,1.0,,,
Kenny,Barber,Kenny Barber,KennyBarber_3463416,3543,3541,2,25,63,P,32,FreeAgent,Normal,67,0,0,FA,tier_6,,,,
Jojo,Amos,Jojo Amos,JojoAmos_3163267,3544,3542,5,27,63,LE,32,FreeAgent,Normal,66,0,0,FA,tier_6,,,,
Alexander,Bryson,Alexander Bryson,,3545,3543,0,22,8,RG,32,Draft,Normal,65,0,0,FA,tier_6,,,,
Kevin,Guerrero,Kevin Guerrero,,3546,3544,0,22,8,RG,32,Draft,Normal,59,0,0,FA,tier_6,,,,
Logan,Daniels,Logan Daniels,LoganDaniels_31110,3547,3545,4,26,1,HB,18,Signed,XFactor,95,0,4,DET,tier_0,-4.0,,,
Anton,Felton,Anton Felton,AntonFelton_3363296,3548,3546,2,24,63,HB,27,Signed,Normal,62,0,1,SEA,tier_6,,,,
Kendarius,Reddick,Kendarius Reddick,KendariusReddick_29528,3549,3547,6,28,5,FS,7,Signed,Star,80,0,4,LAC,tier_3,,-4.0,,
Deontae,Barden,Deontae Barden,,3550,3548,0,22,8,LT,32,Draft,Normal,61,0,0,FA,tier_6,,,,
David,McComb,David McComb,DavidMcComb_29714,3551,3549,6,29,7,QB,32,Deleted,Normal,60,0,0,FA,tier_6,,,,
Damarious,Wooden,Damarious Wooden,DamariousWooden_3173,3552,3550,4,27,7,CB,17,Signed,Normal,66,0,1,NYJ,tier_6,,-1.0,,
Eric,Crawford,Eric Crawford,,3553,3551,0,23,8,LG,32,Draft,Normal,62,0,0,FA,tier_6,,,,
Ethan,Stark,Ethan Stark,EthanStark_34737,3554,3552,1,23,7,RG,1,PracticeSquad,Normal,65,0,2,CIN,tier_6,,,,
Darren,Ikinnagbon,Darren Ikinnagbon,DarrenIkinnagbon_230,3555,3553,6,29,2,RE,27,Signed,Normal,76,0,2,SEA,tier_4,,-2.0,,
Kamryn,Bruton,Kamryn Bruton,KamrynBruton_3563340,3556,3554,0,21,63,WR,15,Signed,Normal,64,0,1,NYG,tier_6,,,,
Mike,Meredith,Mike Meredith,,3557,3555,0,23,8,DT,32,Draft,Normal,58,0,0,FA,tier_6,,,,
Darren,Harris,Darren Harris,DarrenHarris_3064,3558,3556,5,27,6,HB,9,Signed,Normal,61,0,1,IND,tier_6,,,,
Chris,Selvie,Chris Selvie,ChrisSelvie_33521,3559,3557,3,25,5,LG,32,FreeAgent,Normal,61,0,0,FA,tier_6,,,,
Cordale,Poindexter,Cordale Poindexter,CordalePoindexter_3163340,3560,3558,4,26,63,LG,24,Signed,Normal,73,1,0,BAL,tier_5,,,1.0,
Mitch,Parrish,Mitch Parrish,MitchParrish_3163225,3561,3559,5,28,63,QB,32,FreeAgent,Normal,62,0,0,FA,tier_6,,,,
Zion,Elee,Zion Elee,ZionElee_12,3562,3560,7,28,1,RE,32,FreeAgent,Normal,66,0,0,FA,tier_6,,,,
Derrick,Cohen,Derrick Cohen,,3563,3561,0,21,8,QB,32,Draft,Superstar,64,0,0,FA,tier_6,,,,
Chad,Hoskins,Chad Hoskins,,3564,3562,0,22,2,CB,32,Draft,Star,74,0,0,FA,tier_5,,,,
Mike,Griffith,Mike Griffith,,3565,3563,0,21,1,QB,32,Draft,Normal,74,0,0,FA,tier_5,,,,
Dillon,Gary,Dillon Gary,DillonGary_3478,3566,3564,1,24,7,FS,26,PracticeSquad,Normal,64,0,2,NO,tier_6,,,,
Samson,Okunlola,Samson Okunlola,SamsonOkunlola_132,3567,3565,7,29,1,RT,1,Signed,Superstar,90,0,2,CIN,tier_1,,,-2.0,
Julian,Lewis,Julian Lewis,JulianLewis_12,3568,3566,7,28,1,QB,9,Signed,Normal,67,0,0,IND,tier_6,,,,
Blaine,Devine,Blaine Devine,BlaineDevine_3463419,3569,3567,1,24,63,P,5,PracticeSquad,Normal,69,0,0,TB,tier_6,,,,
Rafael,Moore,Rafael Moore,RafaelMoore_34718,3570,3568,1,24,7,HB,8,Signed,Normal,66,0,1,KC,tier_6,,,,
Ashton,Meredith,Ashton Meredith,AshtonMeredith_33619,3571,3569,2,24,6,TE,2,Signed,Normal,63,0,2,BUF,tier_6,,,,
Curt,Peralta,Curt Peralta,CurtPeralta_3063343,3572,3570,5,28,63,LG,19,Signed,Normal,61,0,2,GB,tier_6,,,,
David,Sanders Jr,David Sanders Jr,DavidSanders Jr_119,3573,3571,7,28,1,LT,5,Signed,Star,68,0,2,TB,tier_6,,,,
Justin,Kopp,Justin Kopp,,3574,3572,0,22,8,C,32,Draft,Normal,55,0,0,FA,tier_6,,,,
Ryan,Williams,Ryan Williams,RyanWilliams_117,3575,3573,8,28,1,WR,7,Signed,Superstar,90,1,0,LAC,tier_1,1.0,,,
Jeff,Parks,Jeff Parks,JeffParks_3067,3576,3574,5,27,6,WR,12,Signed,Normal,67,0,2,PHI,tier_6,,,,
Kenny,Glover,Kenny Glover,,3577,3575,0,24,8,MLB,32,Draft,Normal,59,0,0,FA,tier_6,,,,
Brandon,Lockhart,Brandon Lockhart,BrandonLockhart_29215,3578,3576,6,27,2,CB,24,Signed,Star,85,0,3,BAL,tier_2,,,,
Deshonne,Redeaux,Deshonne Redeaux,DeshonneRedeaux_22,3579,3577,6,27,2,HB,7,Signed,Star,74,0,1,LAC,tier_5,,,,
Caden,VerMaas,Caden VerMaas,CadenVerMaas_63372,3580,3578,6,28,63,FS,18,Signed,Star,81,6,0,DET,tier_3,,6.0,,
Matt,Smith,Matt Smith,MattSmith_33419,3581,3579,2,23,4,HB,6,Signed,Normal,73,8,0,ARI,tier_5,8.0,,,
Jahlar,Beckham,Jahlar Beckham,JahlarBeckham_3058,3582,3580,6,27,5,DT,32,FreeAgent,Normal,61,0,0,FA,tier_6,,,,
Jaylin,Simpson,Jaylin Simpson,SimpsonJaylin_14965,3583,3581,11,34,6,FS,5,Signed,Star,80,2,0,TB,tier_3,,2.0,,
Ralph,Brooks,Ralph Brooks,,3584,3582,0,22,8,MLB,32,Draft,Star,59,0,0,FA,tier_6,,,,
Latwan,Walters,Latwan Walters,,3585,3583,0,23,1,LE,32,Draft,Normal,75,0,0,FA,tier_4,,,,
Jason,Simmons,Jason Simmons,JasonSimmons_3163226,3586,3584,4,26,63,QB,8,Signed,Normal,63,0,0,KC,tier_6,,,,
Titan,Davis,Titan Davis,TitanDavis_29219,3587,3585,6,27,2,LE,16,Signed,Normal,78,6,0,JAX,tier_4,,6.0,,
Fernando,Gonzalez,Fernando Gonzalez,FernandoGonzalez_3363347,3588,3586,2,25,63,RG,11,PracticeSquad,Normal,65,0,2,MIA,tier_6,,,,
Austin,Mack,Austin Mack,AustinMack_327,3589,3587,7,30,3,QB,20,Signed,Normal,61,0,0,CAR,tier_6,,,,
Calvin,Russell,Calvin Russell,CalvinRussell_29124,3590,3588,6,27,1,WR,18,Signed,Normal,77,0,2,DET,tier_4,-2.0,,,
Kenny,Flowers,Kenny Flowers,KennyFlowers_3071,3591,3589,6,28,7,RG,32,FreeAgent,Normal,66,0,0,FA,tier_6,,,,
Micah,Webb Jr,Micah Webb Jr,MicahWebb Jr_3372,3592,3590,2,24,7,MLB,20,Signed,Normal,64,0,2,CAR,tier_6,,,,
Michael,White,Michael White,MichaelWhite_3163354,3593,3591,5,28,63,RG,32,FreeAgent,Normal,64,0,0,FA,tier_6,,,,
Ronald,McManus,Ronald McManus,,3594,3592,0,23,4,ROLB,32,Draft,Normal,74,0,0,FA,tier_5,,,,
Reggie,Hall,Reggie Hall,ReggieHall_3066,3595,3593,5,28,6,SS,2,Signed,Star,86,0,0,BUF,tier_2,,0.0,,
J'Vari,Flowers,J'Vari Flowers,J'VariFlowers_29224,3596,3594,6,27,2,CB,18,Signed,Star,85,3,0,DET,tier_2,,3.0,,
Johnny,Jordan,Johnny Jordan,,3597,3595,0,22,8,MLB,32,Draft,Normal,56,0,0,FA,tier_6,,,,
Lannden,Palmer,Lannden Palmer,LanndenPalmer_31613,3598,3596,4,26,6,LG,20,Signed,Normal,63,0,2,CAR,tier_6,,,,
Marquise,Hemsley,Marquise Hemsley,MarquiseHemsley_33710,3599,3597,2,24,7,RT,23,Signed,Normal,66,0,2,LAR,tier_6,,,,
Nolan,Middleton,Nolan Middleton,NolanMiddleton_3463422,3600,3598,1,24,63,K,3,Signed,Normal,70,2,0,DEN,tier_5,,,,2.0
Martin,Leyva,Martin Leyva,MartinLeyva_31428,3601,3599,4,26,4,WR,6,Signed,Star,84,5,0,ARI,tier_3,5.0,,,
Alonzo,Banfield,Alonzo Banfield,AlonzoBanfield_3463423,3602,3600,2,24,63,WR,32,FreeAgent,Normal,61,0,0,FA,tier_6,,,,
Ryland,Anderson,Ryland Anderson,RylandAnderson_3439,3603,3601,1,23,3,WR,12,Signed,Normal,69,0,2,PHI,tier_6,,,,
Tevin,Williams,Tevin Williams,TevinWilliams_31610,3604,3602,4,28,6,HB,31,Signed,Normal,66,0,1,HOU,tier_6,,,,
Brandon,Gooden,Brandon Gooden,,3605,3603,0,23,6,WR,32,Draft,Normal,68,0,0,FA,tier_6,,,,
Jeff,Woodson,Jeff Woodson,JeffWoodson_34731,3606,3604,1,24,7,LE,5,Signed,Normal,68,3,0,TB,tier_6,,3.0,,
Jeron,Pickens,Jeron Pickens,,3607,3605,0,23,8,LE,32,Draft,Normal,60,0,0,FA,tier_6,,,,
Lonnie,Edwards,Lonnie Edwards,LonnieEdwards_3346,3608,3606,2,25,4,DT,25,Signed,Normal,68,0,2,WAS,tier_6,,,,
Sean,Gabriel,Sean Gabriel,SeanGabriel_30645,3609,3607,5,27,6,CB,18,Signed,Normal,81,0,2,DET,tier_3,,-2.0,,
Jalen,Benson,Jalen Benson,,3610,3608,0,23,5,DT,32,Draft,Normal,61,0,0,FA,tier_6,,,,
Keenen,Harrison,Keenen Harrison,,3611,3609,0,23,8,CB,32,Draft,Normal,63,0,0,FA,tier_6,,,,
Zak,Franklin,Zak Franklin,ZakFranklin_3558,3612,3610,0,22,5,CB,15,Signed,Normal,74,0,1,NYG,tier_5,,-1.0,,
John,Goodwin,John Goodwin,JohnGoodwin_3063246,3613,3611,5,28,63,CB,6,Signed,Star,70,0,2,ARI,tier_5,,,,
Tyrell,Griffith,Tyrell Griffith,TyrellGriffith_35626,3614,3612,0,22,6,CB,12,Signed,Normal,65,0,1,PHI,tier_6,,,,
Riley,Thompson,Riley Thompson,RileyThompson_63418,3615,3613,12,36,63,P,32,FreeAgent,Normal,69,0,0,FA,tier_6,,,,
Travis,Kyle,Travis Kyle,TravisKyle_3463283,3616,3614,2,25,63,LOLB,32,FreeAgent,Normal,60,0,0,FA,tier_6,,,,
Amar'e,Woodbury,Amar'e Woodbury,Amar'eWoodbury_35318,3617,3615,0,22,3,LE,31,Signed,Star,71,0,5,HOU,tier_5,,-5.0,,
Kiotti,Armstrong,Kiotti Armstrong,KiottiArmstrong_29333,3618,3616,6,29,3,TE,28,Signed,Normal,64,0,2,PIT,tier_6,,,,
Tremaine,Green,Tremaine Green,TremaineGreen_30740,3619,3617,5,26,7,CB,28,Signed,Normal,77,0,1,PIT,tier_4,,-1.0,,
Chase,Stockton,Chase Stockton,ChaseStockton_3211,3620,3618,3,26,1,QB,9,Signed,Normal,71,0,0,IND,tier_5,,,,
Andrew,Nance,Andrew Nance,AndrewNance_3463427,3621,3619,1,24,63,QB,28,Signed,Normal,59,0,0,PIT,tier_6,,,,
Jack,Browning,Jack Browning,,3622,3620,11,33,63,K,32,Deleted,Star,74,0,0,FA,tier_5,,,,
Brad,Fitzgibbon,Brad Fitzgibbon,BradFitzgibbon_63353,3623,3621,6,28,63,DT,30,Signed,Star,88,0,0,MIN,tier_2,,0.0,,
Anquon,Fegans,Anquon Fegans,AnquonFegans_43,3624,3622,6,28,4,FS,28,Signed,Star,88,6,0,PIT,tier_2,,6.0,,
Elton,Sears,Elton Sears,EltonSears_3163293,3625,3623,5,28,63,FB,32,FreeAgent,Normal,69,0,0,FA,tier_6,,,,
James,Farrell,James Farrell,JamesFarrell_3463428,3626,3624,1,24,63,ROLB,28,Signed,Normal,66,0,2,PIT,tier_6,,,,
Ryland,Stromberg,Ryland Stromberg,RylandStromberg_30727,3627,3625,5,28,63,K,24,Signed,Superstar,85,1,4,BAL,tier_2,,,,-3.0
Kasey,Irwin,Kasey Irwin,KaseyIrwin_3148,3628,3626,4,25,4,CB,12,Signed,Normal,75,0,5,PHI,tier_4,,-5.0,,
Gordon,Woodson,Gordon Woodson,,3629,3627,0,23,8,FS,32,Draft,Normal,66,0,0,FA,tier_6,,,,
Tyler,Barber,Tyler Barber,TylerBarber_3463429,3630,3628,1,23,63,CB,12,PracticeSquad,Normal,64,0,2,PHI,tier_6,,,,
Clayton,Roosevelt,Clayton Roosevelt,ClaytonRoosevelt_30719,3631,3629,5,27,7,LOLB,3,Signed,Star,71,0,3,DEN,tier_5,,-3.0,,
Lorenzo,Morton,Lorenzo Morton,LorenzoMorton_3367,3632,3630,2,24,6,FS,28,Signed,Normal,66,0,2,PIT,tier_6,,,,
Jack,Tucker,Jack Tucker,JackTucker_3363380,3633,3631,2,24,63,LT,18,Signed,Normal,68,0,2,DET,tier_6,,,,
Masai,Kalawaia,Masai Kalawaia,MasaiKalawaia_525,3634,3632,5,26,5,RT,11,Signed,Normal,78,0,1,MIA,tier_4,,,-1.0,
Bret,Kovacs,Bret Kovacs,BretKovacs_30721,3635,3633,5,26,7,K,18,Signed,Star,80,1,1,DET,tier_3,,,,0.0
Isendre,Ahfua,Isendre Ahfua,IsendreAhfua_110,3636,3634,7,29,1,RG,30,Signed,Star,85,0,6,MIN,tier_2,,,-6.0,
Allen,McMillian,Allen McMillian,,3637,3635,0,22,7,WR,32,Draft,Normal,63,0,0,FA,tier_6,,,,
Tavien,St. Clair,Tavien St. Clair,TavienSt. Clair_29323,3638,3636,6,28,3,QB,7,Signed,Normal,64,0,0,LAC,tier_6,,,,
Derek,Swinton,Derek Swinton,,3639,3637,0,23,8,HB,32,Draft,Normal,63,0,0,FA,tier_6,,,,
Adam,McAlpine,Adam McAlpine,AdamMcAlpine_3157,3640,3638,4,25,5,RG,31,Signed,Normal,63,0,2,HOU,tier_6,,,,
Cole,Young,Cole Young,ColeYoung_3463430,3641,3639,1,23,63,LG,29,PracticeSquad,Normal,62,0,2,TEN,tier_6,,,,
Erton,Peralta,Erton Peralta,ErtonPeralta_3163355,3642,3640,5,28,63,RG,32,FreeAgent,Normal,62,0,0,FA,tier_6,,,,
Anthony,Jones,Anthony Jones,AnthonyJones_2913,3643,3641,6,27,1,LE,10,Signed,Star,72,0,4,DAL,tier_5,,-4.0,,
Isaia,Faga,Isaia Faga,IsaiaFaga_511,3644,3642,7,29,5,DT,8,Signed,Star,80,0,6,KC,tier_3,,-6.0,,
Wade,Norton,Wade Norton,WadeNorton_3363,3645,3643,2,25,6,QB,9,Signed,Normal,63,0,0,IND,tier_6,,,,
A.J.,Schwartz,A.J. Schwartz,A.J.Schwartz_3032,3646,3644,5,28,3,FS,26,Signed,XFactor,91,0,1,NO,tier_1,,-1.0,,
James,Parrish,James Parrish,JamesParrish_3463431,3647,3645,1,24,63,C,2,Signed,Normal,63,0,2,BUF,tier_6,,,-2.0,
Robert,Telfer,Robert Telfer,RobertTelfer_3463432,3648,3646,1,23,63,DT,5,Signed,Normal,64,0,3,TB,tier_6,,-3.0,,
Emmanuel,Caldwell,Emmanuel Caldwell,,3649,3647,0,22,8,LE,32,Draft,Normal,55,0,0,FA,tier_6,,,,
David,Simpson,David Simpson,DavidSimpson_3463434,3650,3648,1,23,63,K,31,Signed,Normal,77,1,0,HOU,tier_4,,,,1.0
Donnell,Brackens,Donnell Brackens,DonnellBrackens_3463435,3651,3649,1,23,63,DT,22,Signed,Normal,66,0,2,LV,tier_6,,,,
Orlando,Tyson,Orlando Tyson,OrlandoTyson_3463436,3652,3650,1,23,63,RE,30,PracticeSquad,Normal,63,0,2,MIN,tier_6,,,,
Doug,Bone,Doug Bone,,3653,3651,0,21,1,LE,32,Draft,Normal,72,0,0,FA,tier_5,,,,
Jose,Hendricks,Jose Hendricks,,3654,3652,0,22,7,MLB,32,Draft,Normal,65,0,0,FA,tier_6,,,,
Bryce,Thurman,Bryce Thurman,BryceThurman_3463439,3655,3653,1,23,63,FS,25,Signed,Normal,68,0,4,WAS,tier_6,,-4.0,,
Shane,Morgan,Shane Morgan,ShaneMorgan_3463440,3656,3654,1,24,63,FB,27,Signed,Normal,70,0,0,SEA,tier_5,,,,
Nick,Hawker,Nick Hawker,NickHawker_35325,3657,3655,0,21,3,SS,14,Signed,Normal,70,1,0,SF,tier_5,,1.0,,
Marques,Priestley,Marques Priestley,,3658,3656,0,21,1,WR,32,Draft,Normal,74,0,0,FA,tier_5,,,,
Antwuan,Spearman,Antwuan Spearman,,3659,3657,0,22,2,SS,32,Draft,Normal,75,0,0,FA,tier_4,,,,
Trent,Lawrence,Trent Lawrence,,3660,3658,0,21,8,DT,32,Draft,Normal,66,0,0,FA,tier_6,,,,
Donal,Hartley,Donal Hartley,DonalHartley_34727,3661,3659,1,23,7,K,11,Signed,Normal,73,2,0,MIA,tier_5,,,,2.0
Kamryn,Terrell,Kamryn Terrell,,3662,3660,0,21,8,FS,32,Draft,Normal,61,0,0,FA,tier_6,,,,
Nick,Beal,Nick Beal,NickBeal_3463447,3663,3661,1,24,63,TE,11,Signed,Normal,60,0,2,MIA,tier_6,,,,
Roman,Booker,Roman Booker,,3664,3662,0,22,1,LE,32,Draft,Normal,75,0,0,FA,tier_4,,,,
Bradley,Elston,Bradley Elston,,3665,3663,0,23,4,MLB,32,Draft,Normal,65,0,0,FA,tier_6,,,,
Trey,Trey,Trey Trey,Trey,3666,3664,0,0,0,QB,0,Drafted,Normal,0,0,0,CHI,tier_6,,,,
Trey,Trey,Trey Trey,Trey,3667,3665,0,0,0,QB,0,Drafted,Normal,0,0,0,CHI,tier_6,,,,
Trey,Trey,Trey Trey,Trey,3668,3666,0,0,0,QB,0,Drafted,Normal,0,0,0,CHI,tier_6,,,,
Trey,Trey,Trey Trey,Trey,3669,3667,0,0,0,QB,0,Drafted,Normal,0,0,0,CHI,tier_6,,,,
Trey,Trey,Trey Trey,Trey,3670,3668,0,0,0,QB,0,Drafted,Normal,0,0,0,CHI,tier_6,,,,
Trey,Trey,Trey Trey,Trey,3671,3669,0,0,0,QB,0,Drafted,Normal,0,0,0,CHI,tier_6,,,,
Trey,Trey,Trey Trey,Trey,3672,3670,0,0,0,QB,0,Drafted,Normal,0,0,0,CHI,tier_6,,,,
Trey,Trey,Trey Trey,Trey,3673,3671,0,0,0,QB,0,Drafted,Normal,0,0,0,CHI,tier_6,,,,
Trey,Trey,Trey Trey,Trey,3674,3672,0,0,0,QB,0,Drafted,Normal,0,0,0,CHI,tier_6,,,,
Trey,Trey,Trey Trey,Trey,3675,3673,0,0,0,QB,0,Drafted,Normal,0,0,0,CHI,tier_6,,,,
Trey,Trey,Trey Trey,Trey,3676,3674,0,0,0,QB,0,Drafted,Normal,0,0,0,CHI,tier_6,,,,
Trey,Trey,Trey Trey,Trey,3677,3675,0,0,0,QB,0,Drafted,Normal,0,0,0,CHI,tier_6,,,,
Trey,Trey,Trey Trey,Trey,3678,3676,0,0,0,QB,0,Drafted,Normal,0,0,0,CHI,tier_6,,,,
Trey,Trey,Trey Trey,Trey,3679,3677,0,0,0,QB,0,Drafted,Normal,0,0,0,CHI,tier_6,,,,
Trey,Trey,Trey Trey,Trey,3680,3678,0,0,0,QB,0,Drafted,Normal,0,0,0,CHI,tier_6,,,,
Trey,Trey,Trey Trey,Trey,3681,3679,0,0,0,QB,0,Drafted,Normal,0,0,0,CHI,tier_6,,,,
Trey,Trey,Trey Trey,Trey,3682,3680,0,0,0,QB,0,Drafted,Normal,0,0,0,CHI,tier_6,,,,
Trey,Trey,Trey Trey,Trey,3683,3681,0,0,0,QB,0,Drafted,Normal,0,0,0,CHI,tier_6,,,,
Trey,Trey,Trey Trey,Trey,3684,3682,0,0,0,QB,0,Drafted,Normal,0,0,0,CHI,tier_6,,,,
Trey,Trey,Trey Trey,Trey,3685,3683,0,0,0,QB,0,Drafted,Normal,0,0,0,CHI,tier_6,,,,
Trey,Trey,Trey Trey,Trey,3686,3684,0,0,0,QB,0,Drafted,Normal,0,0,0,CHI,tier_6,,,,
Trey,Trey,Trey Trey,Trey,3687,3685,0,0,0,QB,0,Drafted,Normal,0,0,0,CHI,tier_6,,,,
Trey,Trey,Trey Trey,Trey,3688,3686,0,0,0,QB,0,Drafted,Normal,0,0,0,CHI,tier_6,,,,
Trey,Trey,Trey Trey,Trey,3689,3687,0,0,0,QB,0,Drafted,Normal,0,0,0,CHI,tier_6,,,,
Trey,Trey,Trey Trey,Trey,3690,3688,0,0,0,QB,0,Drafted,Normal,0,0,0,CHI,tier_6,,,,
Trey,Trey,Trey Trey,Trey,3691,3689,0,0,0,QB,0,Drafted,Normal,0,0,0,CHI,tier_6,,,,
Trey,Trey,Trey Trey,Trey,3692,3690,0,0,0,QB,0,Drafted,Normal,0,0,0,CHI,tier_6,,,,
Trey,Trey,Trey Trey,Trey,3693,3691,0,0,0,QB,0,Drafted,Normal,0,0,0,CHI,tier_6,,,,
Trey,Trey,Trey Trey,Trey,3694,3692,0,0,0,QB,0,Drafted,Normal,0,0,0,CHI,tier_6,,,,
Trey,Trey,Trey Trey,Trey,3695,3693,0,0,0,QB,0,Drafted,Normal,0,0,0,CHI,tier_6,,,,
Trey,Trey,Trey Trey,Trey,3696,3694,0,0,0,QB,0,Drafted,Normal,0,0,0,CHI,tier_6,,,,
Trey,Trey,Trey Trey,Trey,3697,3695,0,0,0,QB,0,Drafted,Normal,0,0,0,CHI,tier_6,,,,
Trey,Trey,Trey Trey,Trey,3698,3696,0,0,0,QB,0,Drafted,Normal,0,0,0,CHI,tier_6,,,,
Trey,Trey,Trey Trey,Trey,3699,3697,0,0,0,QB,0,Drafted,Normal,0,0,0,CHI,tier_6,,,,
Trey,Trey,Trey Trey,Trey,3700,3698,0,0,0,QB,0,Drafted,Normal,0,0,0,CHI,tier_6,,,,
Trey,Trey,Trey Trey,Trey,3701,3699,0,0,0,QB,0,Drafted,Normal,0,0,0,CHI,tier_6,,,,
Trey,Trey,Trey Trey,Trey,3702,3700,0,0,0,QB,0,Drafted,Normal,0,0,0,CHI,tier_6,,,,
Trey,Trey,Trey Trey,Trey,3703,3701,0,0,0,QB,0,Drafted,Normal,0,0,0,CHI,tier_6,,,,
Trey,Trey,Trey Trey,Trey,3704,3702,0,0,0,QB,0,Drafted,Normal,0,0,0,CHI,tier_6,,,,
Trey,Trey,Trey Trey,Trey,3705,3703,0,0,0,QB,0,Drafted,Normal,0,0,0,CHI,tier_6,,,,
Trey,Trey,Trey Trey,Trey,3706,3704,0,0,0,QB,0,Drafted,Normal,0,0,0,CHI,tier_6,,,,
Trey,Trey,Trey Trey,Trey,3707,3705,0,0,0,QB,0,Drafted,Normal,0,0,0,CHI,tier_6,,,,
Trey,Trey,Trey Trey,Trey,3708,3706,0,0,0,QB,0,Drafted,Normal,0,0,0,CHI,tier_6,,,,
Trey,Trey,Trey Trey,Trey,3709,3707,0,0,0,QB,0,Drafted,Normal,0,0,0,CHI,tier_6,,,,
Trey,Trey,Trey Trey,Trey,3710,3708,0,0,0,QB,0,Drafted,Normal,0,0,0,CHI,tier_6,,,,
Trey,Trey,Trey Trey,Trey,3711,3709,0,0,0,QB,0,Drafted,Normal,0,0,0,CHI,tier_6,,,,
Trey,Trey,Trey Trey,Trey,3712,3710,0,0,0,QB,0,Drafted,Normal,0,0,0,CHI,tier_6,,,,
Trey,Trey,Trey Trey,Trey,3713,3711,0,0,0,QB,0,Drafted,Normal,0,0,0,CHI,tier_6,,,,
Trey,Trey,Trey Trey,Trey,3714,3712,0,0,0,QB,0,Drafted,Normal,0,0,0,CHI,tier_6,,,,
Trey,Trey,Trey Trey,Trey,3715,3713,0,0,0,QB,0,Drafted,Normal,0,0,0,CHI,tier_6,,,,
Trey,Trey,Trey Trey,Trey,3716,3714,0,0,0,QB,0,Drafted,Normal,0,0,0,CHI,tier_6,,,,
Trey,Trey,Trey Trey,Trey,3717,3715,0,0,0,QB,0,Drafted,Normal,0,0,0,CHI,tier_6,,,,
Trey,Trey,Trey Trey,Trey,3718,3716,0,0,0,QB,0,Drafted,Normal,0,0,0,CHI,tier_6,,,,
Trey,Trey,Trey Trey,Trey,3719,3717,0,0,0,QB,0,Drafted,Normal,0,0,0,CHI,tier_6,,,,
Trey,Trey,Trey Trey,Trey,3720,3718,0,0,0,QB,0,Drafted,Normal,0,0,0,CHI,tier_6,,,,
Trey,Trey,Trey Trey,Trey,3721,3719,0,0,0,QB,0,Drafted,Normal,0,0,0,CHI,tier_6,,,,
Trey,Trey,Trey Trey,Trey,3722,3720,0,0,0,QB,0,Drafted,Normal,0,0,0,CHI,tier_6,,,,
Trey,Trey,Trey Trey,Trey,3723,3721,0,0,0,QB,0,Drafted,Normal,0,0,0,CHI,tier_6,,,,
Trey,Trey,Trey Trey,Trey,3724,3722,0,0,0,QB,0,Drafted,Normal,0,0,0,CHI,tier_6,,,,
Trey,Trey,Trey Trey,Trey,3725,3723,0,0,0,QB,0,Drafted,Normal,0,0,0,CHI,tier_6,,,,
Trey,Trey,Trey Trey,Trey,3726,3724,0,0,0,QB,0,Drafted,Normal,0,0,0,CHI,tier_6,,,,
Trey,Trey,Trey Trey,Trey,3727,3725,0,0,0,QB,0,Drafted,Normal,0,0,0,CHI,tier_6,,,,
Trey,Trey,Trey Trey,Trey,3728,3726,0,0,0,QB,0,Drafted,Normal,0,0,0,CHI,tier_6,,,,
Trey,Trey,Trey Trey,Trey,3729,3727,0,0,0,QB,0,Drafted,Normal,0,0,0,CHI,tier_6,,,,
Trey,Trey,Trey Trey,Trey,3730,3728,0,0,0,QB,0,Drafted,Normal,0,0,0,CHI,tier_6,,,,
Trey,Trey,Trey Trey,Trey,3731,3729,0,0,0,QB,0,Drafted,Normal,0,0,0,CHI,tier_6,,,,
Trey,Trey,Trey Trey,Trey,3732,3730,0,0,0,QB,0,Drafted,Normal,0,0,0,CHI,tier_6,,,,
Trey,Trey,Trey Trey,Trey,3733,3731,0,0,0,QB,0,Drafted,Normal,0,0,0,CHI,tier_6,,,,
Trey,Trey,Trey Trey,Trey,3734,3732,0,0,0,QB,0,Drafted,Normal,0,0,0,CHI,tier_6,,,,
Trey,Trey,Trey Trey,Trey,3735,3733,0,0,0,QB,0,Drafted,Normal,0,0,0,CHI,tier_6,,,,
Trey,Trey,Trey Trey,Trey,3736,3734,0,0,0,QB,0,Drafted,Normal,0,0,0,CHI,tier_6,,,,
Trey,Trey,Trey Trey,Trey,3737,3735,0,0,0,QB,0,Drafted,Normal,0,0,0,CHI,tier_6,,,,
Trey,Trey,Trey Trey,Trey,3738,3736,0,0,0,QB,0,Drafted,Normal,0,0,0,CHI,tier_6,,,,
Trey,Trey,Trey Trey,Trey,3739,3737,0,0,0,QB,0,Drafted,Normal,0,0,0,CHI,tier_6,,,,
Trey,Trey,Trey Trey,Trey,3740,3738,0,0,0,QB,0,Drafted,Normal,0,0,0,CHI,tier_6,,,,
Trey,Trey,Trey Trey,Trey,3741,3739,0,0,0,QB,0,Drafted,Normal,0,0,0,CHI,tier_6,,,,
Trey,Trey,Trey Trey,Trey,3742,3740,0,0,0,QB,0,Drafted,Normal,0,0,0,CHI,tier_6,,,,
Trey,Trey,Trey Trey,Trey,3743,3741,0,0,0,QB,0,Drafted,Normal,0,0,0,CHI,tier_6,,,,
Trey,Trey,Trey Trey,Trey,3744,3742,0,0,0,QB,0,Drafted,Normal,0,0,0,CHI,tier_6,,,,
Trey,Trey,Trey Trey,Trey,3745,3743,0,0,0,QB,0,Drafted,Normal,0,0,0,CHI,tier_6,,,,
Trey,Trey,Trey Trey,Trey,3746,3744,0,0,0,QB,0,Drafted,Normal,0,0,0,CHI,tier_6,,,,
Trey,Trey,Trey Trey,Trey,3747,3745,0,0,0,QB,0,Drafted,Normal,0,0,0,CHI,tier_6,,,,
Trey,Trey,Trey Trey,Trey,3748,3746,0,0,0,QB,0,Drafted,Normal,0,0,0,CHI,tier_6,,,,
Trey,Trey,Trey Trey,Trey,3749,3747,0,0,0,QB,0,Drafted,Normal,0,0,0,CHI,tier_6,,,,
Trey,Trey,Trey Trey,Trey,3750,3748,0,0,0,QB,0,Drafted,Normal,0,0,0,CHI,tier_6,,,,
Trey,Trey,Trey Trey,Trey,3751,3749,0,0,0,QB,0,Drafted,Normal,0,0,0,CHI,tier_6,,,,
Trey,Trey,Trey Trey,Trey,3752,3750,0,0,0,QB,0,Drafted,Normal,0,0,0,CHI,tier_6,,,,
Trey,Trey,Trey Trey,Trey,3753,3751,0,0,0,QB,0,Drafted,Normal,0,0,0,CHI,tier_6,,,,
Trey,Trey,Trey Trey,Trey,3754,3752,0,0,0,QB,0,Drafted,Normal,0,0,0,CHI,tier_6,,,,
Trey,Trey,Trey Trey,Trey,3755,3753,0,0,0,QB,0,Drafted,Normal,0,0,0,CHI,tier_6,,,,
Trey,Trey,Trey Trey,Trey,3756,3754,0,0,0,QB,0,Drafted,Normal,0,0,0,CHI,tier_6,,,,
Trey,Trey,Trey Trey,Trey,3757,3755,0,0,0,QB,0,Drafted,Normal,0,0,0,CHI,tier_6,,,,
Trey,Trey,Trey Trey,Trey,3758,3756,0,0,0,QB,0,Drafted,Normal,0,0,0,CHI,tier_6,,,,
Trey,Trey,Trey Trey,Trey,3759,3757,0,0,0,QB,0,Drafted,Normal,0,0,0,CHI,tier_6,,,,
Trey,Trey,Trey Trey,Trey,3760,3758,0,0,0,QB,0,Drafted,Normal,0,0,0,CHI,tier_6,,,,
Trey,Trey,Trey Trey,Trey,3761,3759,0,0,0,QB,0,Drafted,Normal,0,0,0,CHI,tier_6,,,,
Trey,Trey,Trey Trey,Trey,3762,3760,0,0,0,QB,0,Drafted,Normal,0,0,0,CHI,tier_6,,,,
Trey,Trey,Trey Trey,Trey,3763,3761,0,0,0,QB,0,Drafted,Normal,0,0,0,CHI,tier_6,,,,
Trey,Trey,Trey Trey,Trey,3764,3762,0,0,0,QB,0,Drafted,Normal,0,0,0,CHI,tier_6,,,,
Trey,Trey,Trey Trey,Trey,3765,3763,0,0,0,QB,0,Drafted,Normal,0,0,0,CHI,tier_6,,,,
Trey,Trey,Trey Trey,Trey,3766,3764,0,0,0,QB,0,Drafted,Normal,0,0,0,CHI,tier_6,,,,
Trey,Trey,Trey Trey,Trey,3767,3765,0,0,0,QB,0,Drafted,Normal,0,0,0,CHI,tier_6,,,,
Trey,Trey,Trey Trey,Trey,3768,3766,0,0,0,QB,0,Drafted,Normal,0,0,0,CHI,tier_6,,,,
Trey,Trey,Trey Trey,Trey,3769,3767,0,0,0,QB,0,Drafted,Normal,0,0,0,CHI,tier_6,,,,
Trey,Trey,Trey Trey,Trey,3770,3768,0,0,0,QB,0,Drafted,Normal,0,0,0,CHI,tier_6,,,,
Trey,Trey,Trey Trey,Trey,3771,3769,0,0,0,QB,0,Drafted,Normal,0,0,0,CHI,tier_6,,,,
Trey,Trey,Trey Trey,Trey,3772,3770,0,0,0,QB,0,Drafted,Normal,0,0,0,CHI,tier_6,,,,
Trey,Trey,Trey Trey,Trey,3773,3771,0,0,0,QB,0,Drafted,Normal,0,0,0,CHI,tier_6,,,,
Trey,Trey,Trey Trey,Trey,3774,3772,0,0,0,QB,0,Drafted,Normal,0,0,0,CHI,tier_6,,,,
Trey,Trey,Trey Trey,Trey,3775,3773,0,0,0,QB,0,Drafted,Normal,0,0,0,CHI,tier_6,,,,
Trey,Trey,Trey Trey,Trey,3776,3774,0,0,0,QB,0,Drafted,Normal,0,0,0,CHI,tier_6,,,,
Trey,Trey,Trey Trey,Trey,3777,3775,0,0,0,QB,0,Drafted,Normal,0,0,0,CHI,tier_6,,,,
Trey,Trey,Trey Trey,Trey,3778,3776,0,0,0,QB,0,Drafted,Normal,0,0,0,CHI,tier_6,,,,
Trey,Trey,Trey Trey,Trey,3779,3777,0,0,0,QB,0,Drafted,Normal,0,0,0,CHI,tier_6,,,,
Trey,Trey,Trey Trey,Trey,3780,3778,0,0,0,QB,0,Drafted,Normal,0,0,0,CHI,tier_6,,,,
Trey,Trey,Trey Trey,Trey,3781,3779,0,0,0,QB,0,Drafted,Normal,0,0,0,CHI,tier_6,,,,
Trey,Trey,Trey Trey,Trey,3782,3780,0,0,0,QB,0,Drafted,Normal,0,0,0,CHI,tier_6,,,,
Trey,Trey,Trey Trey,Trey,3783,3781,0,0,0,QB,0,Drafted,Normal,0,0,0,CHI,tier_6,,,,
Trey,Trey,Trey Trey,Trey,3784,3782,0,0,0,QB,0,Drafted,Normal,0,0,0,CHI,tier_6,,,,
Trey,Trey,Trey Trey,Trey,3785,3783,0,0,0,QB,0,Drafted,Normal,0,0,0,CHI,tier_6,,,,
Trey,Trey,Trey Trey,Trey,3786,3784,0,0,0,QB,0,Drafted,Normal,0,0,0,CHI,tier_6,,,,
Trey,Trey,Trey Trey,Trey,3787,3785,0,0,0,QB,0,Drafted,Normal,0,0,0,CHI,tier_6,,,,
Trey,Trey,Trey Trey,Trey,3788,3786,0,0,0,QB,0,Drafted,Normal,0,0,0,CHI,tier_6,,,,
Trey,Trey,Trey Trey,Trey,3789,3787,0,0,0,QB,0,Drafted,Normal,0,0,0,CHI,tier_6,,,,
Trey,Trey,Trey Trey,Trey,3790,3788,0,0,0,QB,0,Drafted,Normal,0,0,0,CHI,tier_6,,,,
Trey,Trey,Trey Trey,Trey,3791,3789,0,0,0,QB,0,Drafted,Normal,0,0,0,CHI,tier_6,,,,
Trey,Trey,Trey Trey,Trey,3792,3790,0,0,0,QB,0,Drafted,Normal,0,0,0,CHI,tier_6,,,,
Trey,Trey,Trey Trey,Trey,3793,3791,0,0,0,QB,0,Drafted,Normal,0,0,0,CHI,tier_6,,,,
Trey,Trey,Trey Trey,Trey,3794,3792,0,0,0,QB,0,Drafted,Normal,0,0,0,CHI,tier_6,,,,
Trey,Trey,Trey Trey,Trey,3795,3793,0,0,0,QB,0,Drafted,Normal,0,0,0,CHI,tier_6,,,,
Trey,Trey,Trey Trey,Trey,3796,3794,0,0,0,QB,0,Drafted,Normal,0,0,0,CHI,tier_6,,,,
Trey,Trey,Trey Trey,Trey,3797,3795,0,0,0,QB,0,Drafted,Normal,0,0,0,CHI,tier_6,,,,
Trey,Trey,Trey Trey,Trey,3798,3796,0,0,0,QB,0,Drafted,Normal,0,0,0,CHI,tier_6,,,,
Trey,Trey,Trey Trey,Trey,3799,3797,0,0,0,QB,0,Drafted,Normal,0,0,0,CHI,tier_6,,,,
Trey,Trey,Trey Trey,Trey,3800,3798,0,0,0,QB,0,Drafted,Normal,0,0,0,CHI,tier_6,,,,
Trey,Trey,Trey Trey,Trey,3801,3799,0,0,0,QB,0,Drafted,Normal,0,0,0,CHI,tier_6,,,,
Trey,Trey,Trey Trey,Trey,3802,3800,0,0,0,QB,0,Drafted,Normal,0,0,0,CHI,tier_6,,,,
Trey,Trey,Trey Trey,Trey,3803,3801,0,0,0,QB,0,Drafted,Normal,0,0,0,CHI,tier_6,,,,
Trey,Trey,Trey Trey,Trey,3804,3802,0,0,0,QB,0,Drafted,Normal,0,0,0,CHI,tier_6,,,,
Trey,Trey,Trey Trey,Trey,3805,3803,0,0,0,QB,0,Drafted,Normal,0,0,0,CHI,tier_6,,,,
Trey,Trey,Trey Trey,Trey,3806,3804,0,0,0,QB,0,Drafted,Normal,0,0,0,CHI,tier_6,,,,
Trey,Trey,Trey Trey,Trey,3807,3805,0,0,0,QB,0,Drafted,Normal,0,0,0,CHI,tier_6,,,,
Trey,Trey,Trey Trey,Trey,3808,3806,0,0,0,QB,0,Drafted,Normal,0,0,0,CHI,tier_6,,,,
Trey,Trey,Trey Trey,Trey,3809,3807,0,0,0,QB,0,Drafted,Normal,0,0,0,CHI,tier_6,,,,
Trey,Trey,Trey Trey,Trey,3810,3808,0,0,0,QB,0,Drafted,Normal,0,0,0,CHI,tier_6,,,,
Trey,Trey,Trey Trey,Trey,3811,3809,0,0,0,QB,0,Drafted,Normal,0,0,0,CHI,tier_6,,,,
Trey,Trey,Trey Trey,Trey,3812,3810,0,0,0,QB,0,Drafted,Normal,0,0,0,CHI,tier_6,,,,
Trey,Trey,Trey Trey,Trey,3813,3811,0,0,0,QB,0,Drafted,Normal,0,0,0,CHI,tier_6,,,,
Trey,Trey,Trey Trey,Trey,3814,3812,0,0,0,QB,0,Drafted,Normal,0,0,0,CHI,tier_6,,,,
Trey,Trey,Trey Trey,Trey,3815,3813,0,0,0,QB,0,Drafted,Normal,0,0,0,CHI,tier_6,,,,
Trey,Trey,Trey Trey,Trey,3816,3814,0,0,0,QB,0,Drafted,Normal,0,0,0,CHI,tier_6,,,,
Trey,Trey,Trey Trey,Trey,3817,3815,0,0,0,QB,0,Drafted,Normal,0,0,0,CHI,tier_6,,,,
Trey,Trey,Trey Trey,Trey,3818,3816,0,0,0,QB,0,Drafted,Normal,0,0,0,CHI,tier_6,,,,
Trey,Trey,Trey Trey,Trey,3819,3817,0,0,0,QB,0,Drafted,Normal,0,0,0,CHI,tier_6,,,,
Trey,Trey,Trey Trey,Trey,3820,3818,0,0,0,QB,0,Drafted,Normal,0,0,0,CHI,tier_6,,,,
Trey,Trey,Trey Trey,Trey,3821,3819,0,0,0,QB,0,Drafted,Normal,0,0,0,CHI,tier_6,,,,
Trey,Trey,Trey Trey,Trey,3822,3820,0,0,0,QB,0,Drafted,Normal,0,0,0,CHI,tier_6,,,,
Trey,Trey,Trey Trey,Trey,3823,3821,0,0,0,QB,0,Drafted,Normal,0,0,0,CHI,tier_6,,,,
Trey,Trey,Trey Trey,Trey,3824,3822,0,0,0,QB,0,Drafted,Normal,0,0,0,CHI,tier_6,,,,
Trey,Trey,Trey Trey,Trey,3825,3823,0,0,0,QB,0,Drafted,Normal,0,0,0,CHI,tier_6,,,,
Trey,Trey,Trey Trey,Trey,3826,3824,0,0,0,QB,0,Drafted,Normal,0,0,0,CHI,tier_6,,,,
Trey,Trey,Trey Trey,Trey,3827,3825,0,0,0,QB,0,Drafted,Normal,0,0,0,CHI,tier_6,,,,
Trey,Trey,Trey Trey,Trey,3828,3826,0,0,0,QB,0,Drafted,Normal,0,0,0,CHI,tier_6,,,,
Trey,Trey,Trey Trey,Trey,3829,3827,0,0,0,QB,0,Drafted,Normal,0,0,0,CHI,tier_6,,,,
Trey,Trey,Trey Trey,Trey,3830,3828,0,0,0,QB,0,Drafted,Normal,0,0,0,CHI,tier_6,,,,
Trey,Trey,Trey Trey,Trey,3831,3829,0,0,0,QB,0,Drafted,Normal,0,0,0,CHI,tier_6,,,,
Trey,Trey,Trey Trey,Trey,3832,3830,0,0,0,QB,0,Drafted,Normal,0,0,0,CHI,tier_6,,,,
Trey,Trey,Trey Trey,Trey,3833,3831,0,0,0,QB,0,Drafted,Normal,0,0,0,CHI,tier_6,,,,
Trey,Trey,Trey Trey,Trey,3834,3832,0,0,0,QB,0,Drafted,Normal,0,0,0,CHI,tier_6,,,,
Trey,Trey,Trey Trey,Trey,3835,3833,0,0,0,QB,0,Drafted,Normal,0,0,0,CHI,tier_6,,,,
Trey,Trey,Trey Trey,Trey,3836,3834,0,0,0,QB,0,Drafted,Normal,0,0,0,CHI,tier_6,,,,
Trey,Trey,Trey Trey,Trey,3837,3835,0,0,0,QB,0,Drafted,Normal,0,0,0,CHI,tier_6,,,,
Trey,Trey,Trey Trey,Trey,3838,3836,0,0,0,QB,0,Drafted,Normal,0,0,0,CHI,tier_6,,,,
Trey,Trey,Trey Trey,Trey,3839,3837,0,0,0,QB,0,Drafted,Normal,0,0,0,CHI,tier_6,,,,
Trey,Trey,Trey Trey,Trey,3840,3838,0,0,0,QB,0,Drafted,Normal,0,0,0,CHI,tier_6,,,,
Trey,Trey,Trey Trey,Trey,3841,3839,0,0,0,QB,0,Drafted,Normal,0,0,0,CHI,tier_6,,,,
Trey,Trey,Trey Trey,Trey,3842,3840,0,0,0,QB,0,Drafted,Normal,0,0,0,CHI,tier_6,,,,
Trey,Trey,Trey Trey,Trey,3843,3841,0,0,0,QB,0,Drafted,Normal,0,0,0,CHI,tier_6,,,,
Trey,Trey,Trey Trey,Trey,3844,3842,0,0,0,QB,0,Drafted,Normal,0,0,0,CHI,tier_6,,,,
Trey,Trey,Trey Trey,Trey,3845,3843,0,0,0,QB,0,Drafted,Normal,0,0,0,CHI,tier_6,,,,
Trey,Trey,Trey Trey,Trey,3846,3844,0,0,0,QB,0,Drafted,Normal,0,0,0,CHI,tier_6,,,,
Trey,Trey,Trey Trey,Trey,3847,3845,0,0,0,QB,0,Drafted,Normal,0,0,0,CHI,tier_6,,,,
Trey,Trey,Trey Trey,Trey,3848,3846,0,0,0,QB,0,Drafted,Normal,0,0,0,CHI,tier_6,,,,
Trey,Trey,Trey Trey,Trey,3849,3847,0,0,0,QB,0,Drafted,Normal,0,0,0,CHI,tier_6,,,,
Trey,Trey,Trey Trey,Trey,3850,3848,0,0,0,QB,0,Drafted,Normal,0,0,0,CHI,tier_6,,,,
Trey,Trey,Trey Trey,Trey,3851,3849,0,0,0,QB,0,Drafted,Normal,0,0,0,CHI,tier_6,,,,
Trey,Trey,Trey Trey,Trey,3852,3850,0,0,0,QB,0,Drafted,Normal,0,0,0,CHI,tier_6,,,,
Trey,Trey,Trey Trey,Trey,3853,3851,0,0,0,QB,0,Drafted,Normal,0,0,0,CHI,tier_6,,,,
Trey,Trey,Trey Trey,Trey,3854,3852,0,0,0,QB,0,Drafted,Normal,0,0,0,CHI,tier_6,,,,
Trey,Trey,Trey Trey,Trey,3855,3853,0,0,0,QB,0,Drafted,Normal,0,0,0,CHI,tier_6,,,,
Trey,Trey,Trey Trey,Trey,3856,3854,0,0,0,QB,0,Drafted,Normal,0,0,0,CHI,tier_6,,,,
Trey,Trey,Trey Trey,Trey,3857,3855,0,0,0,QB,0,Drafted,Normal,0,0,0,CHI,tier_6,,,,
Trey,Trey,Trey Trey,Trey,3858,3856,0,0,0,QB,0,Drafted,Normal,0,0,0,CHI,tier_6,,,,
Trey,Trey,Trey Trey,Trey,3859,3857,0,0,0,QB,0,Drafted,Normal,0,0,0,CHI,tier_6,,,,
Trey,Trey,Trey Trey,Trey,3860,3858,0,0,0,QB,0,Drafted,Normal,0,0,0,CHI,tier_6,,,,
Trey,Trey,Trey Trey,Trey,3861,3859,0,0,0,QB,0,Drafted,Normal,0,0,0,CHI,tier_6,,,,
Trey,Trey,Trey Trey,Trey,3862,3860,0,0,0,QB,0,Drafted,Normal,0,0,0,CHI,tier_6,,,,
Trey,Trey,Trey Trey,Trey,3863,3861,0,0,0,QB,0,Drafted,Normal,0,0,0,CHI,tier_6,,,,
Trey,Trey,Trey Trey,Trey,3864,3862,0,0,0,QB,0,Drafted,Normal,0,0,0,CHI,tier_6,,,,
Trey,Trey,Trey Trey,Trey,3865,3863,0,0,0,QB,0,Drafted,Normal,0,0,0,CHI,tier_6,,,,
Trey,Trey,Trey Trey,Trey,3866,3864,0,0,0,QB,0,Drafted,Normal,0,0,0,CHI,tier_6,,,,
Trey,Trey,Trey Trey,Trey,3867,3865,0,0,0,QB,0,Drafted,Normal,0,0,0,CHI,tier_6,,,,
Trey,Trey,Trey Trey,Trey,3868,3866,0,0,0,QB,0,Drafted,Normal,0,0,0,CHI,tier_6,,,,
Trey,Trey,Trey Trey,Trey,3869,3867,0,0,0,QB,0,Drafted,Normal,0,0,0,CHI,tier_6,,,,
Trey,Trey,Trey Trey,Trey,3870,3868,0,0,0,QB,0,Drafted,Normal,0,0,0,CHI,tier_6,,,,
Trey,Trey,Trey Trey,Trey,3871,3869,0,0,0,QB,0,Drafted,Normal,0,0,0,CHI,tier_6,,,,
Trey,Trey,Trey Trey,Trey,3872,3870,0,0,0,QB,0,Drafted,Normal,0,0,0,CHI,tier_6,,,,
Trey,Trey,Trey Trey,Trey,3873,3871,0,0,0,QB,0,Drafted,Normal,0,0,0,CHI,tier_6,,,,
Trey,Trey,Trey Trey,Trey,3874,3872,0,0,0,QB,0,Drafted,Normal,0,0,0,CHI,tier_6,,,,
Trey,Trey,Trey Trey,Trey,3875,3873,0,0,0,QB,0,Drafted,Normal,0,0,0,CHI,tier_6,,,,
Trey,Trey,Trey Trey,Trey,3876,3874,0,0,0,QB,0,Drafted,Normal,0,0,0,CHI,tier_6,,,,
Trey,Trey,Trey Trey,Trey,3877,3875,0,0,0,QB,0,Drafted,Normal,0,0,0,CHI,tier_6,,,,
Trey,Trey,Trey Trey,Trey,3878,3876,0,0,0,QB,0,Drafted,Normal,0,0,0,CHI,tier_6,,,,
Trey,Trey,Trey Trey,Trey,3879,3877,0,0,0,QB,0,Drafted,Normal,0,0,0,CHI,tier_6,,,,
Trey,Trey,Trey Trey,Trey,3880,3878,0,0,0,QB,0,Drafted,Normal,0,0,0,CHI,tier_6,,,,
Trey,Trey,Trey Trey,Trey,3881,3879,0,0,0,QB,0,Drafted,Normal,0,0,0,CHI,tier_6,,,,
Trey,Trey,Trey Trey,Trey,3882,3880,0,0,0,QB,0,Drafted,Normal,0,0,0,CHI,tier_6,,,,
Trey,Trey,Trey Trey,Trey,3883,3881,0,0,0,QB,0,Drafted,Normal,0,0,0,CHI,tier_6,,,,
Trey,Trey,Trey Trey,Trey,3884,3882,0,0,0,QB,0,Drafted,Normal,0,0,0,CHI,tier_6,,,,
Trey,Trey,Trey Trey,Trey,3885,3883,0,0,0,QB,0,Drafted,Normal,0,0,0,CHI,tier_6,,,,
Trey,Trey,Trey Trey,Trey,3886,3884,0,0,0,QB,0,Drafted,Normal,0,0,0,CHI,tier_6,,,,
Trey,Trey,Trey Trey,Trey,3887,3885,0,0,0,QB,0,Drafted,Normal,0,0,0,CHI,tier_6,,,,
Trey,Trey,Trey Trey,Trey,3888,3886,0,0,0,QB,0,Drafted,Normal,0,0,0,CHI,tier_6,,,,
Trey,Trey,Trey Trey,Trey,3889,3887,0,0,0,QB,0,Drafted,Normal,0,0,0,CHI,tier_6,,,,
Trey,Trey,Trey Trey,Trey,3890,3888,0,0,0,QB,0,Drafted,Normal,0,0,0,CHI,tier_6,,,,
Trey,Trey,Trey Trey,Trey,3891,3889,0,0,0,QB,0,Drafted,Normal,0,0,0,CHI,tier_6,,,,
Trey,Trey,Trey Trey,Trey,3892,3890,0,0,0,QB,0,Drafted,Normal,0,0,0,CHI,tier_6,,,,
Trey,Trey,Trey Trey,Trey,3893,3891,0,0,0,QB,0,Drafted,Normal,0,0,0,CHI,tier_6,,,,
Trey,Trey,Trey Trey,Trey,3894,3892,0,0,0,QB,0,Drafted,Normal,0,0,0,CHI,tier_6,,,,
Trey,Trey,Trey Trey,Trey,3895,3893,0,0,0,QB,0,Drafted,Normal,0,0,0,CHI,tier_6,,,,
Trey,Trey,Trey Trey,Trey,3896,3894,0,0,0,QB,0,Drafted,Normal,0,0,0,CHI,tier_6,,,,
Trey,Trey,Trey Trey,Trey,3897,3895,0,0,0,QB,0,Drafted,Normal,0,0,0,CHI,tier_6,,,,
Trey,Trey,Trey Trey,Trey,3898,3896,0,0,0,QB,0,Drafted,Normal,0,0,0,CHI,tier_6,,,,
Trey,Trey,Trey Trey,Trey,3899,3897,0,0,0,QB,0,Drafted,Normal,0,0,0,CHI,tier_6,,,,
Trey,Trey,Trey Trey,Trey,3900,3898,0,0,0,QB,0,Drafted,Normal,0,0,0,CHI,tier_6,,,,
Trey,Trey,Trey Trey,Trey,3901,3899,0,0,0,QB,0,Drafted,Normal,0,0,0,CHI,tier_6,,,,
Trey,Trey,Trey Trey,Trey,3902,3900,0,0,0,QB,0,Drafted,Normal,0,0,0,CHI,tier_6,,,,
Trey,Trey,Trey Trey,Trey,3903,3901,0,0,0,QB,0,Drafted,Normal,0,0,0,CHI,tier_6,,,,
Trey,Trey,Trey Trey,Trey,3904,3902,0,0,0,QB,0,Drafted,Normal,0,0,0,CHI,tier_6,,,,
Trey,Trey,Trey Trey,Trey,3905,3903,0,0,0,QB,0,Drafted,Normal,0,0,0,CHI,tier_6,,,,
Trey,Trey,Trey Trey,Trey,3906,3904,0,0,0,QB,0,Drafted,Normal,0,0,0,CHI,tier_6,,,,
Trey,Trey,Trey Trey,Trey,3907,3905,0,0,0,QB,0,Drafted,Normal,0,0,0,CHI,tier_6,,,,
Trey,Trey,Trey Trey,Trey,3908,3906,0,0,0,QB,0,Drafted,Normal,0,0,0,CHI,tier_6,,,,
Trey,Trey,Trey Trey,Trey,3909,3907,0,0,0,QB,0,Drafted,Normal,0,0,0,CHI,tier_6,,,,
Trey,Trey,Trey Trey,Trey,3910,3908,0,0,0,QB,0,Drafted,Normal,0,0,0,CHI,tier_6,,,,
Trey,Trey,Trey Trey,Trey,3911,3909,0,0,0,QB,0,Drafted,Normal,0,0,0,CHI,tier_6,,,,
Trey,Trey,Trey Trey,Trey,3912,3910,0,0,0,QB,0,Drafted,Normal,0,0,0,CHI,tier_6,,,,
Trey,Trey,Trey Trey,Trey,3913,3911,0,0,0,QB,0,Drafted,Normal,0,0,0,CHI,tier_6,,,,
Trey,Trey,Trey Trey,Trey,3914,3912,0,0,0,QB,0,Drafted,Normal,0,0,0,CHI,tier_6,,,,
Trey,Trey,Trey Trey,Trey,3915,3913,0,0,0,QB,0,Drafted,Normal,0,0,0,CHI,tier_6,,,,
Trey,Trey,Trey Trey,Trey,3916,3914,0,0,0,QB,0,Drafted,Normal,0,0,0,CHI,tier_6,,,,
Trey,Trey,Trey Trey,Trey,3917,3915,0,0,0,QB,0,Drafted,Normal,0,0,0,CHI,tier_6,,,,
Trey,Trey,Trey Trey,Trey,3918,3916,0,0,0,QB,0,Drafted,Normal,0,0,0,CHI,tier_6,,,,
Trey,Trey,Trey Trey,Trey,3919,3917,0,0,0,QB,0,Drafted,Normal,0,0,0,CHI,tier_6,,,,
Trey,Trey,Trey Trey,Trey,3920,3918,0,0,0,QB,0,Drafted,Normal,0,0,0,CHI,tier_6,,,,
Trey,Trey,Trey Trey,Trey,3921,3919,0,0,0,QB,0,Drafted,Normal,0,0,0,CHI,tier_6,,,,
Trey,Trey,Trey Trey,Trey,3922,3920,0,0,0,QB,0,Drafted,Normal,0,0,0,CHI,tier_6,,,,
Trey,Trey,Trey Trey,Trey,3923,3921,0,0,0,QB,0,Drafted,Normal,0,0,0,CHI,tier_6,,,,
Trey,Trey,Trey Trey,Trey,3924,3922,0,0,0,QB,0,Drafted,Normal,0,0,0,CHI,tier_6,,,,
Trey,Trey,Trey Trey,Trey,3925,3923,0,0,0,QB,0,Drafted,Normal,0,0,0,CHI,tier_6,,,,
Trey,Trey,Trey Trey,Trey,3926,3924,0,0,0,QB,0,Drafted,Normal,0,0,0,CHI,tier_6,,,,
Trey,Trey,Trey Trey,Trey,3927,3925,0,0,0,QB,0,Drafted,Normal,0,0,0,CHI,tier_6,,,,
Trey,Trey,Trey Trey,Trey,3928,3926,0,0,0,QB,0,Drafted,Normal,0,0,0,CHI,tier_6,,,,
Trey,Trey,Trey Trey,Trey,3929,3927,0,0,0,QB,0,Drafted,Normal,0,0,0,CHI,tier_6,,,,
Trey,Trey,Trey Trey,Trey,3930,3928,0,0,0,QB,0,Drafted,Normal,0,0,0,CHI,tier_6,,,,
Trey,Trey,Trey Trey,Trey,3931,3929,0,0,0,QB,0,Drafted,Normal,0,0,0,CHI,tier_6,,,,
Trey,Trey,Trey Trey,Trey,3932,3930,0,0,0,QB,0,Drafted,Normal,0,0,0,CHI,tier_6,,,,
Trey,Trey,Trey Trey,Trey,3933,3931,0,0,0,QB,0,Drafted,Normal,0,0,0,CHI,tier_6,,,,
Trey,Trey,Trey Trey,Trey,3934,3932,0,0,0,QB,0,Drafted,Normal,0,0,0,CHI,tier_6,,,,
Trey,Trey,Trey Trey,Trey,3935,3933,0,0,0,QB,0,Drafted,Normal,0,0,0,CHI,tier_6,,,,
Trey,Trey,Trey Trey,Trey,3936,3934,0,0,0,QB,0,Drafted,Normal,0,0,0,CHI,tier_6,,,,
Trey,Trey,Trey Trey,Trey,3937,3935,0,0,0,QB,0,Drafted,Normal,0,0,0,CHI,tier_6,,,,
Trey,Trey,Trey Trey,Trey,3938,3936,0,0,0,QB,0,Drafted,Normal,0,0,0,CHI,tier_6,,,,
Trey,Trey,Trey Trey,Trey,3939,3937,0,0,0,QB,0,Drafted,Normal,0,0,0,CHI,tier_6,,,,
Trey,Trey,Trey Trey,Trey,3940,3938,0,0,0,QB,0,Drafted,Normal,0,0,0,CHI,tier_6,,,,
Trey,Trey,Trey Trey,Trey,3941,3939,0,0,0,QB,0,Drafted,Normal,0,0,0,CHI,tier_6,,,,
Trey,Trey,Trey Trey,Trey,3942,3940,0,0,0,QB,0,Drafted,Normal,0,0,0,CHI,tier_6,,,,
Trey,Trey,Trey Trey,Trey,3943,3941,0,0,0,QB,0,Drafted,Normal,0,0,0,CHI,tier_6,,,,
Trey,Trey,Trey Trey,Trey,3944,3942,0,0,0,QB,0,Drafted,Normal,0,0,0,CHI,tier_6,,,,
Trey,Trey,Trey Trey,Trey,3945,3943,0,0,0,QB,0,Drafted,Normal,0,0,0,CHI,tier_6,,,,
Trey,Trey,Trey Trey,Trey,3946,3944,0,0,0,QB,0,Drafted,Normal,0,0,0,CHI,tier_6,,,,
Trey,Trey,Trey Trey,Trey,3947,3945,0,0,0,QB,0,Drafted,Normal,0,0,0,CHI,tier_6,,,,
Trey,Trey,Trey Trey,Trey,3948,3946,0,0,0,QB,0,Drafted,Normal,0,0,0,CHI,tier_6,,,,
Trey,Trey,Trey Trey,Trey,3949,3947,0,0,0,QB,0,Drafted,Normal,0,0,0,CHI,tier_6,,,,
Trey,Trey,Trey Trey,Trey,3950,3948,0,0,0,QB,0,Drafted,Normal,0,0,0,CHI,tier_6,,,,
Trey,Trey,Trey Trey,Trey,3951,3949,0,0,0,QB,0,Drafted,Normal,0,0,0,CHI,tier_6,,,,
Trey,Trey,Trey Trey,Trey,3952,3950,0,0,0,QB,0,Drafted,Normal,0,0,0,CHI,tier_6,,,,
Trey,Trey,Trey Trey,Trey,3953,3951,0,0,0,QB,0,Drafted,Normal,0,0,0,CHI,tier_6,,,,
Trey,Trey,Trey Trey,Trey,3954,3952,0,0,0,QB,0,Drafted,Normal,0,0,0,CHI,tier_6,,,,
Trey,Trey,Trey Trey,Trey,3955,3953,0,0,0,QB,0,Drafted,Normal,0,0,0,CHI,tier_6,,,,
Trey,Trey,Trey Trey,Trey,3956,3954,0,0,0,QB,0,Drafted,Normal,0,0,0,CHI,tier_6,,,,
Trey,Trey,Trey Trey,Trey,3957,3955,0,0,0,QB,0,Drafted,Normal,0,0,0,CHI,tier_6,,,,
Trey,Trey,Trey Trey,Trey,3958,3956,0,0,0,QB,0,Drafted,Normal,0,0,0,CHI,tier_6,,,,
Trey,Trey,Trey Trey,Trey,3959,3957,0,0,0,QB,0,Drafted,Normal,0,0,0,CHI,tier_6,,,,
Trey,Trey,Trey Trey,Trey,3960,3958,0,0,0,QB,0,Drafted,Normal,0,0,0,CHI,tier_6,,,,
Trey,Trey,Trey Trey,Trey,3961,3959,0,0,0,QB,0,Drafted,Normal,0,0,0,CHI,tier_6,,,,
